video_id,title,published_at,fetched_at,view_count,like_count,comment_count,duration,duration_seconds,has_shorts_hashtag,is_short,is_live_broadcast,live_broadcast_status,description,thumbnail_url,video_url
o2E93MyAh7o,FC'Legit'設立４周年㊗️ファンクラブ内に特別動画を公開しました！#ReoLegit,2026-02-28 10:29:26+00:00,2026-03-05T01:55:19.935545,11860,292,4,PT39S,39,False,True,False,none,,https://i.ytimg.com/vi/o2E93MyAh7o/default.jpg,https://www.youtube.com/watch?v=o2E93MyAh7o
1gRpXOuaJYE,さあうたえ　君がうたえ#Reol #れをる  #うつくしじごく#美辞学 #jpop,2026-02-25 12:00:03+00:00,2026-03-05T01:55:19.935576,27627,997,9,PT38S,38,False,True,False,none,,https://i.ytimg.com/vi/1gRpXOuaJYE/default.jpg,https://www.youtube.com/watch?v=1gRpXOuaJYE
QTkAj_kMvbY,ここはうつくしじごく#Reol #れをる  #うつくしじごく#美辞学 #jpop #オリジナル曲,2026-02-21 12:00:42+00:00,2026-03-05T01:55:19.935589,12622,605,7,PT38S,38,False,True,False,none,,https://i.ytimg.com/vi/QTkAj_kMvbY/default.jpg,https://www.youtube.com/watch?v=QTkAj_kMvbY
fiWUm-oJI5E,昨年11月に行われた横浜アリーナ公演より、「うつくしじごく」のライヴ映像をYouTubeにて公開！#Reol #うつくしごく #美辞学#オリジナル曲#jpop,2026-02-18 12:01:07+00:00,2026-03-05T01:55:19.935602,41169,938,6,PT59S,59,False,True,False,none,,https://i.ytimg.com/vi/fiWUm-oJI5E/default.jpg,https://www.youtube.com/watch?v=fiWUm-oJI5E
q_LSSqQt5nk,Reol - うつくしじごく[Live at 無題 in YOKOHAMA ARENA],2026-02-18 12:00:06+00:00,2026-03-05T01:55:19.935644,44214,2439,131,PT6M12S,372,False,False,False,none,"Reol Oneman Live無題 in YOKOHAMA ARENA 2025.11.9

Guitar：Yuya Komoguch
Bass : Ryosuke Nikamoto
Key：Yuki Kishida
Drums : Shunsuke Uehara

Choreography Suichu-megane∞

Dancers
Ayane Nakagawa,Shimpei Nemoto,Aeju Kim,Conoa,Chippi,HARUKA TANADA,KANTARO
Kota,KENVOSE,NeneChiki,Patrick Akira,TAKUYA

【Release Info】
Reol「美辞学」2026年1月21日(水)発売
特設サイト: https://reol.jp/feature/bijigaku#ancAlbum
予約リンク: https://Reol.lnk.to/Rhetorica_CD
【完全限定生産（CD+ GOODS）】￥11,000＋税※ファンクラブ会員限定盤
【初回限定盤A（CD+Blu-ray】￥7,000＋税
【初回限定盤B（CD+DVD】 ￥6,300＋税
【通常盤（CD）】￥3,300＋税

＜CD＞
一、うつくしじごく
Sound Produced by MONJOE

二、おとめの肖像
Sound Produced by Shin Sakiura

三、感情御中
Sound Produced by ツミキ

四、DEAD CENTER feat. LiSA
Sound Produced by Giga

五、ディア
Sound Produced by Giga

六、ULTRA C feat. nqrse
Sound Produced by TeddyLoid, Giga

七、SHINOBI
Sound Produced by 堀江晶太

八、二等星
Sound Produced by ぬゆり

九、-閑話- 
Sound Produced by KOTONOHOUSE

十、RE RESCUE
Sound Produced by KOTONOHOUSE

終、美辞目録
Sound Produced by 椎乃味醂

＜Blu-ray, DVD＞
Reol Oneman Live 2025 カルチュア・カリキュラム at Zepp DiverCity(TOKYO)

＜GOODS（初回限定盤のみ）＞
オリジナルステッカー3種

＜GOODS（完全限定生産盤のみ）＞
オリジナルジャージ　※L Size Only

＜全形態共通特典＞
アルバム「美辞学」全形態に封入されているシリアルコードを専用フォームに入力しお申込みいただくと、各会場抽選で選ばれたご当選者様を対象にしたサイン会にご招待します。
応募期間：2026年1月20日 0:00～2026年1月31日 23:59

＜店舗別予約特典＞
楽天ブックス: オリジナルアクリルキーホルダー
セブンネットショッピング: 手ぬぐい
Amazon.co.jp: メガジャケ
Reol応援店：オリジナルステッカー

※特典は数に限りがありますので、無くなり次第終了となります。あらかじめご了承ください。
※上記店舗以外での特典配布はございません。
※Reol応援店対象店舗は追ってご案内いたします。
※各オンラインショップに関して、カートが公開されるまでに時間がかかる場合がございます。
※Amazon.co.jp、その他一部オンラインショップでは”特典対象商品ページ”と ”特典非対象商品ページ”がございます。
ご予約の際にご希望される商品ページかをご確認いただいてからご予約いただきますよう、お願い申し上げます。

【Live Info】
「Reol Oneman Live 2026 “美辞学”」
Reol Oneman Live 2026 “美辞学”リンク : https://reol.jp/feature/bijigaku 
3/14 (sat)　栃木・HEAVEN'S ROCK UTSUNOMIYA VJ-2
3/20 (fri)　徳島・club GRINDHOUSE
3/22 (sun)　山口・周南RISING HALL
3/28 (sat)　神戸・Harbor Studio
4/4 (sat)　三重・松阪M'AXA
4/11 (sat)　青森・Quarter
4/18 (sat)　長崎・DRUM Be-7
4/19 (sun)　熊本B.9 V1
4/29 (wed)　沖縄・桜坂セントラル
5/9 (sat)　旭川・CASINO DRIVE
5/10 (sun)　札幌・PENNY LANE 24
5/16 (sat)　横浜・YOKOHAMA BayHall
5/23 (sat)　長野・NAGANO CLUB JUNK BOX
5/24 (sun)　新潟・新潟LOTS 
5/30 (sat)　京都・KYOTO FANJ
5/31 (sun)　岐阜・Club-G
6/12 (fri)　宮城・トークネットホール仙台
6/19 (fri)　大阪・オリックス劇場
6/27 (sat)　福岡・福岡国際会議場メインホール
7/4 (sat)　愛知・岡谷鋼機名古屋公会堂
7/10 (fri)　東京・LINE CUBE SHIBUYA

■About Reol
歌手・作曲家・作詞家・音楽プロデューサー、Reol。
2018 年よりソロでのリリースを開始し、2019 年にはYouTube のチャンネル登録者数が日本人
女性ソロアーティスト史上初の100 万人を突破。
YouTube FanFest Japan 2019 にてゴールド・クリエイター・アワードを受賞。
2020 年、YouTube グローバルキャンペーン“Artist on the Rise” に日本人女性アーティストとして
初選出され、ボートレースCM ソング「第六感」がストリーミング再生1 億回を突破する大ヒット
を記録。
現在、YouTube 登録者数は176万人を突破。総再生回数は12億回を超え、国内外から人気を集めている。

■Official Site
http://reol.jp

■X
Reol：https://twitter.com/rrreol
Reol Official：https://twitter.com/rrreol_official

■Instagram
Reol：https://www.instagram.com/rrreol999/
Reol Official： https://www.instagram.com/rrreol_official/

■TikTok
https://www.tiktok.com/@rrreol999

#Reol #うつくしじごく#美辞学",https://i.ytimg.com/vi/q_LSSqQt5nk/default.jpg,https://www.youtube.com/watch?v=q_LSSqQt5nk
hjhcdA0KO9o,Reol - 'うつくしじごく' Music Video,2026-02-16 12:00:06+00:00,2026-03-05T01:55:19.935681,147008,8275,261,PT3M56S,236,False,False,False,none,"■Reol - New Album'美辞学' OUT NOW 
Listen Here
https://stlink.to/Bijigaku_

今うたえ　僕をうたえ
ここで果ててもかまわない
君はうつくしじごく

もういっそ　すべてを差し出して
骨も残さず食らってくれ
罪をそっとほどいて　感傷ごと抱いて
ちょいともらってやってはくれないか

騒ぎ立てる喧騒みな無礼講　勝手な幻想への抵抗
誰も違いに惑って　凡な普通を願って
僕らの天命よ流転して　葛藤まっとうしろ運命
散るらん　咲くらん　真実をご覧
ここは地獄か極楽か？

今うたえ　僕をうたえ
ここで果ててもかまわない
命、結んで開いて　永遠なんてないよ所詮
ここはうつくしじごく

さあうたえ　君がうたえ
その目つきで刺しておくれ
命、結んで開いて　永遠みたいな夢をみせて
君のうつくしじごく


破れかぶれここまで　修羅を潜りお呼ばれ
とこしえ　その死線　の先にゃまた死線
どんな結末に出食わすのか思いを巡らす
この河渡るべからず　手放せ己の不要な体たらく
You got it.

自問自答いつも　不一致が招く戦争
こんな世界を許してやっちゃくれないか
(We're heading to the grave
I am my own slave, la la la la)
ここは地獄か極楽か


今うたえ　僕をうたえ
命、結んで開いて　永遠なんてない
さあ　今を　断ち切って

今うたえ　僕をうたえ
まだ死ねぬのは君のせい
命、結んで開いて　永遠なんてないよ所詮
ここはうつくしじごく　じごくだとしても

さあうたえ　君がうたえ
どうか美々しく咲いておくれ
命、結んで開いて　永遠みたいな夢をみせていて
君よ　うつくしじごくで！

【Release Info】
Reol「美辞学」2026年1月21日(水)発売
特設サイト: https://reol.jp/feature/bijigaku#ancAlbum
予約リンク: https://Reol.lnk.to/Rhetorica_CD
【完全限定生産（CD+ GOODS）】￥11,000＋税※ファンクラブ会員限定盤
【初回限定盤A（CD+Blu-ray】￥7,000＋税
【初回限定盤B（CD+DVD】 ￥6,300＋税
【通常盤（CD）】￥3,300＋税

＜CD＞
一、うつくしじごく
Sound Produced by MONJOE

二、おとめの肖像
Sound Produced by Shin Sakiura

三、感情御中
Sound Produced by ツミキ

四、DEAD CENTER feat. LiSA
Sound Produced by Giga

五、ディア
Sound Produced by Giga

六、ULTRA C feat. nqrse
Sound Produced by TeddyLoid, Giga

七、SHINOBI
Sound Produced by 堀江晶太

八、二等星
Sound Produced by ぬゆり

九、-閑話- 
Sound Produced by KOTONOHOUSE

十、RE RESCUE
Sound Produced by KOTONOHOUSE

終、美辞目録
Sound Produced by 椎乃味醂

＜Blu-ray, DVD＞
Reol Oneman Live 2025 カルチュア・カリキュラム at Zepp DiverCity(TOKYO)

＜GOODS（初回限定盤のみ）＞
オリジナルステッカー3種

＜GOODS（完全限定生産盤のみ）＞
オリジナルジャージ　※L Size Only

＜全形態共通特典＞
アルバム「美辞学」全形態に封入されているシリアルコードを専用フォームに入力しお申込みいただくと、各会場抽選で選ばれたご当選者様を対象にしたサイン会にご招待します。
応募期間：2026年1月20日 0:00～2026年1月31日 23:59

＜店舗別予約特典＞
楽天ブックス: オリジナルアクリルキーホルダー
セブンネットショッピング: 手ぬぐい
Amazon.co.jp: メガジャケ
Reol応援店：オリジナルステッカー

※特典は数に限りがありますので、無くなり次第終了となります。あらかじめご了承ください。
※上記店舗以外での特典配布はございません。
※Reol応援店対象店舗は追ってご案内いたします。
※各オンラインショップに関して、カートが公開されるまでに時間がかかる場合がございます。
※Amazon.co.jp、その他一部オンラインショップでは”特典対象商品ページ”と ”特典非対象商品ページ”がございます。
ご予約の際にご希望される商品ページかをご確認いただいてからご予約いただきますよう、お願い申し上げます。

【Live Info】
「Reol Oneman Live 2026 “美辞学”」
Reol Oneman Live 2026 “美辞学”リンク : https://reol.jp/feature/bijigaku 
3/14 (sat)　栃木・HEAVEN'S ROCK UTSUNOMIYA VJ-2
3/20 (fri)　徳島・club GRINDHOUSE
3/22 (sun)　山口・周南RISING HALL
3/28 (sat)　神戸・Harbor Studio
4/4 (sat)　三重・松阪M'AXA
4/11 (sat)　青森・Quarter
4/18 (sat)　長崎・DRUM Be-7
4/19 (sun)　熊本B.9 V1
4/29 (wed)　沖縄・桜坂セントラル
5/9 (sat)　旭川・CASINO DRIVE
5/10 (sun)　札幌・PENNY LANE 24
5/16 (sat)　横浜・YOKOHAMA BayHall
5/23 (sat)　長野・NAGANO CLUB JUNK BOX
5/24 (sun)　新潟・新潟LOTS 
5/30 (sat)　京都・KYOTO FANJ
5/31 (sun)　岐阜・Club-G
6/12 (fri)　宮城・トークネットホール仙台
6/19 (fri)　大阪・オリックス劇場
6/27 (sat)　福岡・福岡国際会議場メインホール
7/4 (sat)　愛知・岡谷鋼機名古屋公会堂
7/10 (fri)　東京・LINE CUBE SHIBUYA

■About Reol
歌手・作曲家・作詞家・音楽プロデューサー、Reol。
2018 年よりソロでのリリースを開始し、2019 年にはYouTube のチャンネル登録者数が日本人
女性ソロアーティスト史上初の100 万人を突破。
YouTube FanFest Japan 2019 にてゴールド・クリエイター・アワードを受賞。
2020 年、YouTube グローバルキャンペーン“Artist on the Rise” に日本人女性アーティストとして
初選出され、ボートレースCM ソング「第六感」がストリーミング再生1 億回を突破する大ヒット
を記録。
現在、YouTube 登録者数は176万人を突破。総再生回数は12億回を超え、国内外から人気を集めている。

■Official Site
http://reol.jp

■X
Reol：https://twitter.com/rrreol
Reol Official：https://twitter.com/rrreol_official

■Instagram
Reol：https://www.instagram.com/rrreol999/
Reol Official： https://www.instagram.com/rrreol_official/

■TikTok
https://www.tiktok.com/@rrreol999

#Reol #うつくしじごく #美辞学",https://i.ytimg.com/vi/hjhcdA0KO9o/default.jpg,https://www.youtube.com/watch?v=hjhcdA0KO9o
9iDUbHUFjCY,『Reol Oneman Live 2026 美辞学』チケット一般発売スタート🎫,2026-02-14 01:00:19+00:00,2026-03-05T01:55:19.935694,15923,964,4,PT33S,33,False,True,False,none,,https://i.ytimg.com/vi/9iDUbHUFjCY/default.jpg,https://www.youtube.com/watch?v=9iDUbHUFjCY
mLQdCJqsq9o,好きにやったれ #Reol #れをる #LiSA #DEADCENTER #美辞学 #jpop #オリジナル曲,2026-02-02 09:07:24+00:00,2026-03-05T01:55:19.935710,27498,961,7,PT21S,21,False,True,False,none,,https://i.ytimg.com/vi/mLQdCJqsq9o/default.jpg,https://www.youtube.com/watch?v=mLQdCJqsq9o
fWm8km4TWhU,衝撃をあげるわ#Reol #れをる #LiSA #DEADCENTER,2026-02-01 09:01:03+00:00,2026-03-05T01:55:19.935723,13086,714,5,PT26S,26,False,True,False,none,,https://i.ytimg.com/vi/fWm8km4TWhU/default.jpg,https://www.youtube.com/watch?v=fWm8km4TWhU
y6MYghbeBuc,′DEAD CENTER feat. LiSA' Homage Scene Clip #Reol #れをる #LiSA #DEADCENTER,2026-01-31 09:01:21+00:00,2026-03-05T01:55:19.935734,21818,521,5,PT8S,8,False,True,False,none,,https://i.ytimg.com/vi/y6MYghbeBuc/default.jpg,https://www.youtube.com/watch?v=y6MYghbeBuc
WK6JkEmwYck,Reol 4th Full Album “美辞学”1.21 Release終.‘美辞目録’#Reol #美辞学 #美辞目録,2026-01-31 03:00:39+00:00,2026-03-05T01:55:19.935745,24060,901,4,PT12S,12,False,True,False,none,,https://i.ytimg.com/vi/WK6JkEmwYck/default.jpg,https://www.youtube.com/watch?v=WK6JkEmwYck
UYLKoppNWmc,Reol 4th Full Album “美辞学”1.21 ReleaseM.10 ‘RE RESCUE’#Reol #美辞学 #RERESCUE,2026-01-30 03:00:34+00:00,2026-03-05T01:55:19.935756,17195,744,5,PT11S,11,False,True,False,none,,https://i.ytimg.com/vi/UYLKoppNWmc/default.jpg,https://www.youtube.com/watch?v=UYLKoppNWmc
xMSb8ApDZYg,Reol 4th Full Album “美辞学”1.21 ReleaseM.09 ‘-閑話-’#Reol #美辞学 #閑話,2026-01-29 03:01:08+00:00,2026-03-05T01:55:19.935765,13997,603,3,PT9S,9,False,True,False,none,,https://i.ytimg.com/vi/xMSb8ApDZYg/default.jpg,https://www.youtube.com/watch?v=xMSb8ApDZYg
4XIR8wEUt80,Reol 4th Full Album “美辞学”1.21 ReleaseM.08 ‘二等星’#Reol #美辞学 #二等星,2026-01-28 03:00:12+00:00,2026-03-05T01:55:19.935774,21062,636,5,PT9S,9,False,True,False,none,,https://i.ytimg.com/vi/4XIR8wEUt80/default.jpg,https://www.youtube.com/watch?v=4XIR8wEUt80
iFnkcMLEpyY,Reol 4th Full Album “美辞学”1.21 ReleaseM.07 ‘SHINOBI’#Reol #美辞学 #SHINOBI,2026-01-27 03:00:54+00:00,2026-03-05T01:55:19.935785,23266,771,8,PT11S,11,False,True,False,none,,https://i.ytimg.com/vi/iFnkcMLEpyY/default.jpg,https://www.youtube.com/watch?v=iFnkcMLEpyY
vjWpCtDEpp4,Reol 4th Full Album “美辞学”1.21 ReleaseM.06 ‘ULTRA C feat. nqrse’,2026-01-26 03:01:06+00:00,2026-03-05T01:55:19.935794,24696,1094,6,PT10S,10,False,True,False,none,,https://i.ytimg.com/vi/vjWpCtDEpp4/default.jpg,https://www.youtube.com/watch?v=vjWpCtDEpp4
HAmx69YlEWk,Reol 4th Full Album “美辞学”1.21 ReleaseM.05 ‘ディア’#Reol #美辞学 #ディア,2026-01-25 03:00:17+00:00,2026-03-05T01:55:19.935803,18397,792,4,PT13S,13,False,True,False,none,,https://i.ytimg.com/vi/HAmx69YlEWk/default.jpg,https://www.youtube.com/watch?v=HAmx69YlEWk
_NSe5PoMVaY,ピースピースピース✌#Reol #LiSA #DEADCENTER,2026-01-24 09:00:49+00:00,2026-03-05T01:55:19.935812,20368,1594,24,PT34S,34,False,True,False,none,,https://i.ytimg.com/vi/_NSe5PoMVaY/default.jpg,https://www.youtube.com/watch?v=_NSe5PoMVaY
q3GJ_2mn31I,Reol 4th Full Album “美辞学”1.21 ReleaseM.04 ‘DEAD CENTER’#Reol #美辞学 #DEADCENTER,2026-01-24 03:00:58+00:00,2026-03-05T01:55:19.935825,19736,675,4,PT16S,16,False,True,False,none,,https://i.ytimg.com/vi/q3GJ_2mn31I/default.jpg,https://www.youtube.com/watch?v=q3GJ_2mn31I
y21y59YN_Zk,Reol 4th Full Album “美辞学”1.21 ReleaseM.03 ‘感情御中’#Reol #美辞学 #感情御中,2026-01-23 03:01:09+00:00,2026-03-05T01:55:19.935837,14820,464,3,PT11S,11,False,True,False,none,,https://i.ytimg.com/vi/y21y59YN_Zk/default.jpg,https://www.youtube.com/watch?v=y21y59YN_Zk
wFPx7spRRiQ,Reol 4th Full Album “美辞学”1.21 ReleaseM.02 ‘おとめの肖像’ #reol #美辞学 #おとめの肖像,2026-01-22 09:01:27+00:00,2026-03-05T01:55:19.935846,21848,517,2,PT10S,10,False,True,False,none,,https://i.ytimg.com/vi/wFPx7spRRiQ/default.jpg,https://www.youtube.com/watch?v=wFPx7spRRiQ
d7ZVn0r5XWI,伏線は多い方が傑作になるの #Reol  #れをる #LiSA #DEADCENTER #美辞学 #jpop #オリジナル曲,2026-01-22 03:00:43+00:00,2026-03-05T01:55:19.935857,111281,2173,17,PT24S,24,False,True,False,none,,https://i.ytimg.com/vi/d7ZVn0r5XWI/default.jpg,https://www.youtube.com/watch?v=d7ZVn0r5XWI
7fGgdWyduAk,葛藤も失態も展開だよ #Reol  #れをる #LiSA #DEADCENTER #美辞学 #jpop #オリジナル曲,2026-01-22 02:00:15+00:00,2026-03-05T01:55:19.935866,226778,4560,31,PT21S,21,False,True,False,none,,https://i.ytimg.com/vi/7fGgdWyduAk/default.jpg,https://www.youtube.com/watch?v=7fGgdWyduAk
JVa5gN_vh4I,僕らは高貴なセヴンスターズ #Reol  #れをる #LiSA #DEADCENTER #美辞学 #jpop #オリジナル曲,2026-01-22 01:00:33+00:00,2026-03-05T01:55:19.935876,113289,1822,7,PT22S,22,False,True,False,none,,https://i.ytimg.com/vi/JVa5gN_vh4I/default.jpg,https://www.youtube.com/watch?v=JVa5gN_vh4I
WtVMdAwO8Y8,誰がなんと言おうとあがる壇上 #Reol  #れをる #LiSA #DEADCENTER #美辞学 #jpop #オリジナル曲,2026-01-21 15:01:05+00:00,2026-03-05T01:55:19.935885,136721,2486,10,PT17S,17,False,True,False,none,,https://i.ytimg.com/vi/WtVMdAwO8Y8/default.jpg,https://www.youtube.com/watch?v=WtVMdAwO8Y8
gPMKcJLQx0A,踊り明かせよ　衝撃を超えて #Reol  #れをる #LiSA #DEADCENTER #美辞学 #jpop #オリジナル曲,2026-01-21 12:31:03+00:00,2026-03-05T01:55:19.935894,98475,1999,5,PT24S,24,False,True,False,none,,https://i.ytimg.com/vi/gPMKcJLQx0A/default.jpg,https://www.youtube.com/watch?v=gPMKcJLQx0A
D5NkKeZomZ0,Reol New Album「美辞学」リリース記念生放送　2026.1.21(wed)20:00〜,2026-01-21 12:16:44+00:00,2026-03-05T01:55:19.935907,15476,854,20,PT50M23S,3023,False,False,False,none,"Reol - 'DEAD CENTER feat. LiSA' Music Video 1.21(Wed)21:00プレミア公開
https://youtu.be/YibWxud5fRs

【Release Info】
Reol「美辞学」2026年1月21日(水)発売
特設サイト: https://reol.jp/feature/bijigaku#ancAlbum
予約リンク: https://Reol.lnk.to/Rhetorica_CD
【完全限定生産（CD+ GOODS）】￥11,000＋税※ファンクラブ会員限定盤
【初回限定盤A（CD+Blu-ray】￥7,000＋税
【初回限定盤B（CD+DVD】 ￥6,300＋税
【通常盤（CD）】￥3,300＋税",https://i.ytimg.com/vi/D5NkKeZomZ0/default.jpg,https://www.youtube.com/watch?v=D5NkKeZomZ0
CvTQRoldZM0,Reol - 'DEAD CENTER feat. LiSA' Music Video OUT NOW　#Reol#LiSA#DEADCENTER#Reol美辞学,2026-01-21 12:08:01+00:00,2026-03-05T01:55:19.935917,17941,1079,10,PT31S,31,False,True,False,none,,https://i.ytimg.com/vi/CvTQRoldZM0/default.jpg,https://www.youtube.com/watch?v=CvTQRoldZM0
YibWxud5fRs,Reol - 'DEAD CENTER feat. LiSA' Music Video,2026-01-21 12:00:06+00:00,2026-03-05T01:55:19.935947,1488606,21727,607,PT3M32S,212,False,False,False,none,"■Reol - New Album '美辞学 - Rhetorica' 1.21 OUT
https://reol.lnk.to/Rhetorica

【Release Info】
Reol「美辞学」2026年1月21日(水)発売
特設サイト: https://reol.jp/feature/bijigaku#ancAlbum
購入リンク: https://Reol.lnk.to/Rhetorica_CD
【完全限定生産（CD+ GOODS）】￥11,000＋税※ファンクラブ会員限定盤
【初回限定盤A（CD+Blu-ray】￥7,000＋税
【初回限定盤B（CD+DVD】 ￥6,300＋税
【通常盤（CD）】￥3,300＋税

＜CD＞
一、うつくしじごく
Sound Produced by MONJOE

二、おとめの肖像
Sound Produced by Shin Sakiura

三、感情御中
Sound Produced by ツミキ

四、DEAD CENTER feat. LiSA
Sound Produced by Giga

五、ディア
Sound Produced by Giga

六、ULTRA C feat. nqrse
Sound Produced by TeddyLoid, Giga

七、SHINOBI
Sound Produced by 堀江晶太

八、二等星
Sound Produced by ぬゆり

九、-閑話- 
Sound Produced by KOTONOHOUSE

十、RE RESCUE
Sound Produced by KOTONOHOUSE

終、美辞目録
Sound Produced by 椎乃味醂

＜Blu-ray, DVD＞
Reol Oneman Live 2025 カルチュア・カリキュラム at Zepp DiverCity(TOKYO)

＜GOODS（初回限定盤のみ）＞
オリジナルステッカー3種

＜GOODS（完全限定生産盤のみ）＞
オリジナルジャージ　※L Size Only

＜全形態共通特典＞
特典としてアルバム全形態にシリアル封入(用途に関しては後日詳細発表)

＜店舗別予約特典＞
楽天ブックス: オリジナルアクリルキーホルダー
セブンネットショッピング: 手ぬぐい
Amazon.co.jp: メガジャケ
Reol応援店：オリジナルステッカー

※特典は数に限りがありますので、無くなり次第終了となります。あらかじめご了承ください。
※上記店舗以外での特典配布はございません。
※Reol応援店対象店舗は追ってご案内いたします。
※各オンラインショップに関して、カートが公開されるまでに時間がかかる場合がございます。
※Amazon.co.jp、その他一部オンラインショップでは”特典対象商品ページ”と ”特典非対象商品ページ”がございます。
ご予約の際にご希望される商品ページかをご確認いただいてからご予約いただきますよう、お願い申し上げます。

【Live Info】
「Reol Oneman Live 2026 “美辞学”」
Reol Oneman Live 2026 “美辞学”リンク : https://reol.jp/feature/bijigaku 
3/14 (sat)　栃木・HEAVEN'S ROCK UTSUNOMIYA VJ-2
3/20 (fri)　徳島・club GRINDHOUSE
3/22 (sun)　山口・周南RISING HALL
3/28 (sat)　神戸・Harbor Studio
4/4 (sat)　三重・松阪M'AXA
4/11 (sat)　青森・Quarter
4/18 (sat)　長崎・DRUM Be-7
4/19 (sun)　熊本B.9 V1
4/29 (wed)　沖縄・桜坂セントラル
5/9 (sat)　旭川・CASINO DRIVE
5/10 (sun)　札幌・PENNY LANE 24
5/16 (sat)　横浜・YOKOHAMA BayHall
5/23 (sat)　長野・NAGANO CLUB JUNK BOX
5/24 (sun)　新潟・新潟LOTS 
5/30 (sat)　京都・KYOTO FANJ
5/31 (sun)　岐阜・Club-G
6/12 (fri)　宮城・トークネットホール仙台
6/19 (fri)　大阪・オリックス劇場
6/27 (sat)　福岡・福岡国際会議場メインホール
7/4 (sat)　愛知・岡谷鋼機名古屋公会堂
7/10 (fri)　東京・LINE CUBE SHIBUYA

■About Reol
歌手・作曲家・作詞家・音楽プロデューサー、Reol。
2018 年よりソロでのリリースを開始し、2019 年にはYouTube のチャンネル登録者数が日本人
女性ソロアーティスト史上初の100 万人を突破。
YouTube FanFest Japan 2019 にてゴールド・クリエイター・アワードを受賞。
2020 年、YouTube グローバルキャンペーン“Artist on the Rise” に日本人女性アーティストとして
初選出され、ボートレースCM ソング「第六感」がストリーミング再生1 億回を突破する大ヒット
を記録。
現在、YouTube 登録者数は176万人を突破。総再生回数は12億回を超え、国内外から人気を集めている。

■Official Site
http://reol.jp

■X
Reol：https://twitter.com/rrreol
Reol Official：https://twitter.com/rrreol_official

■Instagram
Reol：https://www.instagram.com/rrreol999/
Reol Official： https://www.instagram.com/rrreol_official/

■TikTok
https://www.tiktok.com/@rrreol999

#Reol ＃DEADCENTER #LiSA #美辞学",https://i.ytimg.com/vi/YibWxud5fRs/default.jpg,https://www.youtube.com/watch?v=YibWxud5fRs
J3ZQeFBj8vM,Reol 4th Full Album “美辞学”1.21 ReleaseM.01 ‘うつくしじごく’,2026-01-21 03:00:20+00:00,2026-03-05T01:55:19.935961,22108,691,3,PT14S,14,False,True,False,none,,https://i.ytimg.com/vi/J3ZQeFBj8vM/default.jpg,https://www.youtube.com/watch?v=J3ZQeFBj8vM
UuttQZEdYaI,"Reol - ""美辞学"" 全曲視聴ダイジェスト",2026-01-20 11:11:35+00:00,2026-03-05T01:55:19.935971,17384,1273,17,PT2M41S,161,False,False,False,none,,https://i.ytimg.com/vi/UuttQZEdYaI/default.jpg,https://www.youtube.com/watch?v=UuttQZEdYaI
251SPs4bD4Q,"Reol 4th album ""美辞学 / Rhetorica"" XFDMovie",2026-01-20 03:00:06+00:00,2026-03-05T01:55:19.935998,21824,1233,50,PT2M41S,161,False,False,False,none,"0:00 はじまり
0:17 うつくしじごく　Utsukushi Jigoku
0:30 おとめの肖像　Portrait of Her
0:39 感情御中　WANT U LUV IT
0:49 DEAD CENTER feat. LiSA
1:05 ディア　DEAR
1:17 ULTRA C feat. nqrse
1:27 SHINOBI
1:37 二等星　Imitation Star
1:45 閑話
1:53 RE RESCUE
2:04 美辞目録　Rhetoric Index

Reol「美辞学」2026年1月21日(水)発売
特設サイト: https://reol.jp/feature/bijigaku#ancAlbum
予約リンク: https://Reol.lnk.to/Rhetorica_CD
【完全限定生産（CD+ GOODS）】￥11,000＋税※ファンクラブ会員限定盤
【初回限定盤A（CD+Blu-ray】￥7,000＋税
【初回限定盤B（CD+DVD】 ￥6,300＋税
【通常盤（CD）】￥3,300＋税

＜CD＞
一、うつくしじごく
Sound Produced by MONJOE

二、おとめの肖像
Sound Produced by Shin Sakiura

三、感情御中
Sound Produced by ツミキ

四、DEAD CENTER feat. LiSA
Sound Produced by Giga

五、ディア
Sound Produced by Giga

六、ULTRA C feat. nqrse
Sound Produced by TeddyLoid, Giga

七、SHINOBI
Sound Produced by 堀江晶太

八、二等星
Sound Produced by ぬゆり

九、-閑話- 
Sound Produced by KOTONOHOUSE

十、RE RESCUE
Sound Produced by KOTONOHOUSE

終、美辞目録
Sound Produced by 椎乃味醂

＜Blu-ray, DVD＞
Reol Oneman Live 2025 カルチュア・カリキュラム at Zepp DiverCity(TOKYO)

＜GOODS（初回限定盤のみ）＞
オリジナルステッカー3種

＜GOODS（完全限定生産盤のみ）＞
オリジナルジャージ　※L Size Only

＜全形態共通特典＞
特典としてアルバム全形態にシリアル封入(用途に関しては後日詳細発表)

＜店舗別予約特典＞
楽天ブックス: オリジナルアクリルキーホルダー
セブンネットショッピング: 手ぬぐい
Amazon.co.jp: メガジャケ
Reol応援店：オリジナルステッカー

※特典は数に限りがありますので、無くなり次第終了となります。あらかじめご了承ください。
※上記店舗以外での特典配布はございません。
※Reol応援店対象店舗は追ってご案内いたします。
※各オンラインショップに関して、カートが公開されるまでに時間がかかる場合がございます。
※Amazon.co.jp、その他一部オンラインショップでは”特典対象商品ページ”と ”特典非対象商品ページ”がございます。
ご予約の際にご希望される商品ページかをご確認いただいてからご予約いただきますよう、お願い申し上げます。

【Live Info】
「Reol Oneman Live 2026 “美辞学”」
Reol Oneman Live 2026 “美辞学”リンク : https://reol.jp/feature/bijigaku 
3/14 (sat)　栃木・HEAVEN'S ROCK UTSUNOMIYA VJ-2
3/20 (fri)　徳島・club GRINDHOUSE
3/22 (sun)　山口・周南RISING HALL
3/28 (sat)　神戸・Harbor Studio
4/4 (sat)　三重・松阪M'AXA
4/11 (sat)　青森・Quarter
4/18 (sat)　長崎・DRUM Be-7
4/19 (sun)　熊本B.9 V1
4/29 (wed)　沖縄・桜坂セントラル
5/9 (sat)　旭川・CASINO DRIVE
5/10 (sun)　札幌・PENNY LANE 24
5/16 (sat)　横浜・YOKOHAMA BayHall
5/23 (sat)　長野・NAGANO CLUB JUNK BOX
5/24 (sun)　新潟・新潟LOTS 
5/30 (sat)　京都・KYOTO FANJ
5/31 (sun)　岐阜・Club-G
6/12 (fri)　宮城・トークネットホール仙台
6/19 (fri)　大阪・オリックス劇場
6/27 (sat)　福岡・福岡国際会議場メインホール
7/4 (sat)　愛知・岡谷鋼機名古屋公会堂
7/10 (fri)　東京・LINE CUBE SHIBUYA

■About Reol
歌手・作曲家・作詞家・音楽プロデューサー、Reol。
2018 年よりソロでのリリースを開始し、2019 年にはYouTube のチャンネル登録者数が日本人
女性ソロアーティスト史上初の100 万人を突破。
YouTube FanFest Japan 2019 にてゴールド・クリエイター・アワードを受賞。
2020 年、YouTube グローバルキャンペーン“Artist on the Rise” に日本人女性アーティストとして
初選出され、ボートレースCM ソング「第六感」がストリーミング再生1 億回を突破する大ヒット
を記録。
現在、YouTube 登録者数は176万人を突破。総再生回数は12億回を超え、国内外から人気を集めている。

■Official Site
http://reol.jp

■X
Reol：https://twitter.com/rrreol
Reol Official：https://twitter.com/rrreol_official

■Instagram
Reol：https://www.instagram.com/rrreol999/
Reol Official： https://www.instagram.com/rrreol_official/

■TikTok
https://www.tiktok.com/@rrreol999",https://i.ytimg.com/vi/251SPs4bD4Q/default.jpg,https://www.youtube.com/watch?v=251SPs4bD4Q
-USZScZgQRM,2025年ラストステージは#CDJ2526 にて入場規制で満員のコスモステージ、本年も Redlの音楽をご愛顧いただいた皆様ありがとうございました！,2025-12-31 14:28:21+00:00,2026-03-05T01:55:19.936008,31522,1110,12,PT34S,34,False,True,False,none,,https://i.ytimg.com/vi/-USZScZgQRM/default.jpg,https://www.youtube.com/watch?v=-USZScZgQRM
rGakU0E9YJQ,"今年2月に行われたワンマンツアー 'カルチュア・カリキュラム'より「un, deux, trois」のライヴ映像を公開！#Reol #undeuxtrois #美辞学 #オリジナル曲 #jpop",2025-12-28 12:01:41+00:00,2026-03-05T01:55:19.936018,59735,1720,11,PT30S,30,False,True,False,none,,https://i.ytimg.com/vi/rGakU0E9YJQ/default.jpg,https://www.youtube.com/watch?v=rGakU0E9YJQ
2Nuz-GamLB0,"Reol - un, deux, trois[Live at カルチュア・カリキュラム Tokyo]",2025-12-28 12:00:12+00:00,2026-03-05T01:55:19.936044,33775,1574,52,PT3M50S,230,False,False,False,none,"Live at カルチュア・カリキュラム Tokyo 2025.2.2

Bass : Ryosuke Nikamoto
Drums : Shunsuke Uehara

【Release Info】
Reol「美辞学」2026年1月21日(水)発売
特設サイト: https://reol.jp/feature/bijigaku#ancAlbum
予約リンク: https://Reol.lnk.to/Rhetorica_CD
【完全限定生産（CD+ GOODS）】￥11,000＋税※ファンクラブ会員限定盤
【初回限定盤A（CD+Blu-ray】￥7,000＋税
【初回限定盤B（CD+DVD】 ￥6,300＋税
【通常盤（CD）】￥3,300＋税

＜CD＞
一、うつくしじごく
Sound Produced by MONJOE

二、おとめの肖像
Sound Produced by Shin Sakiura

三、感情御中
Sound Produced by ツミキ

四、DEAD CENTER feat. ????
Sound Produced by Giga

五、ディア
Sound Produced by Giga

六、ULTRA C feat. nqrse
Sound Produced by TeddyLoid, Giga

七、SHINOBI
Sound Produced by 堀江晶太

八、二等星
Sound Produced by ぬゆり

九、-閑話- 
Sound Produced by KOTONOHOUSE

十、RE RESCUE
Sound Produced by KOTONOHOUSE

終、美辞目録
Sound Produced by 椎乃味醂

＜Blu-ray, DVD＞
Reol Oneman Live 2025 カルチュア・カリキュラム at Zepp DiverCity(TOKYO)

＜GOODS（初回限定盤のみ）＞
オリジナルステッカー3種

＜GOODS（完全限定生産盤のみ）＞
オリジナルジャージ　※L Size Only

＜全形態共通特典＞
特典としてアルバム全形態にシリアル封入(用途に関しては後日詳細発表)

＜店舗別予約特典＞
楽天ブックス: オリジナルアクリルキーホルダー
セブンネットショッピング: 手ぬぐい
Amazon.co.jp: メガジャケ
Reol応援店：オリジナルステッカー

※特典は数に限りがありますので、無くなり次第終了となります。あらかじめご了承ください。
※上記店舗以外での特典配布はございません。
※Reol応援店対象店舗は追ってご案内いたします。
※各オンラインショップに関して、カートが公開されるまでに時間がかかる場合がございます。
※Amazon.co.jp、その他一部オンラインショップでは”特典対象商品ページ”と ”特典非対象商品ページ”がございます。
ご予約の際にご希望される商品ページかをご確認いただいてからご予約いただきますよう、お願い申し上げます。

【Live Info】
「Reol Oneman Live 2026 “美辞学”」
Reol Oneman Live 2026 “美辞学”リンク : https://reol.jp/feature/bijigaku 
3/14 (sat)　栃木・HEAVEN'S ROCK UTSUNOMIYA VJ-2
3/20 (fri)　徳島・club GRINDHOUSE
3/22 (sun)　山口・周南RISING HALL
3/28 (sat)　神戸・Harbor Studio
4/4 (sat)　三重・松阪M'AXA
4/11 (sat)　青森・Quarter
4/18 (sat)　長崎・DRUM Be-7
4/19 (sun)　熊本B.9 V1
4/29 (wed)　沖縄・桜坂セントラル
5/9 (sat)　旭川・CASINO DRIVE
5/10 (sun)　札幌・PENNY LANE 24
5/16 (sat)　横浜・YOKOHAMA BayHall
5/23 (sat)　長野・NAGANO CLUB JUNK BOX
5/24 (sun)　新潟・新潟LOTS 
5/30 (sat)　京都・KYOTO FANJ
5/31 (sun)　岐阜・Club-G
6/12 (fri)　宮城・トークネットホール仙台
6/19 (fri)　大阪・オリックス劇場
6/27 (sat)　福岡・福岡国際会議場メインホール
7/4 (sat)　愛知・岡谷鋼機名古屋公会堂
7/10 (fri)　東京・LINE CUBE SHIBUYA

■About Reol
歌手・作曲家・作詞家・音楽プロデューサー、Reol。
2018 年よりソロでのリリースを開始し、2019 年にはYouTube のチャンネル登録者数が日本人
女性ソロアーティスト史上初の100 万人を突破。
YouTube FanFest Japan 2019 にてゴールド・クリエイター・アワードを受賞。
2020 年、YouTube グローバルキャンペーン“Artist on the Rise” に日本人女性アーティストとして
初選出され、ボートレースCM ソング「第六感」がストリーミング再生1 億回を突破する大ヒット
を記録。
現在、YouTube 登録者数は176万人を突破。総再生回数は12億回を超え、国内外から人気を集めている。

■Official Site
http://reol.jp

■X
Reol：https://twitter.com/rrreol
Reol Official：https://twitter.com/rrreol_official

■Instagram
Reol：https://www.instagram.com/rrreol999/
Reol Official： https://www.instagram.com/rrreol_official/

■TikTok
https://www.tiktok.com/@rrreol999

#Reol ＃undeuxtrois＃美辞学",https://i.ytimg.com/vi/2Nuz-GamLB0/default.jpg,https://www.youtube.com/watch?v=2Nuz-GamLB0
yO70qmVdXj0,あたし君を好きだってことが今 自分たりうる証明 #Reol  #れをる #おとめの肖像 #美辞学 #jpop #オリジナル曲,2025-12-22 10:00:36+00:00,2026-03-05T01:55:19.936053,32691,1136,12,PT24S,24,False,True,False,none,,https://i.ytimg.com/vi/yO70qmVdXj0/default.jpg,https://www.youtube.com/watch?v=yO70qmVdXj0
_r1SVCsP4rU,今年2月に行われたワンマンツアー 'カルチュア・カリキュラム'より「RE RESCUE」のライヴ映像を公開！#Reol #美辞学 #RERESCUE #オリジナル曲 #jpop,2025-12-19 12:01:14+00:00,2026-03-05T01:55:19.936063,31292,804,5,PT27S,27,False,True,False,none,,https://i.ytimg.com/vi/_r1SVCsP4rU/default.jpg,https://www.youtube.com/watch?v=_r1SVCsP4rU
94wTGIRqStA,Reol - RE RESCUE[Live at カルチュア・カリキュラム Tokyo],2025-12-19 12:00:21+00:00,2026-03-05T01:55:19.936088,35838,1333,37,PT4M15S,255,False,False,False,none,"Live at カルチュア・カリキュラム Tokyo 2025.2.2

Bass : Ryosuke Nikamoto
Drums : Shunsuke Uehara

【Release Info】
Reol「美辞学」2026年1月21日(水)発売
特設サイト: https://reol.jp/feature/bijigaku#ancAlbum
予約リンク: https://Reol.lnk.to/Rhetorica_CD
【完全限定生産（CD+ GOODS）】￥11,000＋税※ファンクラブ会員限定盤
【初回限定盤A（CD+Blu-ray】￥7,000＋税
【初回限定盤B（CD+DVD】 ￥6,300＋税
【通常盤（CD）】￥3,300＋税

＜CD＞
一、うつくしじごく
Sound Produced by MONJOE

二、おとめの肖像
Sound Produced by Shin Sakiura

三、感情御中
Sound Produced by ツミキ

四、DEAD CENTER feat. ????
Sound Produced by Giga

五、ディア
Sound Produced by Giga

六、ULTRA C feat. nqrse
Sound Produced by TeddyLoid, Giga

七、SHINOBI
Sound Produced by 堀江晶太

八、二等星
Sound Produced by ぬゆり

九、-閑話- 
Sound Produced by KOTONOHOUSE

十、RE RESCUE
Sound Produced by KOTONOHOUSE

終、美辞目録
Sound Produced by 椎乃味醂

＜Blu-ray, DVD＞
Reol Oneman Live 2025 カルチュア・カリキュラム at Zepp DiverCity(TOKYO)

＜GOODS（初回限定盤のみ）＞
オリジナルステッカー3種

＜GOODS（完全限定生産盤のみ）＞
オリジナルジャージ　※L Size Only

＜全形態共通特典＞
特典としてアルバム全形態にシリアル封入(用途に関しては後日詳細発表)

＜店舗別予約特典＞
楽天ブックス: オリジナルアクリルキーホルダー
セブンネットショッピング: 手ぬぐい
Amazon.co.jp: メガジャケ
Reol応援店：オリジナルステッカー

※特典は数に限りがありますので、無くなり次第終了となります。あらかじめご了承ください。
※上記店舗以外での特典配布はございません。
※Reol応援店対象店舗は追ってご案内いたします。
※各オンラインショップに関して、カートが公開されるまでに時間がかかる場合がございます。
※Amazon.co.jp、その他一部オンラインショップでは”特典対象商品ページ”と ”特典非対象商品ページ”がございます。
ご予約の際にご希望される商品ページかをご確認いただいてからご予約いただきますよう、お願い申し上げます。

【Live Info】
「Reol Oneman Live 2026 “美辞学”」
Reol Oneman Live 2026 “美辞学”リンク : https://reol.jp/feature/bijigaku 
3/14 (sat)　栃木・HEAVEN'S ROCK UTSUNOMIYA VJ-2
3/20 (fri)　徳島・club GRINDHOUSE
3/22 (sun)　山口・周南RISING HALL
3/28 (sat)　神戸・Harbor Studio
4/4 (sat)　三重・松阪M'AXA
4/11 (sat)　青森・Quarter
4/18 (sat)　長崎・DRUM Be-7
4/19 (sun)　熊本B.9 V1
4/29 (wed)　沖縄・桜坂セントラル
5/9 (sat)　旭川・CASINO DRIVE
5/10 (sun)　札幌・PENNY LANE 24
5/16 (sat)　横浜・YOKOHAMA BayHall
5/23 (sat)　長野・NAGANO CLUB JUNK BOX
5/24 (sun)　新潟・新潟LOTS 
5/30 (sat)　京都・KYOTO FANJ
5/31 (sun)　岐阜・Club-G
6/12 (fri)　宮城・トークネットホール仙台
6/19 (fri)　大阪・オリックス劇場
6/27 (sat)　福岡・福岡国際会議場メインホール
7/4 (sat)　愛知・岡谷鋼機名古屋公会堂
7/10 (fri)　東京・LINE CUBE SHIBUYA

■About Reol
歌手・作曲家・作詞家・音楽プロデューサー、Reol。
2018 年よりソロでのリリースを開始し、2019 年にはYouTube のチャンネル登録者数が日本人
女性ソロアーティスト史上初の100 万人を突破。
YouTube FanFest Japan 2019 にてゴールド・クリエイター・アワードを受賞。
2020 年、YouTube グローバルキャンペーン“Artist on the Rise” に日本人女性アーティストとして
初選出され、ボートレースCM ソング「第六感」がストリーミング再生1 億回を突破する大ヒット
を記録。
現在、YouTube 登録者数は176万人を突破。総再生回数は12億回を超え、国内外から人気を集めている。

■Official Site
http://reol.jp

■X
Reol：https://twitter.com/rrreol
Reol Official：https://twitter.com/rrreol_official

■Instagram
Reol：https://www.instagram.com/rrreol999/
Reol Official： https://www.instagram.com/rrreol_official/

■TikTok
https://www.tiktok.com/@rrreol999

#Reol ＃RERESCUE ＃美辞学",https://i.ytimg.com/vi/94wTGIRqStA/default.jpg,https://www.youtube.com/watch?v=94wTGIRqStA
z7ng01O5USY,君の好い人になりたいの #Reol #れをる #おとめの肖像 #美辞学 #jpop #オリジナル曲,2025-12-17 02:36:39+00:00,2026-03-05T01:55:19.936097,20685,813,6,PT35S,35,False,True,False,none,,https://i.ytimg.com/vi/z7ng01O5USY/default.jpg,https://www.youtube.com/watch?v=z7ng01O5USY
BSWVXRxcHVo,「おとめの肖像」ミュージック・ビデオ公開！#Reol #れをる #おとめの肖像 #美辞学 #jpop #オリジナル曲,2025-12-12 12:26:10+00:00,2026-03-05T01:55:19.936109,24636,763,9,PT35S,35,False,True,False,none,,https://i.ytimg.com/vi/BSWVXRxcHVo/default.jpg,https://www.youtube.com/watch?v=BSWVXRxcHVo
SUX1bRWZ7W4,Reol - 'おとめの肖像' Music Video,2025-12-12 12:00:07+00:00,2026-03-05T01:55:19.936140,917800,4828,211,PT3M27S,207,False,False,False,none,"■Reol - 'おとめの肖像' 配信中
https://lnk.to/Portrait-of-her_

撮影監督　YODEN
歌詞編集　筆者,お菊
背景映像　kaito

作詞作曲　Reol
編曲　シンサキウラ

あたし君を好きだってことが今
自分たりうる証明
ここで鳴ってる心臓がほら
毒　毒　張り裂けそう！

この気持ちを無視するの
「わかって」は十分条件
お揃の思考回路辿って
同化　同化　してみたい

予想通り　理想通り　つまんないのやーよ
向いてないの　この世界の公然の秘密も
いつかはバレちゃいそう
痛いの痛いの痛いの！　…なんてね

君に影響されたいの
この感覚がわかんないの
君に影響されたいの(みたいの)
きっと一生一生わかんないよ

君に影響してみたいの
君の好い人になりたいの
君に影響されたいの(みたいの)
ってきっときっと
君じゃわかんないよ


ママにだって言えない恥じらいも
君は救ってくれたの
さようなら！　変わり映えのない日々
あたしはもうそこにいないの

君はみんなとは違う
その横顔いつか近づきたくて
君以外全部まやかし　作り物だし
信じるに値しないよ

受け止められないものに出会うたび
頭の奥君の声を聞いた
あたしに難しい　何も手放さずに
生きていたいなんて　…ずるいかな

あたし君を好きだってことが今
自分たりうる証明
君が望むなら心臓をどうぞどうぞ
差し出せる

君を愛することはただ
当然の必要条件
あたし君が望む世界待っている
刻々と見つめてる


君に影響されたいの
この感覚がわかんないの
君に影響されたいの(みたいの)
きっと一生一生わかんないよ

君に影響してみたいの
君の好い人になりたいの
君に影響されたいの(みたいの)
ってきっときっと
君じゃわかんないよ
一生一生君じゃわかんないね　…ね！

【Release Info】
Reol「美辞学」2026年1月21日(水)発売
特設サイト: https://reol.jp/feature/bijigaku#ancAlbum
予約リンク: https://Reol.lnk.to/Rhetorica_CD
【完全限定生産（CD+ GOODS）】￥11,000＋税※ファンクラブ会員限定盤
【初回限定盤A（CD+Blu-ray】￥7,000＋税
【初回限定盤B（CD+DVD】 ￥6,300＋税
【通常盤（CD）】￥3,300＋税

＜CD＞
一、うつくしじごく
Sound Produced by MONJOE

二、おとめの肖像
Sound Produced by Shin Sakiura

三、感情御中
Sound Produced by ツミキ

四、DEAD CENTER feat. ????
Sound Produced by Giga

五、ディア
Sound Produced by Giga

六、ULTRA C feat. nqrse
Sound Produced by TeddyLoid, Giga

七、SHINOBI
Sound Produced by 堀江晶太

八、二等星
Sound Produced by ぬゆり

九、-閑話- 
Sound Produced by KOTONOHOUSE

十、RE RESCUE
Sound Produced by KOTONOHOUSE

終、美辞目録
Sound Produced by 椎乃味醂

＜Blu-ray, DVD＞
Reol Oneman Live 2025 カルチュア・カリキュラム at Zepp DiverCity(TOKYO)

＜GOODS（初回限定盤のみ）＞
オリジナルステッカー3種

＜GOODS（完全限定生産盤のみ）＞
オリジナルジャージ　※L Size Only

＜全形態共通特典＞
特典としてアルバム全形態にシリアル封入(用途に関しては後日詳細発表)

＜店舗別予約特典＞
楽天ブックス: オリジナルアクリルキーホルダー
セブンネットショッピング: 手ぬぐい
Amazon.co.jp: メガジャケ
Reol応援店：オリジナルステッカー

※特典は数に限りがありますので、無くなり次第終了となります。あらかじめご了承ください。
※上記店舗以外での特典配布はございません。
※Reol応援店対象店舗は追ってご案内いたします。
※各オンラインショップに関して、カートが公開されるまでに時間がかかる場合がございます。
※Amazon.co.jp、その他一部オンラインショップでは”特典対象商品ページ”と ”特典非対象商品ページ”がございます。
ご予約の際にご希望される商品ページかをご確認いただいてからご予約いただきますよう、お願い申し上げます。

【Live Info】
「Reol Oneman Live 2026 “美辞学”」
Reol Oneman Live 2026 “美辞学”リンク : https://reol.jp/feature/bijigaku 
3/14 (sat)　栃木・HEAVEN'S ROCK UTSUNOMIYA VJ-2
3/20 (fri)　徳島・club GRINDHOUSE
3/22 (sun)　山口・周南RISING HALL
3/28 (sat)　神戸・Harbor Studio
4/4 (sat)　三重・松阪M'AXA
4/11 (sat)　青森・Quarter
4/18 (sat)　長崎・DRUM Be-7
4/19 (sun)　熊本B.9 V1
4/29 (wed)　沖縄・桜坂セントラル
5/9 (sat)　旭川・CASINO DRIVE
5/10 (sun)　札幌・PENNY LANE 24
5/16 (sat)　横浜・YOKOHAMA BayHall
5/23 (sat)　長野・NAGANO CLUB JUNK BOX
5/24 (sun)　新潟・新潟LOTS 
5/30 (sat)　京都・KYOTO FANJ
5/31 (sun)　岐阜・Club-G
6/12 (fri)　宮城・トークネットホール仙台
6/19 (fri)　大阪・オリックス劇場
6/27 (sat)　福岡・福岡国際会議場メインホール
7/4 (sat)　愛知・岡谷鋼機名古屋公会堂
7/10 (fri)　東京・LINE CUBE SHIBUYA

■About Reol
歌手・作曲家・作詞家・音楽プロデューサー、Reol。
2018 年よりソロでのリリースを開始し、2019 年にはYouTube のチャンネル登録者数が日本人
女性ソロアーティスト史上初の100 万人を突破。
YouTube FanFest Japan 2019 にてゴールド・クリエイター・アワードを受賞。
2020 年、YouTube グローバルキャンペーン“Artist on the Rise” に日本人女性アーティストとして
初選出され、ボートレースCM ソング「第六感」がストリーミング再生1 億回を突破する大ヒット
を記録。
現在、YouTube 登録者数は176万人を突破。総再生回数は12億回を超え、国内外から人気を集めている。

■Official Site
http://reol.jp

■X
Reol：https://twitter.com/rrreol
Reol Official：https://twitter.com/rrreol_official

■Instagram
Reol：https://www.instagram.com/rrreol999/
Reol Official： https://www.instagram.com/rrreol_official/

■TikTok
https://www.tiktok.com/@rrreol999

#Reol ＃おとめの肖像 ＃美辞学",https://i.ytimg.com/vi/SUX1bRWZ7W4/default.jpg,https://www.youtube.com/watch?v=SUX1bRWZ7W4
UldncySV4-E,#Reol #うつくしじごく OUT NOW🪷地獄楽 パラダイスバトル主題歌🪷,2025-12-08 11:08:53+00:00,2026-03-05T01:55:19.936150,94080,2939,26,PT16S,16,False,True,False,none,,https://i.ytimg.com/vi/UldncySV4-E/default.jpg,https://www.youtube.com/watch?v=UldncySV4-E
PRcs-0_hQEI,横アリで初披露した #うつくしじごく ライヴでの手振りです🤌🤌🪷,2025-12-07 07:56:38+00:00,2026-03-05T01:55:19.936159,67729,2205,37,PT16S,16,False,True,False,none,,https://i.ytimg.com/vi/PRcs-0_hQEI/default.jpg,https://www.youtube.com/watch?v=PRcs-0_hQEI
TDpBrrBDH-w,#Reol 新曲 #うつくしじごく もう聴いた？🪷🪷🪷,2025-12-07 07:52:51+00:00,2026-03-05T01:55:19.936168,87224,3744,49,PT16S,16,False,True,False,none,地獄楽 パラダイスバトル主題歌,https://i.ytimg.com/vi/TDpBrrBDH-w/default.jpg,https://www.youtube.com/watch?v=TDpBrrBDH-w
Tgnk9b-Ejcc,THANK YOU 「樂團祭 𝗕𝗮𝗻𝗱𝘀𝘁𝗶𝘃𝗮𝗹 新世紀的決心」🙌 #Reol #うつくしじごく,2025-12-07 05:02:46+00:00,2026-03-05T01:55:19.936178,69238,1487,9,PT18S,18,False,True,False,none,,https://i.ytimg.com/vi/Tgnk9b-Ejcc/default.jpg,https://www.youtube.com/watch?v=Tgnk9b-Ejcc
nWpBpYx4Urs,今年2月に行われたワンマンツアー 'カルチュア・カリキュラム'より「MONSTER」のライヴ映像を公開！#Reol #美辞学 #MONSTER #オリジナル曲 #jpop,2025-12-05 12:01:43+00:00,2026-03-05T01:55:19.936187,46491,1371,22,PT34S,34,False,True,False,none,,https://i.ytimg.com/vi/nWpBpYx4Urs/default.jpg,https://www.youtube.com/watch?v=nWpBpYx4Urs
Zovrx5rpj5I,Reol - MONSTER[Live at カルチュア・カリキュラム Tokyo],2025-12-05 12:01:28+00:00,2026-03-05T01:55:19.936213,72133,2491,100,PT3M21S,201,False,False,False,none,"Live at カルチュア・カリキュラム Tokyo 2025.2.2

Bass : Ryosuke Nikamoto
Drums : Shunsuke Uehara

【Release Info】
Reol「美辞学」2026年1月21日(水)発売
特設サイト: https://reol.jp/feature/bijigaku#ancAlbum
予約リンク: https://Reol.lnk.to/Rhetorica_CD
【完全限定生産（CD+ GOODS）】￥11,000＋税※ファンクラブ会員限定盤
【初回限定盤A（CD+Blu-ray】￥7,000＋税
【初回限定盤B（CD+DVD】 ￥6,300＋税
【通常盤（CD）】￥3,300＋税

＜CD＞
一、うつくしじごく
二、おとめの肖像
三、感情御中
四、DEAD CENTER feat. ????
五、ディア
六、ULTRA C feat. nqrse
七、SHINOBI
八、二等星
九、-閑話- 
十、RE RESCUE
終、美辞目録

＜Blu-ray, DVD＞
Reol Oneman Live 2025 カルチュア・カリキュラム at Zepp DiverCity(TOKYO)

＜GOODS（初回限定盤のみ）＞
オリジナルステッカー3種

＜GOODS（完全限定生産盤のみ）＞
オリジナルジャージ　※L Size Only

＜全形態共通特典＞
アルバム「美辞学」全形態に封入されているシリアルコードを専用フォームに入力しお申込みいただくと、各会場抽選で選ばれたご当選者様を対象にしたサイン会にご招待します。

＜店舗別予約特典＞
楽天ブックス: オリジナルアクリルキーホルダー
セブンネットショッピング: 手ぬぐい
Amazon.co.jp: メガジャケ
Reol応援店：オリジナルステッカー

※特典は数に限りがありますので、無くなり次第終了となります。あらかじめご了承ください。
※上記店舗以外での特典配布はございません。
※Reol応援店対象店舗は追ってご案内いたします。
※各オンラインショップに関して、カートが公開されるまでに時間がかかる場合がございます。
※Amazon.co.jp、その他一部オンラインショップでは”特典対象商品ページ”と ”特典非対象商品ページ”がございます。
ご予約の際にご希望される商品ページかをご確認いただいてからご予約いただきますよう、お願い申し上げます。

【Live Info】
「Reol Oneman Live 2026 “美辞学”」
Reol Oneman Live 2026 “美辞学”リンク : https://reol.jp/feature/bijigaku 
3/14 (sat)　栃木・HEAVEN'S ROCK UTSUNOMIYA VJ-2
3/20 (fri)　徳島・club GRINDHOUSE
3/22 (sun)　山口・周南RISING HALL
3/28 (sat)　神戸・Harbor Studio
4/4 (sat)　三重・松阪M'AXA
4/11 (sat)　青森・Quarter
4/18 (sat)　長崎・DRUM Be-7
4/19 (sun)　熊本B.9 V1
4/29 (wed)　沖縄・桜坂セントラル
5/9 (sat)　旭川・CASINO DRIVE
5/10 (sun)　札幌・PENNY LANE 24
5/16 (sat)　横浜・YOKOHAMA BayHall
5/23 (sat)　長野・NAGANO CLUB JUNK BOX
5/24 (sun)　新潟・新潟LOTS 
5/30 (sat)　京都・KYOTO FANJ
5/31 (sun)　岐阜・Club-G
6/12 (fri)　宮城・トークネットホール仙台
6/19 (fri)　大阪・オリックス劇場
6/27 (sat)　福岡・福岡国際会議場メインホール
7/4 (sat)　愛知・岡谷鋼機名古屋公会堂
7/10 (fri)　東京・LINE CUBE SHIBUYA

■About Reol
歌手・作曲家・作詞家・音楽プロデューサー、Reol。
2018 年よりソロでのリリースを開始し、2019 年にはYouTube のチャンネル登録者数が日本人
女性ソロアーティスト史上初の100 万人を突破。
YouTube FanFest Japan 2019 にてゴールド・クリエイター・アワードを受賞。
2020 年、YouTube グローバルキャンペーン“Artist on the Rise” に日本人女性アーティストとして
初選出され、ボートレースCM ソング「第六感」がストリーミング再生1 億回を突破する大ヒット
を記録。
現在、YouTube 登録者数は176万人を突破。総再生回数は12億回を超え、国内外から人気を集めている。

■Official Site
http://reol.jp

■X
Reol：https://twitter.com/rrreol
Reol Official：https://twitter.com/rrreol_official

■Instagram
Reol：https://www.instagram.com/rrreol999/
Reol Official： https://www.instagram.com/rrreol_official/

■TikTok
https://www.tiktok.com/@rrreol999

#Reol ＃MONSTER ＃美辞学",https://i.ytimg.com/vi/Zovrx5rpj5I/default.jpg,https://www.youtube.com/watch?v=Zovrx5rpj5I
pim1J1KJRqA,1月21日リリース 「美辞学」Legit盤特典 オリジナルジャージ⚡️#Reol #美辞学,2025-12-01 08:06:23+00:00,2026-03-05T01:55:19.936223,51190,992,11,PT13S,13,False,True,False,none,,https://i.ytimg.com/vi/pim1J1KJRqA/default.jpg,https://www.youtube.com/watch?v=pim1J1KJRqA
5pzKDhkhWsQ,今うたえ　僕をうたえ #地獄楽 パラダイスバトル主題歌 #うつくしじごく #好評配信中 #Reol #れをる,2025-11-26 04:54:02+00:00,2026-03-05T01:55:19.936234,47395,1394,9,PT29S,29,False,True,False,none,,https://i.ytimg.com/vi/5pzKDhkhWsQ/default.jpg,https://www.youtube.com/watch?v=5pzKDhkhWsQ
tf143hVEKg8,命、結んで開いて 永遠みたいな夢をみせて #地獄楽 パラダイスバトル主題歌 #うつくしじごく #好評配信中 #Reol #れをる,2025-11-21 06:41:24+00:00,2026-03-05T01:55:19.936243,206040,2496,13,PT1M,60,False,True,False,none,,https://i.ytimg.com/vi/tf143hVEKg8/default.jpg,https://www.youtube.com/watch?v=tf143hVEKg8
AxAeYtV5IYw,ここは地獄か極楽か #地獄楽 パラダイスバトル主題歌 #うつくしじごく #好評配信中 #Reol #れをる,2025-11-21 06:33:49+00:00,2026-03-05T01:55:20.182938,351329,6579,36,PT18S,18,False,True,False,none,,https://i.ytimg.com/vi/AxAeYtV5IYw/default.jpg,https://www.youtube.com/watch?v=AxAeYtV5IYw
uN2dKh7xKo0,Reol - うつくしじごく Official Audio,2025-11-15 11:01:56+00:00,2026-03-05T01:55:20.182992,396538,9148,294,PT3M52S,232,False,False,False,none,"■Reol - New Digital Single 'うつくしじごく' OUT NOW Listen Here
https://lnk.to/UtsukushiJigoku_

今うたえ　僕をうたえ
ここで果ててもかまわない
君はうつくしじごく

もういっそ　すべてを差し出して
骨も残さず食らってくれ
罪をそっとほどいて　感傷ごと抱いて
ちょいともらってやってはくれないか

騒ぎ立てる喧騒みな無礼講　勝手な幻想への抵抗
誰も違いに惑って　凡な普通を願って
僕らの天命よ流転して　葛藤まっとうしろ運命
散るらん　咲くらん　真実をご覧
ここは地獄か極楽か？

今うたえ　僕をうたえ
ここで果ててもかまわない
命、結んで開いて　永遠なんてないよ所詮
ここはうつくしじごく

さあうたえ　君がうたえ
その目つきで刺しておくれ
命、結んで開いて　永遠みたいな夢をみせて
君のうつくしじごく


破れかぶれここまで　修羅を潜りお呼ばれ
とこしえ　その死線　の先にゃまた死線
どんな結末に出食わすのか思いを巡らす
この河渡るべからず　手放せ己の不要な体たらく
You got it.

自問自答いつも　不一致が招く戦争
こんな世界を許してやっちゃくれないか
(We're heading to the grave
I am my own slave, la la la la)
ここは地獄か極楽か
　

今うたえ　僕をうたえ
命、結んで開いて　永遠なんてない
さあ　今を　断ち切って

今うたえ　僕をうたえ
まだ死ねぬのは君のせい
命、結んで開いて　永遠なんてないよ所詮
ここはうつくしじごく　じごくだとしても

さあうたえ　君がうたえ
どうか美々しく咲いておくれ
命、結んで開いて　永遠みたいな夢をみせていて
君よ　うつくしじごくで！


【Release Info】
Reol「美辞学」2026年1月21日(水)発売
特設サイト: https://reol.jp/feature/bijigaku#ancAlbum
予約リンク: https://Reol.lnk.to/Rhetorica_CD
【完全限定生産（CD+ GOODS）】￥11,000＋税※ファンクラブ会員限定盤
【初回限定盤A（CD+Blu-ray】￥7,000＋税
【初回限定盤B（CD+DVD】 ￥6,300＋税
【通常盤（CD）】￥3,300＋税

＜CD＞
一、うつくしじごく
Sound Produced by MONJOE

二、おとめの肖像
Sound Produced by Shin Sakiura

三、感情御中
Sound Produced by ツミキ

四、DEAD CENTER feat. ????
Sound Produced by Giga

五、ディア
Sound Produced by Giga

六、ULTRA C feat. nqrse
Sound Produced by TeddyLoid, Giga

七、SHINOBI
Sound Produced by 堀江晶太

八、二等星
Sound Produced by ぬゆり

九、-閑話- 
Sound Produced by KOTONOHOUSE

十、RE RESCUE
Sound Produced by KOTONOHOUSE

終、美辞目録
Sound Produced by 椎乃味醂

＜Blu-ray, DVD＞
Reol Oneman Live 2025 カルチュア・カリキュラム at Zepp DiverCity(TOKYO)

＜GOODS（初回限定盤のみ）＞
オリジナルステッカー3種

＜GOODS（完全限定生産盤のみ）＞
オリジナルジャージ　※L Size Only

＜全形態共通特典＞
特典としてアルバム全形態にシリアル封入(用途に関しては後日詳細発表)

＜店舗別予約特典＞
楽天ブックス: オリジナルアクリルキーホルダー
セブンネットショッピング: 手ぬぐい
Amazon.co.jp: メガジャケ
Reol応援店：オリジナルステッカー

※特典は数に限りがありますので、無くなり次第終了となります。あらかじめご了承ください。
※上記店舗以外での特典配布はございません。
※Reol応援店対象店舗は追ってご案内いたします。
※各オンラインショップに関して、カートが公開されるまでに時間がかかる場合がございます。
※Amazon.co.jp、その他一部オンラインショップでは”特典対象商品ページ”と ”特典非対象商品ページ”がございます。
ご予約の際にご希望される商品ページかをご確認いただいてからご予約いただきますよう、お願い申し上げます。

【Live Info】
「Reol Oneman Live 2026 “美辞学”」
Reol Oneman Live 2026 “美辞学”リンク : https://reol.jp/feature/bijigaku 
3/14 (sat)　栃木・HEAVEN'S ROCK UTSUNOMIYA VJ-2
3/20 (fri)　徳島・club GRINDHOUSE
3/22 (sun)　山口・周南RISING HALL
3/28 (sat)　神戸・Harbor Studio
4/4 (sat)　三重・松阪M'AXA
4/11 (sat)　青森・Quarter
4/18 (sat)　長崎・DRUM Be-7
4/19 (sun)　熊本B.9 V1
4/29 (wed)　沖縄・桜坂セントラル
5/9 (sat)　旭川・CASINO DRIVE
5/10 (sun)　札幌・PENNY LANE 24
5/16 (sat)　横浜・YOKOHAMA BayHall
5/23 (sat)　長野・NAGANO CLUB JUNK BOX
5/24 (sun)　新潟・新潟LOTS 
5/30 (sat)　京都・KYOTO FANJ
5/31 (sun)　岐阜・Club-G
6/12 (fri)　宮城・トークネットホール仙台
6/19 (fri)　大阪・オリックス劇場
6/27 (sat)　福岡・福岡国際会議場メインホール
7/4 (sat)　愛知・岡谷鋼機名古屋公会堂
7/10 (fri)　東京・LINE CUBE SHIBUYA

■About Reol
歌手・作曲家・作詞家・音楽プロデューサー、Reol。
2018 年よりソロでのリリースを開始し、2019 年にはYouTube のチャンネル登録者数が日本人
女性ソロアーティスト史上初の100 万人を突破。
YouTube FanFest Japan 2019 にてゴールド・クリエイター・アワードを受賞。
2020 年、YouTube グローバルキャンペーン“Artist on the Rise” に日本人女性アーティストとして
初選出され、ボートレースCM ソング「第六感」がストリーミング再生1 億回を突破する大ヒット
を記録。
現在、YouTube 登録者数は176万人を突破。総再生回数は12億回を超え、国内外から人気を集めている。

■Official Site
http://reol.jp

■X
Reol：https://twitter.com/rrreol
Reol Official：https://twitter.com/rrreol_official

■Instagram
Reol：https://www.instagram.com/rrreol999/
Reol Official： https://www.instagram.com/rrreol_official/

■TikTok
https://www.tiktok.com/@rrreol999

#Reol ＃うつくしじごく ＃美辞学",https://i.ytimg.com/vi/uN2dKh7xKo0/default.jpg,https://www.youtube.com/watch?v=uN2dKh7xKo0
X7-MuBMjNiM,Reol - 「美辞学 - Rhetorica」(びじがく - レトリカ) Announcement Teaser,2025-11-09 12:00:54+00:00,2026-03-05T01:55:20.183024,17563,1119,67,PT1M20S,80,False,False,False,none,"Dir by Okiku

Reol 4th Album「美辞学」2026年1月21日(水)発売
▼予約・購入
https://Reol.lnk.to/Rhetorica_CD
▼収録曲「うつくしごく」2025年11月10日(月)0時 配信スタート
https://lnk.to/UtsukushiJigoku_

【Release Info】
Reol「美辞学」2026年1月21日(水)発売
特設サイト: https://reol.jp/feature/bijigaku#ancAlbum
予約リンク: https://Reol.lnk.to/Rhetorica_CD
【完全限定生産（CD+ GOODS）】￥11,000＋税※ファンクラブ会員限定盤
【初回限定盤A（CD+Blu-ray】￥7,000＋税
【初回限定盤B（CD+DVD】 ￥6,300＋税
【通常盤（CD）】￥3,300＋税

＜CD＞
一、うつくしじごく
Sound Produced by MONJOE

二、おとめの肖像
Sound Produced by Shin Sakiura

三、感情御中
Sound Produced by ツミキ

四、DEAD CENTER feat. ????
Sound Produced by Giga

五、ディア
Sound Produced by Giga

六、ULTRA C feat. nqrse
Sound Produced by TeddyLoid, Giga

七、SHINOBI
Sound Produced by 堀江晶太

八、二等星
Sound Produced by ぬゆり

九、-閑話- 
Sound Produced by KOTONOHOUSE

十、RE RESCUE
Sound Produced by KOTONOHOUSE

終、美辞目録
Sound Produced by 椎乃味醂

＜Blu-ray, DVD＞
Reol Oneman Live 2025 カルチュア・カリキュラム at Zepp DiverCity(TOKYO)

＜GOODS（初回限定盤のみ）＞
オリジナルステッカー3種

＜GOODS（完全限定生産盤のみ）＞
オリジナルジャージ　※L Size Only

＜全形態共通特典＞
特典としてアルバム全形態にシリアル封入(用途に関しては後日詳細発表)

＜店舗別予約特典＞
楽天ブックス: オリジナルアクリルキーホルダー
セブンネットショッピング: 手ぬぐい
Amazon.co.jp: メガジャケ
Reol応援店：オリジナルステッカー

【Live Info】
「Reol Oneman Live 2026 “美辞学”」
Reol Oneman Live 2026 “美辞学”リンク : https://reol.jp/feature/bijigaku 
3/14 (sat)　栃木・HEAVEN'S ROCK UTSUNOMIYA VJ-2
3/20 (fri)　徳島・club GRINDHOUSE
3/22 (sun)　山口・周南RISING HALL
3/28 (sat)　神戸・Harbor Studio
4/4 (sat)　三重・松阪M'AXA
4/11 (sat)　青森・Quarter
4/18 (sat)　長崎・DRUM Be-7
4/19 (sun)　熊本B.9 V1
4/29 (wed)　沖縄・桜坂セントラル
5/9 (sat)　旭川・CASINO DRIVE
5/10 (sun)　札幌・PENNY LANE 24
5/16 (sat)　横浜・YOKOHAMA BayHall
5/23 (sat)　長野・NAGANO CLUB JUNK BOX
5/24 (sun)　新潟・新潟LOTS 
5/30 (sat)　京都・KYOTO FANJ
5/31 (sun)　岐阜・Club-G
6/12 (fri)　宮城・トークネットホール仙台
6/19 (fri)　大阪・オリックス劇場
6/27 (sat)　福岡・福岡国際会議場メインホール
7/4 (sat)　愛知・岡谷鋼機名古屋公会堂
7/10 (fri)　東京・LINE CUBE SHIBUYA

■About Reol
歌手・作曲家・作詞家・音楽プロデューサー、Reol。
2018 年よりソロでのリリースを開始し、2019 年にはYouTube のチャンネル登録者数が日本人
女性ソロアーティスト史上初の100 万人を突破。
YouTube FanFest Japan 2019 にてゴールド・クリエイター・アワードを受賞。
2020 年、YouTube グローバルキャンペーン“Artist on the Rise” に日本人女性アーティストとして
初選出され、ボートレースCM ソング「第六感」がストリーミング再生1 億回を突破する大ヒット
を記録。
現在、YouTube 登録者数は176万人を突破。総再生回数は12億回を超え、国内外から人気を集めている。

■Official Site
http://reol.jp

■X
Reol：https://twitter.com/rrreol
Reol Official：https://twitter.com/rrreol_official

■Instagram
Reol：https://www.instagram.com/rrreol999/
Reol Official： https://www.instagram.com/rrreol_official/

■TikTok
https://www.tiktok.com/@rrreol999

#Reol ＃美辞学",https://i.ytimg.com/vi/X7-MuBMjNiM/default.jpg,https://www.youtube.com/watch?v=X7-MuBMjNiM
fV-nLp4dV60,Reol - サイサキ  [Live at 'MADE IN FACTION' Tokyo]  #Reol11th,2025-11-08 11:01:16+00:00,2026-03-05T01:55:20.183044,49566,2146,73,PT3M49S,229,False,False,False,none,"【Live Info】
2025年11月9日、自身最大規模となる横浜アリーナでのワンマンライヴ、明日開催！

▷特設サイト
https://reol.jp/feature/Arena_Yokohama
チケット一般発売中
 
【Release Info】
Reol初のライヴ・アルバム「'No title' in NIPPON BUDOKAN」
2025年8月27日(水)発売
配信：https://reol.lnk.to/Notitle
購入リンク: https://Reol.lnk.to/Notitle_CD

【Reol – サイサキ  [Live at 'MADE IN FACTION' Tokyo]】
Reol Japan Tour 2018 MADE IN FACTION at.Zepp Tokyo 2018.11.30

■About Reol
歌手・作曲家・作詞家・音楽プロデューサー、Reol。
2018年よりソロでのリリースを開始し、2019年にはYouTubeのチャンネル登録者数が日本人女性ソロアーティスト史上初の100万人を突破。
YouTube FanFest Japan 2019 にてゴールド・クリエイター・アワードを受賞。
2020年、YouTubeグローバルキャンペーン“Artist on the Rise”に日本人女性アーティストとして初選出され、ボートレースCMソング「第六感」がストリーミング再生1億回を突破する大ヒットを記録。
現在、YouTube登録者数は175万人を突破。総再生回数は12億回を超え、国内外から人気を集めている。

■Official Site
http://reol.jp

■X
Reol： https://twitter.com/rrreol
Reol Official： https://twitter.com/rrreol_official  

■Instagram
Reol： https://www.instagram.com/rrreol999/ 
Reol Official：  https://www.instagram.com/rrreol_official/

■TikTok
https://www.tiktok.com/@rrreol999

#Reol",https://i.ytimg.com/vi/fV-nLp4dV60/default.jpg,https://www.youtube.com/watch?v=fV-nLp4dV60
kCBuHxq2Lww,めくるめく舞台に君を連れて #宵々古今 #Reol #れをる #オリジナル曲 #JPOP,2025-11-05 09:30:26+00:00,2026-03-05T01:55:20.183055,97108,2119,7,PT37S,37,False,True,False,none,,https://i.ytimg.com/vi/kCBuHxq2Lww/default.jpg,https://www.youtube.com/watch?v=kCBuHxq2Lww
bovHFS70AWU,〔れをる Reol〕ついに！出航・・・〔宝鐘マリン〕,2025-11-02 12:47:00+00:00,2026-03-05T01:55:20.183072,251482,11662,134,PT1H38M36S,5916,False,False,False,none,"※この配信はフィクションです
　実在の歌手の女とは関係ありません

◯歌手？の女：れをる（ディアの姿）
◯海賊？の女：宝鐘マリン @HoushouMarine ‬

●待機画面映像編集：Reol https://x.com/RRReol
●れをるイラスト（ディアの姿）：望月けい https://x.com/key_999
●サムネイル、配信画面デザイン：野良いぬ https://x.com/norainu03019
●配信BGM：Giga https://x.com/GigaMozuku

お借りしました！：おとなのプロフィール帳 - About Me - 様

- - -
🤍 NEXT Reol Live

2025/11/9(sun) at 横浜アリーナ

　Reol Oneman Live 「無題」

🎫：https://t.co/PTviKuHajH

- - -
❤ NEXT Marine Live

2026/1/17(sat),18(sun) at Kアリーナ横浜

　hololive 3rd Generation Live #きゅるるん大作戦 〜最強アイドル、推すしかないでしょ〜

🔗：https://operation-heartful-cuties.hololivepro.com/",https://i.ytimg.com/vi/bovHFS70AWU/default.jpg,https://www.youtube.com/watch?v=bovHFS70AWU
BCNmgjuHRM8,2025/11/09 Reol Oneman Live 「無題」 at 横浜アリーナ,2025-11-01 11:00:20+00:00,2026-03-05T01:55:20.183094,21628,1148,45,PT3M6S,186,False,False,False,none,"Reol Oneman Live 2025 ""無題""
at YOKOHAMA ARENA

Dir Reol


友達には話せない秘密を
恋人には話さないプライドを
親には言えない悩みを
君に言わない過去を
誰にわからない痛みを
自分にしか打ち明けられないこの気持ちを
The secrets that I keep from my friends
The pride that I won’t share with my love
The troubles that I don’t tell my parents
The past that I won’t reveal to you
The pain that no one will understand
The feelings that I can confide only to myself

なんだか気疲れしてしまった今日も
ものすごく些細なことにあてられた昨日も
生まれ落ちた不思議を考えてみる朝も
どうしようもなく悲しみが押し寄せる夜も
自分が自分を拒みそうになるときも
On days like today when I feel that I’m drained and
Days like yesterday when I’m affected by trifling things
On mornings when I wonder about the mysteries of being born and
On nights when helpless sorrow billows at me
Or when I feel like I’m going to refuse myself

一体誰のために一体何のために
君のためではないかもしれないのに
いつだって自分が自分を保っているために
今日だって僕が僕に納得するために
時を越えたら　巡り巡ったら
何れいつかどこかにいる誰かのために
For who is it all for, for what is it all for?
I can never say something big, like it’s for you
Always just to hold myself as myself
Even today to accept myself by myself
Over the time, going and coming around
For that someone, somewhere, someday
 
僕は、君に言いたいことがある
There’s something that I want to tell you


🔗チケット一般発売中
https://reol.jp/feature/Arena_Yokohama",https://i.ytimg.com/vi/BCNmgjuHRM8/default.jpg,https://www.youtube.com/watch?v=BCNmgjuHRM8
tEKMft0BDTY,人間なんてだれだって こういうのが好きなんだって#れをる #Reol #ギガンティックOTN #JPOP,2025-10-31 10:01:43+00:00,2026-03-05T01:55:20.183104,2456994,42967,122,PT27S,27,False,True,False,none,,https://i.ytimg.com/vi/tEKMft0BDTY/default.jpg,https://www.youtube.com/watch?v=tEKMft0BDTY
PmxqoLPNeS4,Reol – たい  [Live at '侵攻アップグレード' Tokyo]  #Reol11th,2025-10-25 11:00:51+00:00,2026-03-05T01:55:20.183123,38220,1476,44,PT4M20S,260,False,False,False,none,"【Live Info】
2025年11月9日、自身最大規模となる横浜アリーナでのワンマンライヴが決定 ！
▷特設サイト
https://reol.jp/feature/Arena_Yokohama
チケット一般発売中

【Release Info】
Reol初のライヴ・アルバム「'No title' in NIPPON BUDOKAN」
2025年8月27日(水)発売
配信：https://reol.lnk.to/Notitle
購入リンク: https://Reol.lnk.to/Notitle_CD

【Reol – たい  [Live at '侵攻アップグレード' Tokyo]】
at.新木場STUDIO COAST,Tokyo 2019.10.19

Dance & Choreography by Suichu-megane∞
Shimpei Nemoto, Ayane Nakagawa

■About Reol
歌手・作曲家・作詞家・音楽プロデューサー、Reol。
2018年よりソロでのリリースを開始し、2019年にはYouTubeのチャンネル登録者数が日本人女性ソロアーティスト史上初の100万人を突破。
YouTube FanFest Japan 2019 にてゴールド・クリエイター・アワードを受賞。
2020年、YouTubeグローバルキャンペーン“Artist on the Rise”に日本人女性アーティストとして初選出され、ボートレースCMソング「第六感」がストリーミング再生1億回を突破する大ヒットを記録。
現在、YouTube登録者数は175万人を突破。総再生回数は12億回を超え、国内外から人気を集めている。

■Official Site
http://reol.jp

■X
Reol： https://twitter.com/rrreol
Reol Official： https://twitter.com/rrreol_official  

■Instagram
Reol： https://www.instagram.com/rrreol999/ 
Reol Official：  https://www.instagram.com/rrreol_official/

■TikTok
https://www.tiktok.com/@rrreol999

#Reol",https://i.ytimg.com/vi/PmxqoLPNeS4/default.jpg,https://www.youtube.com/watch?v=PmxqoLPNeS4
3lgkeOvNiAU,なぜ いまこの手と手握って たしかめた体温を 懐かしく思うのか #Reol #れをる #Q? #オリジナル曲 #JPOP,2025-10-24 10:30:03+00:00,2026-03-05T01:55:20.183133,40230,650,2,PT27S,27,False,True,False,none,,https://i.ytimg.com/vi/3lgkeOvNiAU/default.jpg,https://www.youtube.com/watch?v=3lgkeOvNiAU
fx9wIXvzf08,Reol - LUVORATORRRRRY!  [Live at 'ハーメルンの大号令' Tokyo]  #Reol11th,2025-10-18 11:01:13+00:00,2026-03-05T01:55:20.183151,72701,3369,93,PT3M38S,218,False,False,False,none,"【Live Info】
2025年11月9日、自身最大規模となる横浜アリーナでのワンマンライヴが決定 ！
▷特設サイト
https://reol.jp/feature/Arena_Yokohama
チケット一般発売中
 
【Release Info】
Reol初のライヴ・アルバム「'No title' in NIPPON BUDOKAN」
2025年8月27日(水)発売
配信：https://reol.lnk.to/Notitle
購入リンク: https://Reol.lnk.to/Notitle_CD

【Reol - LUVORATORRRRRY!  [Live at 'ハーメルンの大号令' Tokyo] 】
Live at LINE CUBE SHIBUYA,Tokyo 2020.08.16

Dance & Choreography by Suichu-megane∞
Shimpei Nemoto, Ayane Nakagawa

■About Reol
歌手・作曲家・作詞家・音楽プロデューサー、Reol。
2018年よりソロでのリリースを開始し、2019年にはYouTubeのチャンネル登録者数が日本人女性ソロアーティスト史上初の100万人を突破。
YouTube FanFest Japan 2019 にてゴールド・クリエイター・アワードを受賞。
2020年、YouTubeグローバルキャンペーン“Artist on the Rise”に日本人女性アーティストとして初選出され、ボートレースCMソング「第六感」がストリーミング再生1億回を突破する大ヒットを記録。
現在、YouTube登録者数は175万人を突破。総再生回数は12億回を超え、国内外から人気を集めている。

■Official Site
http://reol.jp

■X
Reol： https://twitter.com/rrreol
Reol Official： https://twitter.com/rrreol_official  

■Instagram
Reol： https://www.instagram.com/rrreol999/ 
Reol Official：  https://www.instagram.com/rrreol_official/

■TikTok
https://www.tiktok.com/@rrreol999

#Reol #ハーメルンの大号令",https://i.ytimg.com/vi/fx9wIXvzf08/default.jpg,https://www.youtube.com/watch?v=fx9wIXvzf08
JxaGuDBpcp8,"Reol - NAKED ""カルチュア・カリキュラム"" ディスイズアメリカ",2025-10-15 11:00:38+00:00,2026-03-05T01:55:20.183170,21768,1014,38,PT28M2S,1682,False,False,False,none,"【Live Info】
2025年11月9日、自身最大規模となる横浜アリーナでのワンマンライヴが決定 ！

2025年11月9日（日）
神奈川県 横浜アリーナ
 
▷特設サイト
https://reol.jp/feature/Arena_Yokohama
チケット一般発売中

▷For Overseas Customers Ticket 
https://eplus.tickets/reol-1109/

▷Trip.com(CN)
https://m.ctrip.com/webapp/you/xgspoi/activityPoi/2126/150123474.html?poiId=150123474&seo=0&isHideNavBar=YES   

▷Trip.com(JP)
https://www.trip.com/t/RfSMoGCJ4R2

 
【Release Info】
Reol初のライヴ・アルバム「'No title' in NIPPON BUDOKAN」
2025年8月27日(水)発売
配信：https://reol.lnk.to/Notitle
購入リンク: https://Reol.lnk.to/Notitle_CD

■About Reol
歌手・作曲家・作詞家・音楽プロデューサー、Reol。
2018 年よりソロでのリリースを開始し、2019 年にはYouTube のチャンネル登録者数が日本人
女性ソロアーティスト史上初の100 万人を突破。
YouTube FanFest Japan 2019 にてゴールド・クリエイター・アワードを受賞。
2020 年、YouTube グローバルキャンペーン“Artist on the Rise” に日本人女性アーティストとして
初選出され、ボートレースCM ソング「第六感」がストリーミング再生1 億回を突破する大ヒット
を記録。
現在、YouTube 登録者数は175万人を突破。総再生回数は12億回を超え、国内外から人気を集めている。

■Official Site
http://reol.jp
 
■X
Reol： 
https://x.com/rrreol
Reol Official： 
https://x.com/rrreol_official  
 
■Instagram
Reol： 
https://www.instagram.com/rrreol999/ 
Reol Official：  
https://www.instagram.com/rrreol_official/
 
■TikTok
https://www.tiktok.com/@rrreol999",https://i.ytimg.com/vi/JxaGuDBpcp8/default.jpg,https://www.youtube.com/watch?v=JxaGuDBpcp8
xBlQ9AEQJoQ,Reol - 染[Live at '音沙汰' Tokyo] #Reol11th,2025-10-11 11:01:39+00:00,2026-03-05T01:55:20.183189,41279,1810,60,PT5M1S,301,False,False,False,none,"【Live Info】
2025年11月9日、自身最大規模となる横浜アリーナでのワンマンライヴが決定 ！
▷特設サイト
https://reol.jp/feature/Arena_Yokohama
チケット一般発売中
 
【Release Info】
Reol初のライヴ・アルバム「'No title' in NIPPON BUDOKAN」
2025年8月27日(水)発売
配信：https://reol.lnk.to/Notitle
購入リンク: https://Reol.lnk.to/Notitle_CD

【Reol - 染[Live at '音沙汰' Tokyo]】
Live at LINE CUBE SHIBUYA,Tokyo 2021.06.26

Concertmaster : Satoshi Setsune
Piano : Shunsuke Watanabe

mixing engineer : Takahiro Namekawa
director : Jun Iwasaki


■About Reol
歌手・作曲家・作詞家・音楽プロデューサー、Reol。
2018年よりソロでのリリースを開始し、2019年にはYouTube のチャンネル登録者数が日本人女性ソロアーティスト史上初の100 万人を突破。
YouTube FanFest Japan 2019 にてゴールド・クリエイター・アワードを受賞。
2020年、YouTube グローバルキャンペーン“Artist on the Rise” に日本人女性アーティストとして初選出され、ボートレースCM ソング「第六感」がストリーミング再生1 億回を突破する大ヒットを記録。
現在、YouTube 登録者数は175万人を突破。総再生回数は12億回を超え、国内外から人気を集めている。

■Official Site
http://reol.jp

■X
Reol： https://twitter.com/rrreol
Reol Official： https://twitter.com/rrreol_official  

■Instagram
Reol： https://www.instagram.com/rrreol999/ 
Reol Official：  https://www.instagram.com/rrreol_official/

■TikTok
https://www.tiktok.com/@rrreol999

#Reol #音沙汰 #染",https://i.ytimg.com/vi/xBlQ9AEQJoQ/default.jpg,https://www.youtube.com/watch?v=xBlQ9AEQJoQ
28fCmxXk2C0,Reol - 劣等上等[Live at 'No title' in  NIPPON BUDOKAN] #Reol11th,2025-10-09 11:00:08+00:00,2026-03-05T01:55:20.183209,315099,7078,152,PT4M29S,269,False,False,False,none,"Live at Nippon Budokan 2024.8.17

Dir by Shuichi Bamba

【Live Info】
2025年11月9日、自身最大規模となる横浜アリーナでのワンマンライヴが決定 ！

2025年11月9日（日）
神奈川県 横浜アリーナ
 
▷特設サイト
https://reol.jp/feature/Arena_Yokohama
 
【Release Info】
Reol初のライヴ・アルバム「'No title' in NIPPON BUDOKAN」
2025年8月27日(水)発売
配信：https://reol.lnk.to/Notitle
購入リンク: https://Reol.lnk.to/Notitle_CD
Legit盤ご予約（FC会員限定）:  https://reol.jp/feature/no_title_nippon_budokan_legit

【Legit盤（CD＋T-Shirt）】￥5,500(税込)※ファンクラブ会員限定盤
【通常盤（CD）】￥3,300(税込)

■About Reol
歌手・作曲家・作詞家・音楽プロデューサー、Reol。
2018 年よりソロでのリリースを開始し、2019 年にはYouTube のチャンネル登録者数が日本人
女性ソロアーティスト史上初の100 万人を突破。
YouTube FanFest Japan 2019 にてゴールド・クリエイター・アワードを受賞。
2020 年、YouTube グローバルキャンペーン“Artist on the Rise” に日本人女性アーティストとして
初選出され、ボートレースCM ソング「第六感」がストリーミング再生1 億回を突破する大ヒット
を記録。
現在、YouTube 登録者数は172万人を突破。総再生回数は12億回を超え、国内外から人気を集めている。

■Official Site
http://reol.jp

■X
Reol：https://twitter.com/rrreol
Reol Official：https://twitter.com/rrreol_official

■Instagram
Reol：https://www.instagram.com/rrreol999/
Reol Official： https://www.instagram.com/rrreol_official/

■TikTok
https://www.tiktok.com/@rrreol999

#Reol武道館 #ギガンティックOTN",https://i.ytimg.com/vi/28fCmxXk2C0/default.jpg,https://www.youtube.com/watch?v=28fCmxXk2C0
Dq3_LTuamIY,僕ら巡りあうこと まさに一期一会 #宵々古今 #Reol #れをる #オリジナル曲 #JPOP,2025-10-08 10:00:21+00:00,2026-03-05T01:55:20.183219,69166,1695,11,PT41S,41,False,True,False,none,,https://i.ytimg.com/vi/Dq3_LTuamIY/default.jpg,https://www.youtube.com/watch?v=Dq3_LTuamIY
3XOb9KQoa-U,#Reol11th 6作品目は激情アラート Tokyoより、「Q?」のライヴ映像を公開! #Reol #れをる #Q? #オリジナル曲 #JPOP,2025-10-04 11:00:12+00:00,2026-03-05T01:55:20.183229,65389,1461,8,PT26S,26,False,True,False,none,,https://i.ytimg.com/vi/3XOb9KQoa-U/default.jpg,https://www.youtube.com/watch?v=3XOb9KQoa-U
3hsJtgABaSE,Reol - Q?[Live at '激情アラート' Tokyo] #Reol11th,2025-10-04 11:00:09+00:00,2026-03-05T01:55:20.183246,76534,1525,44,PT3M30S,210,False,False,False,none,"Live at Zepp Haneda, Tokyo 2022.05.13

Bass : Ryosuke Nikamoto
Drums : Shunsuke Uehara

Dance & Choreography by Suichu-megane∞
Shimpei Nemoto, Ayane Nakagawa

Directed by Shuichi Bamba MAZRI Inc

【Live Info】
2025年11月9日、自身最大規模となる横浜アリーナでのワンマンライヴが決定 ！

2025年11月9日（日）
神奈川県 横浜アリーナ
 
▷特設サイト
https://reol.jp/feature/Arena_Yokohama
 
【Release Info】
Reol初のライヴ・アルバム「'No title' in NIPPON BUDOKAN」
2025年8月27日(水)発売
配信：https://reol.lnk.to/Notitle
購入リンク: https://Reol.lnk.to/Notitle_CD

■About Reol
歌手・作曲家・作詞家・音楽プロデューサー、Reol。
2018 年よりソロでのリリースを開始し、2019 年にはYouTube のチャンネル登録者数が日本人
女性ソロアーティスト史上初の100 万人を突破。
YouTube FanFest Japan 2019 にてゴールド・クリエイター・アワードを受賞。
2020 年、YouTube グローバルキャンペーン“Artist on the Rise” に日本人女性アーティストとして
初選出され、ボートレースCM ソング「第六感」がストリーミング再生1 億回を突破する大ヒット
を記録。
現在、YouTube 登録者数は175万人を突破。総再生回数は12億回を超え、国内外から人気を集めている。

■Official Site
http://reol.jp

■X
Reol：https://twitter.com/rrreol
Reol Official：https://twitter.com/rrreol_official

■Instagram
Reol：https://www.instagram.com/rrreol999/
Reol Official： https://www.instagram.com/rrreol_official/

■TikTok
https://www.tiktok.com/@rrreol999

#Reol ＃Q?",https://i.ytimg.com/vi/3hsJtgABaSE/default.jpg,https://www.youtube.com/watch?v=3hsJtgABaSE
9KfDGSZTXdQ,見せ場はこっから 覚悟しとけよ #劣等上等 #Reol #れをる #JPOP,2025-10-01 09:00:16+00:00,2026-03-05T01:55:20.183256,338933,11280,48,PT39S,39,False,True,False,none,,https://i.ytimg.com/vi/9KfDGSZTXdQ/default.jpg,https://www.youtube.com/watch?v=9KfDGSZTXdQ
uYMXZ8babDk,Reol - ゆーれいずみー[Live at '新式浪漫 Neo Nostalgia' Tokyo] #Reol11th,2025-09-27 11:01:42+00:00,2026-03-05T01:55:20.183272,46156,1765,45,PT4M14S,254,False,False,False,none,"Live at TOKYO DOME CITY HALL, Tokyo 2023.01.29

Bass : Ryosuke Nikamoto
Drums : Shunsuke Uehara
Dance by Suichu-megane∞
Shimpei Nemoto, Ayane Nakagawa

Directed by Shuichi Bamba MAZRI Inc

【Live Info】
2025年11月9日、自身最大規模となる横浜アリーナでのワンマンライヴが決定 ！

2025年11月9日（日）
神奈川県 横浜アリーナ
 
▷特設サイト
https://reol.jp/feature/Arena_Yokohama
 
【Release Info】
Reol初のライヴ・アルバム「'No title' in NIPPON BUDOKAN」
2025年8月27日(水)発売
配信：https://reol.lnk.to/Notitle
購入リンク: https://Reol.lnk.to/Notitle_CD

■About Reol
歌手・作曲家・作詞家・音楽プロデューサー、Reol。
2018 年よりソロでのリリースを開始し、2019 年にはYouTube のチャンネル登録者数が日本人
女性ソロアーティスト史上初の100 万人を突破。
YouTube FanFest Japan 2019 にてゴールド・クリエイター・アワードを受賞。
2020 年、YouTube グローバルキャンペーン“Artist on the Rise” に日本人女性アーティストとして
初選出され、ボートレースCM ソング「第六感」がストリーミング再生1 億回を突破する大ヒット
を記録。
現在、YouTube 登録者数は175万人を突破。総再生回数は12億回を超え、国内外から人気を集めている。

■Official Site
http://reol.jp

■X
Reol：https://twitter.com/rrreol
Reol Official：https://twitter.com/rrreol_official

■Instagram
Reol：https://www.instagram.com/rrreol999/
Reol Official： https://www.instagram.com/rrreol_official/

■TikTok
https://www.tiktok.com/@rrreol999

#Reol ＃ゆーれいずみー",https://i.ytimg.com/vi/uYMXZ8babDk/default.jpg,https://www.youtube.com/watch?v=uYMXZ8babDk
DD3HCC9_BaI,"#Reol11th 5作品目は""新式浪漫 Neo Nostalgia Tokyo""より、「ゆーれいずみー」のライヴ映像を公開! #Reol #ゆーれいずみー #オリジナル曲 #JPOP",2025-09-27 11:00:22+00:00,2026-03-05T01:55:20.183282,51775,1032,5,PT45S,45,False,True,False,none,,https://i.ytimg.com/vi/DD3HCC9_BaI/default.jpg,https://www.youtube.com/watch?v=DD3HCC9_BaI
GelMGNmfadE,急な雨天にはもう慣れた 強くなっちゃったわ　#Reol #れをる #綺羅綺羅 #オリジナル曲 #JPOP,2025-09-24 10:00:26+00:00,2026-03-05T01:55:20.183291,154439,3095,22,PT34S,34,False,True,False,none,,https://i.ytimg.com/vi/GelMGNmfadE/default.jpg,https://www.youtube.com/watch?v=GelMGNmfadE
SOzfevRZDyw,"#Reol11th 4作品目は""UNBOX"" black Yokohamaより、「切っ先」のライヴ映像を公開! #Reol #切っ先 #オリジナル曲 #JPOP",2025-09-20 11:00:49+00:00,2026-03-05T01:55:20.183301,46593,830,8,PT33S,33,False,True,False,none,,https://i.ytimg.com/vi/SOzfevRZDyw/default.jpg,https://www.youtube.com/watch?v=SOzfevRZDyw
0W8Q6xip5Vk,Reol - 切っ先[Live at 'UNBOX black' Yokohama],2025-09-20 11:00:01+00:00,2026-03-05T01:55:20.183318,37496,1379,33,PT3M59S,239,False,False,False,none,"Live at KANAGAWA KENMIN HALL 2024.2.18

Bass : Ryosuke Nikamoto
Drums : Shunsuke Uehara
Dancers：Shimpei Nemoto, Ayane Nakagawa, Haruka Tanada, Tatsuro

【Live Info】
2025年11月9日、自身最大規模となる横浜アリーナでのワンマンライヴが決定 ！

2025年11月9日（日）
神奈川県 横浜アリーナ
 
▷特設サイト
https://reol.jp/feature/Arena_Yokohama
 
【Release Info】
Reol初のライヴ・アルバム「'No title' in NIPPON BUDOKAN」
2025年8月27日(水)発売
配信：https://reol.lnk.to/Notitle
購入リンク: https://Reol.lnk.to/Notitle_CD

■About Reol
歌手・作曲家・作詞家・音楽プロデューサー、Reol。
2018 年よりソロでのリリースを開始し、2019 年にはYouTube のチャンネル登録者数が日本人
女性ソロアーティスト史上初の100 万人を突破。
YouTube FanFest Japan 2019 にてゴールド・クリエイター・アワードを受賞。
2020 年、YouTube グローバルキャンペーン“Artist on the Rise” に日本人女性アーティストとして
初選出され、ボートレースCM ソング「第六感」がストリーミング再生1 億回を突破する大ヒット
を記録。
現在、YouTube 登録者数は175万人を突破。総再生回数は12億回を超え、国内外から人気を集めている。

■Official Site
http://reol.jp

■X
Reol：https://twitter.com/rrreol
Reol Official：https://twitter.com/rrreol_official

■Instagram
Reol：https://www.instagram.com/rrreol999/
Reol Official： https://www.instagram.com/rrreol_official/

■TikTok
https://www.tiktok.com/@rrreol999

#Reol #UNBOX #切っ先",https://i.ytimg.com/vi/0W8Q6xip5Vk/default.jpg,https://www.youtube.com/watch?v=0W8Q6xip5Vk
KBDvMfy162o,"Reol - NAKED ""カルチュア・カリキュラム"" 瞬間東名阪",2025-09-19 11:00:42+00:00,2026-03-05T01:55:20.183334,23759,1122,38,PT18M52S,1132,False,False,False,none,"【Live Info】
2025年11月9日、自身最大規模となる横浜アリーナでのワンマンライヴが決定 ！

2025年11月9日（日）
神奈川県 横浜アリーナ
 
▷特設サイト
https://reol.jp/feature/Arena_Yokohama
チケット一般発売中
 
【Release Info】
Reol初のライヴ・アルバム「'No title' in NIPPON BUDOKAN」
2025年8月27日(水)発売
配信：https://reol.lnk.to/Notitle
購入リンク: https://Reol.lnk.to/Notitle_CD

■About Reol
歌手・作曲家・作詞家・音楽プロデューサー、Reol。
2018 年よりソロでのリリースを開始し、2019 年にはYouTube のチャンネル登録者数が日本人
女性ソロアーティスト史上初の100 万人を突破。
YouTube FanFest Japan 2019 にてゴールド・クリエイター・アワードを受賞。
2020 年、YouTube グローバルキャンペーン“Artist on the Rise” に日本人女性アーティストとして
初選出され、ボートレースCM ソング「第六感」がストリーミング再生1 億回を突破する大ヒット
を記録。
現在、YouTube 登録者数は175万人を突破。総再生回数は12億回を超え、国内外から人気を集めている。

■Official Site
http://reol.jp

■X
Reol： 
https://x.com/rrreol
Reol Official： 
https://x.com/rrreol_official  

■Instagram
Reol： 
https://www.instagram.com/rrreol999/ 
Reol Official：  
https://www.instagram.com/rrreol_official/

■TikTok
https://www.tiktok.com/@rrreol999",https://i.ytimg.com/vi/KBDvMfy162o/default.jpg,https://www.youtube.com/watch?v=KBDvMfy162o
VXeQxtmCK_Q,ヴァーチャルだって 突き放さないで #Reol #れをる #ヒビカセ #初音ミク #オリジナル曲 #JPOP,2025-09-17 10:00:49+00:00,2026-03-05T01:55:20.183343,264249,6725,38,PT39S,39,False,True,False,none,,https://i.ytimg.com/vi/VXeQxtmCK_Q/default.jpg,https://www.youtube.com/watch?v=VXeQxtmCK_Q
YpVcC3cN15Q,Reol - 綺羅綺羅[Live at 'カルチュア・カリキュラム' Tokyo] #Reol11th,2025-09-13 11:01:02+00:00,2026-03-05T01:55:20.183359,69012,1790,47,PT3M30S,210,False,False,False,none,"Live at Zepp DiverCity Tokyo 2025.2.2

Bass & Bandleader: Ryosuke Nikamoto
Drums: Shunsuke Uehara

【Live Info】
2025年11月9日、自身最大規模となる横浜アリーナでのワンマンライヴが決定 ！

2025年11月9日（日）
神奈川県 横浜アリーナ
 
▷特設サイト
https://reol.jp/feature/Arena_Yokohama
 
【Release Info】
Reol初のライヴ・アルバム「'No title' in NIPPON BUDOKAN」
2025年8月27日(水)発売
配信：https://reol.lnk.to/Notitle
購入リンク: https://Reol.lnk.to/Notitle_CD

■About Reol
歌手・作曲家・作詞家・音楽プロデューサー、Reol。
2018 年よりソロでのリリースを開始し、2019 年にはYouTube のチャンネル登録者数が日本人
女性ソロアーティスト史上初の100 万人を突破。
YouTube FanFest Japan 2019 にてゴールド・クリエイター・アワードを受賞。
2020 年、YouTube グローバルキャンペーン“Artist on the Rise” に日本人女性アーティストとして
初選出され、ボートレースCM ソング「第六感」がストリーミング再生1 億回を突破する大ヒット
を記録。
現在、YouTube 登録者数は175万人を突破。総再生回数は12億回を超え、国内外から人気を集めている。

■Official Site
http://reol.jp

■X
Reol：https://twitter.com/rrreol
Reol Official：https://twitter.com/rrreol_official

■Instagram
Reol：https://www.instagram.com/rrreol999/
Reol Official： https://www.instagram.com/rrreol_official/

■TikTok
https://www.tiktok.com/@rrreol999

#Reol ＃綺羅綺羅",https://i.ytimg.com/vi/YpVcC3cN15Q/default.jpg,https://www.youtube.com/watch?v=YpVcC3cN15Q
OlMo0joYs2w,今年開催したワンマンツアー'カルチュア・カリキュラム'より、「綺羅綺羅」のライヴ映像を公開! #Reol #綺羅綺羅 #オリジナル曲 #JPOP,2025-09-13 11:00:43+00:00,2026-03-05T01:55:20.183368,91812,1708,12,PT36S,36,False,True,False,none,,https://i.ytimg.com/vi/OlMo0joYs2w/default.jpg,https://www.youtube.com/watch?v=OlMo0joYs2w
QDOn0dI3AdE,お好きに召ませ #オオエドランヴ -十年物 Edition- #Reol #nqrse #れをる #なるせ,2025-09-12 09:00:39+00:00,2026-03-05T01:55:20.183377,184402,3608,12,PT19S,19,False,True,False,none,,https://i.ytimg.com/vi/QDOn0dI3AdE/default.jpg,https://www.youtube.com/watch?v=QDOn0dI3AdE
KXMDQlr6xNM,さぁおいでませ誰彼　#第六感 feat. 東京ゲゲゲイ#Reol #れをる #オリジナル曲 #jpop,2025-09-10 09:00:36+00:00,2026-03-05T01:55:20.183386,219870,3313,14,PT36S,36,False,True,False,none,,https://i.ytimg.com/vi/KXMDQlr6xNM/default.jpg,https://www.youtube.com/watch?v=KXMDQlr6xNM
GHROY-4kL88,乗ってけ今日日前線 #オオエドランヴ -十年物 Edition- #Reol #nqrse #れをる #なるせ,2025-09-08 10:50:36+00:00,2026-03-05T01:55:20.183395,87297,1627,4,PT19S,19,False,True,False,none,,https://i.ytimg.com/vi/GHROY-4kL88/default.jpg,https://www.youtube.com/watch?v=GHROY-4kL88
LfgXJYOn8Z4,暴走止まらないギガンティック#れをる #Giga #Reol #ギガンティックOTN #JPOP,2025-09-06 09:00:27+00:00,2026-03-05T01:55:20.183404,1752752,45014,218,PT32S,32,False,True,False,none,,https://i.ytimg.com/vi/LfgXJYOn8Z4/default.jpg,https://www.youtube.com/watch?v=LfgXJYOn8Z4
3u8I7oRpqks,武道館公演'No title'より「第六感」のライヴ映像を公開！ #Reol #オリジナル曲 #第六感 #jpop,2025-09-02 02:00:04+00:00,2026-03-05T01:55:20.183429,235358,4948,37,PT18S,18,False,True,False,none,,https://i.ytimg.com/vi/3u8I7oRpqks/default.jpg,https://www.youtube.com/watch?v=3u8I7oRpqks
gchi4FQ6CYk,武道館公演'No title'より「ギガンティックO.T.N」のライヴ映像を公開！ ＃Reol #ギガンティックOTN #jpop #オリジナル曲,2025-09-01 02:35:03+00:00,2026-03-05T01:55:20.183440,276922,6800,24,PT27S,27,False,True,False,none,,https://i.ytimg.com/vi/gchi4FQ6CYk/default.jpg,https://www.youtube.com/watch?v=gchi4FQ6CYk
Z-0-t4lcP48,Reol - ギガンティックO.T.N[Live at 'No title' in  NIPPON BUDOKAN] #Reol11th,2025-08-29 08:40:06+00:00,2026-03-05T01:55:20.183458,1514852,39831,791,PT4M29S,269,False,False,False,none,"Live at Nippon Budokan 2024.8.17

Bass & Bandleader: Ryosuke Nikamoto
Drums: Shunsuke Uehara

Dir by Shuichi Bamba

【Live Info】
2025年11月9日、自身最大規模となる横浜アリーナでのワンマンライヴが決定 ！

2025年11月9日（日）
神奈川県 横浜アリーナ
 
▷特設サイト
https://reol.jp/feature/Arena_Yokohama
 
【Release Info】
Reol初のライヴ・アルバム「'No title' in NIPPON BUDOKAN」
2025年8月27日(水)発売
配信：https://reol.lnk.to/Notitle
購入リンク: https://Reol.lnk.to/Notitle_CD
Legit盤ご予約（FC会員限定）:  https://reol.jp/feature/no_title_nippon_budokan_legit

【Legit盤（CD＋T-Shirt）】￥5,500(税込)※ファンクラブ会員限定盤
【通常盤（CD）】￥3,300(税込)

■About Reol
歌手・作曲家・作詞家・音楽プロデューサー、Reol。
2018 年よりソロでのリリースを開始し、2019 年にはYouTube のチャンネル登録者数が日本人
女性ソロアーティスト史上初の100 万人を突破。
YouTube FanFest Japan 2019 にてゴールド・クリエイター・アワードを受賞。
2020 年、YouTube グローバルキャンペーン“Artist on the Rise” に日本人女性アーティストとして
初選出され、ボートレースCM ソング「第六感」がストリーミング再生1 億回を突破する大ヒット
を記録。
現在、YouTube 登録者数は174万人を突破。総再生回数は12億回を超え、国内外から人気を集めている。

■Official Site
http://reol.jp

■X
Reol：https://twitter.com/rrreol
Reol Official：https://twitter.com/rrreol_official

■Instagram
Reol：https://www.instagram.com/rrreol999/
Reol Official： https://www.instagram.com/rrreol_official/

■TikTok
https://www.tiktok.com/@rrreol999

#Reol武道館 #youtubemusicweekend",https://i.ytimg.com/vi/Z-0-t4lcP48/default.jpg,https://www.youtube.com/watch?v=Z-0-t4lcP48
e9FJjxWnrLs,Reol - 第六感 feat. 東京ゲゲゲイ[Live at 'No title' in  NIPPON BUDOKAN] #Reol11th,2025-08-29 08:35:06+00:00,2026-03-05T01:55:20.183478,342995,6497,85,PT3M24S,204,False,False,False,none,"Live at Nippon Budokan 2024.8.17

Bass & Bandleader: Ryosuke Nikamoto
Drums: Shunsuke Uehara

Dancer:
Ayane Nakagawa
Shimpei Nemoto
Haruka Tanada
Tatsuro
Conoa
Rimu Furukawa

Special Guest: MIKEY from TOKYO GEGEGAY

Dir by Shuichi Bamba

世界で話題の、日本発のアーティストをYouTube Musicの「JAPANIQUE」プレイリストで聴こう: https://music.youtube.com/playlist?list=RDCLAK5uy_lN7cCzqFOTV83PeDYGf_6N0DiMF4Pnl2E

【Live Info】
2025年11月9日、自身最大規模となる横浜アリーナでのワンマンライヴが決定 ！
2025年11月9日（日）
神奈川県 横浜アリーナ
 
▷特設サイト
https://reol.jp/feature/Arena_Yokohama
 
【Release Info】
Reol初のライヴ・アルバム「'No title' in NIPPON BUDOKAN」
2025年8月27日(水)発売
配信：https://reol.lnk.to/Notitle
購入リンク: https://Reol.lnk.to/Notitle_CD
Legit盤ご予約（FC会員限定）:  https://reol.jp/feature/no_title_nippon_budokan_legit

【Legit盤（CD＋T-Shirt）】￥5,500(税込)※ファンクラブ会員限定盤
【通常盤（CD）】￥3,300(税込)

■About Reol
歌手・作曲家・作詞家・音楽プロデューサー、Reol。
2018 年よりソロでのリリースを開始し、2019 年にはYouTube のチャンネル登録者数が日本人
女性ソロアーティスト史上初の100 万人を突破。
YouTube FanFest Japan 2019 にてゴールド・クリエイター・アワードを受賞。
2020 年、YouTube グローバルキャンペーン“Artist on the Rise” に日本人女性アーティストとして
初選出され、ボートレースCM ソング「第六感」がストリーミング再生1 億回を突破する大ヒット
を記録。
現在、YouTube 登録者数は172万人を突破。総再生回数は12億回を超え、国内外から人気を集めている。

■Official Site
http://reol.jp

■X
Reol：https://twitter.com/rrreol
Reol Official：https://twitter.com/rrreol_official

■Instagram
Reol：https://www.instagram.com/rrreol999/
Reol Official： https://www.instagram.com/rrreol_official/

■TikTok
https://www.tiktok.com/@rrreol999

#Reol武道館 #第六感 #THESIXTHSENSE #YouTubeMusicWeekend",https://i.ytimg.com/vi/e9FJjxWnrLs/default.jpg,https://www.youtube.com/watch?v=e9FJjxWnrLs
ikTKqgAUEaM,2025.08.17 Reol Oneman Live'No title' in SHANGHAI #reol #notitle,2025-08-20 12:01:21+00:00,2026-03-05T01:55:20.183487,36532,1090,12,PT48S,48,False,True,False,none,,https://i.ytimg.com/vi/ikTKqgAUEaM/default.jpg,https://www.youtube.com/watch?v=ikTKqgAUEaM
58YKS5fR4p4,2025.8.17 謝謝上海 #reol No tittle in Shanghai #ヒビカセ #miku #初音ミク,2025-08-19 03:00:06+00:00,2026-03-05T01:55:20.183497,39002,1010,8,PT31S,31,False,True,False,none,,https://i.ytimg.com/vi/58YKS5fR4p4/default.jpg,https://www.youtube.com/watch?v=58YKS5fR4p4
bPAzH0FWpl8,2025.8.17 Thank you 'No title' in Shanghai!!謝謝🪭 #Reol #オオエドランヴ #nqrse #れをる #なるせ,2025-08-18 03:59:54+00:00,2026-03-05T01:55:20.183507,41232,1281,7,PT27S,27,False,True,False,none,,https://i.ytimg.com/vi/bPAzH0FWpl8/default.jpg,https://www.youtube.com/watch?v=bPAzH0FWpl8
P4yidHD4Vo8,2025年8月17日,2025-08-17 06:29:14+00:00,2026-03-05T01:55:20.183515,46316,2102,18,PT42S,42,False,True,False,none,,https://i.ytimg.com/vi/P4yidHD4Vo8/default.jpg,https://www.youtube.com/watch?v=P4yidHD4Vo8
ntABN3CYrQo,REOL -BDK SCREAM- Official Audio,2025-08-16 15:01:21+00:00,2026-03-05T01:55:20.183534,52488,2739,64,PT7M18S,438,False,False,False,none,"■Reol - Live Album 'No title' in NIPPON BUDOKAN OUT NOW
Listen Here
https://reol.lnk.to/Notitle

REOL BDK SCREAM is 
～-BWW SCREAM-
～ちるちる
～サマーホラーパーティ
～神様になった日
～DetaramE KiddinG
～VIP KID
～エンドレスライン
～ニュータイプトーキョー
～コノヨ Loading...
～ギミアブレスタッナウ

【Release Info】
Reol初のライヴ・アルバム「'No title' in NIPPON BUDOKAN」
2025年8月27日(水)発売
配信：https://reol.lnk.to/Notitle
購入リンク: https://Reol.lnk.to/Notitle_CD
Legit盤ご予約（FC会員限定）:  https://reol.jp/feature/no_title_nippon_budokan_legit

【Legit盤（CD＋T-Shirt）】￥5,500(税込)※ファンクラブ会員限定盤
【通常盤（CD）】￥3,300(税込)

【Live Info】
2025年11月9日、自身最大規模となる横浜アリーナでのワンマンライヴが決定 ！

2025年11月9日（日）
神奈川県 横浜アリーナ
 
▷特設サイト
https://reol.jp/feature/Arena_Yokohama

■About Reol
歌手・作曲家・作詞家・音楽プロデューサー、Reol。
2018 年よりソロでのリリースを開始し、2019 年にはYouTube のチャンネル登録者数が日本人
女性ソロアーティスト史上初の100 万人を突破。
YouTube FanFest Japan 2019 にてゴールド・クリエイター・アワードを受賞。
2020 年、YouTube グローバルキャンペーン“Artist on the Rise” に日本人女性アーティストとして
初選出され、ボートレースCM ソング「第六感」がストリーミング再生1 億回を突破する大ヒット
を記録。
現在、YouTube 登録者数は174万人を突破。総再生回数は11億回を超え、国内外から人気を集めている。

■Official Site
http://reol.jp

■Twitter
Reol：https://twitter.com/rrreol
Reol Official：https://twitter.com/rrreol_official

■Instagram
Reol：https://www.instagram.com/rrreol999/
Reol Official： https://www.instagram.com/rrreol_official/

■TikTok
https://www.tiktok.com/@rrreol999

#Reol",https://i.ytimg.com/vi/ntABN3CYrQo/default.jpg,https://www.youtube.com/watch?v=ntABN3CYrQo
X7NCCRXCOP4,Reol - No title -10 Years Later Edition- Official Audio,2025-08-16 15:00:49+00:00,2026-03-05T01:55:20.183556,336111,23193,715,PT4M26S,266,False,False,False,none,"■Reol - Live Album 'No title' in NIPPON BUDOKAN OUT NOW
Listen Here
https://reol.lnk.to/Notitle

ずっと夢見てた僕になれたかな とうに帰れないとこまで来たみたい
自分の足で二段飛ばしてそうもっと先へ駆けていけるはずだからrun away
深くなる傷を縫い付け 繋ぐパス軸に廻りだす
慣れた痛み、焦る呼吸とビート 気付かないふりしてまた一人

何が正当？ないな永劫 誰が間違った対価払うの
あんたが嫌いなあいつはきっとただ「それだけ」で不正解なんだ
０点だって提言したって全然納得できない理由も
最前線はいつだってここだった 最善策は最初からなかった

緩やかに崩れ壊れてく
ゆるりゆるり首を締めるように昨日までの僕が殺されていく
緩やかに離れ離れ飽く
ぐらりんり君にきこえるのは僕が知らない声になってく


幼い頃から 気付いたら傍にいた
まるで空気のようだ 僕は君とぎゅっと手を繋いで
楽しいことも涙も 僕は君に話して聞かせた
僕を笑う人や貶す声が聞こえぬように君は歌った

この声を君が受信 また夜毎投影されてく憂い
使い捨てだっていって腐っても止まらないハイファイ、ツァイトガイスト
一周巡る間のたった一瞬だけでも交わる鼓動、音、繋ぐ色
次は僕が君に歌歌うから

緩やかに崩れ壊れてく
ゆるりゆるり首を締めるように昨日までの僕が殺されていく
緩やかに離れ離れ飽く
ぐらりんり君にきこえるのは僕が知らない声になってく


いつか君に届くかな いやそんな日はきっと来ないだろうな
声も体も持たぬ君に 救われた何億人の一人
赤青合わせ彩った音で世界が溢れた
巡り巡り出会ったこの音を聴くすべてが「　　　」

緩やかに崩れ壊れてく
ゆるりゆるり首を締めるように昨日までの僕が殺されていく
緩やかに離れ離れ飽く
ぐらりんり君にきこえるのは僕が知らない声になってく

【Release Info】
Reol初のライヴ・アルバム「'No title' in NIPPON BUDOKAN」
2025年8月27日(水)発売
配信：https://reol.lnk.to/Notitle
購入リンク: https://Reol.lnk.to/Notitle_CD
Legit盤ご予約（FC会員限定）:  https://reol.jp/feature/no_title_nippon_budokan_legit

【Legit盤（CD＋T-Shirt）】￥5,500(税込)※ファンクラブ会員限定盤
【通常盤（CD）】￥3,300(税込)

【Live Info】
2025年11月9日、自身最大規模となる横浜アリーナでのワンマンライヴが決定 ！

2025年11月9日（日）
神奈川県 横浜アリーナ
 
▷特設サイト
https://reol.jp/feature/Arena_Yokohama

■About Reol
歌手・作曲家・作詞家・音楽プロデューサー、Reol。
2018 年よりソロでのリリースを開始し、2019 年にはYouTube のチャンネル登録者数が日本人
女性ソロアーティスト史上初の100 万人を突破。
YouTube FanFest Japan 2019 にてゴールド・クリエイター・アワードを受賞。
2020 年、YouTube グローバルキャンペーン“Artist on the Rise” に日本人女性アーティストとして
初選出され、ボートレースCM ソング「第六感」がストリーミング再生1 億回を突破する大ヒット
を記録。
現在、YouTube 登録者数は174万人を突破。総再生回数は11億回を超え、国内外から人気を集めている。

■Official Site
http://reol.jp

■Twitter
Reol：https://twitter.com/rrreol
Reol Official：https://twitter.com/rrreol_official

■Instagram
Reol：https://www.instagram.com/rrreol999/
Reol Official： https://www.instagram.com/rrreol_official/

■TikTok
https://www.tiktok.com/@rrreol999

#Reol #notitle",https://i.ytimg.com/vi/X7NCCRXCOP4/default.jpg,https://www.youtube.com/watch?v=X7NCCRXCOP4
LDGU9T20n4w,君となら前途洋々 #reol #煽げや尊し #オリジナル曲 #jpop #れをる,2025-08-16 08:15:24+00:00,2026-03-05T01:55:20.183566,38645,805,4,PT14S,14,False,True,False,none,,https://i.ytimg.com/vi/LDGU9T20n4w/default.jpg,https://www.youtube.com/watch?v=LDGU9T20n4w
2BosgxP39kI,お好きに召しませ さばかりに強か #オオエドランヴ -十年物 Edition- #Reol #nqrse #れをる #なるせ,2025-08-15 10:38:34+00:00,2026-03-05T01:55:20.183575,154350,3469,15,PT25S,25,False,True,False,none,,https://i.ytimg.com/vi/2BosgxP39kI/default.jpg,https://www.youtube.com/watch?v=2BosgxP39kI
1nnJRej6YLM,焔上がりし他の女子らの心臓 #オオエドランヴ -十年物 Edition- #Reol #nqrse #れをる #なるせ,2025-08-15 10:35:35+00:00,2026-03-05T01:55:20.183584,95630,3672,8,PT18S,18,False,True,False,none,,https://i.ytimg.com/vi/1nnJRej6YLM/default.jpg,https://www.youtube.com/watch?v=1nnJRej6YLM
wjLQogpTyIA,胸張ってさあさ愛し #Reol #煽げや尊し #オリジナル曲 #Jpop #お盆休み,2025-08-15 02:01:13+00:00,2026-03-05T01:55:20.183593,24689,655,6,PT18S,18,False,True,False,none,,https://i.ytimg.com/vi/wjLQogpTyIA/default.jpg,https://www.youtube.com/watch?v=wjLQogpTyIA
8x9PKBufh_o,あれもこれもなんだ縁じゃないか #Reol #煽げや尊し #オリジナル曲 #Jpop #お盆休み,2025-08-14 01:09:57+00:00,2026-03-05T01:55:20.183602,41103,981,11,PT25S,25,False,True,False,none,,https://i.ytimg.com/vi/8x9PKBufh_o/default.jpg,https://www.youtube.com/watch?v=8x9PKBufh_o
4y8sFxfa_mg,あれもこれもなんだ縁じゃないか #Reol #煽げや尊し #オリジナル曲 #Jpop #お盆,2025-08-13 01:59:16+00:00,2026-03-05T01:55:20.183611,47434,1060,6,PT25S,25,False,True,False,none,,https://i.ytimg.com/vi/4y8sFxfa_mg/default.jpg,https://www.youtube.com/watch?v=4y8sFxfa_mg
5H7a4w3UZvM,あゝ乱世に花 咲き誇れや #Reol #煽げや尊し #オリジナル曲 #Jpop #送り盆 #お盆休み,2025-08-12 01:53:58+00:00,2026-03-05T01:55:20.183620,39258,1030,15,PT17S,17,False,True,False,none,,https://i.ytimg.com/vi/5H7a4w3UZvM/default.jpg,https://www.youtube.com/watch?v=5H7a4w3UZvM
NvoGyC5nVCY,衝動的で無敵 #Reol #煽げや尊し #オリジナル曲 #jpop #送り盆 #夏ソング,2025-08-11 02:40:07+00:00,2026-03-05T01:55:20.183628,41626,1138,12,PT17S,17,False,True,False,none,,https://i.ytimg.com/vi/NvoGyC5nVCY/default.jpg,https://www.youtube.com/watch?v=NvoGyC5nVCY
B2PPwmznlJg,ええじゃないか それぞれ #Reol #煽げや尊し #夏 #オリジナル曲 #jpop,2025-08-10 01:59:58+00:00,2026-03-05T01:55:20.183637,62078,1697,14,PT16S,16,False,True,False,none,,https://i.ytimg.com/vi/B2PPwmznlJg/default.jpg,https://www.youtube.com/watch?v=B2PPwmznlJg
mzyURTdy8HY,2025年8月9日,2025-08-09 05:36:56+00:00,2026-03-05T01:55:20.455666,64086,1911,18,PT14S,14,False,True,False,none,,https://i.ytimg.com/vi/mzyURTdy8HY/default.jpg,https://www.youtube.com/watch?v=mzyURTdy8HY
38zFT05sqfE,Reol - 極彩色[Live at 'No title' in  NIPPON BUDOKAN],2025-07-29 12:00:05+00:00,2026-03-05T01:55:20.455706,104521,3056,104,PT4M25S,265,False,False,False,none,"Live at Nippon Budokan 2024.8.17

Bass & Bandleader: Ryosuke Nikamoto
Drums: Shunsuke Uehara

Dir by Shuichi Bamba

【Live Info】
2025年11月9日、自身最大規模となる横浜アリーナでのワンマンライヴが決定 ！

2025年11月9日（日）
神奈川県 横浜アリーナ
 
▷特設サイト
https://reol.jp/feature/Arena_Yokohama
 
【Release Info】
Reol初のライヴ・アルバム「'No title' in NIPPON BUDOKAN」
2025年8月27日(水)発売
購入リンク: https://Reol.lnk.to/Notitle_CD
Legit盤ご予約（FC会員限定）:  https://reol.jp/feature/no_title_nippon_budokan_legit

【Legit盤（CD＋T-Shirt）】￥5,500(税込)※ファンクラブ会員限定盤
【通常盤（CD）】￥3,300(税込)

■About Reol
歌手・作曲家・作詞家・音楽プロデューサー、Reol。
2018 年よりソロでのリリースを開始し、2019 年にはYouTube のチャンネル登録者数が日本人
女性ソロアーティスト史上初の100 万人を突破。
YouTube FanFest Japan 2019 にてゴールド・クリエイター・アワードを受賞。
2020 年、YouTube グローバルキャンペーン“Artist on the Rise” に日本人女性アーティストとして
初選出され、ボートレースCM ソング「第六感」がストリーミング再生1 億回を突破する大ヒット
を記録。
現在、YouTube 登録者数は172万人を突破。総再生回数は12億回を超え、国内外から人気を集めている。

■Official Site
http://reol.jp

■X
Reol：https://twitter.com/rrreol
Reol Official：https://twitter.com/rrreol_official

■Instagram
Reol：https://www.instagram.com/rrreol999/
Reol Official： https://www.instagram.com/rrreol_official/

■TikTok
https://www.tiktok.com/@rrreol999

#Reol武道館 #極彩色",https://i.ytimg.com/vi/38zFT05sqfE/default.jpg,https://www.youtube.com/watch?v=38zFT05sqfE
3ZgyUbINKwQ,"須田景凪 presents ""MINGLE -三面鏡-""でレディーレをライヴ初披露🎙️ #MINGLE #須田景凪 #Chevon #Reol #バルーン",2025-07-26 14:01:59+00:00,2026-03-05T01:55:20.455721,34772,1202,14,PT41S,41,False,True,False,none,,https://i.ytimg.com/vi/3ZgyUbINKwQ/default.jpg,https://www.youtube.com/watch?v=3ZgyUbINKwQ
WIzI0VTtXZw,この季節が来ました🏮☀️ #煽げや尊し #reol,2025-07-26 11:40:45+00:00,2026-03-05T01:55:20.455732,69385,2241,18,PT16S,16,False,True,False,none,,https://i.ytimg.com/vi/WIzI0VTtXZw/default.jpg,https://www.youtube.com/watch?v=WIzI0VTtXZw
UeRoGXz3CIE,🪭🎆 #Reol #宵々古今 #DPF25,2025-07-12 11:29:14+00:00,2026-03-05T01:55:20.455741,62014,1405,9,PT33S,33,False,True,False,none,,https://i.ytimg.com/vi/UeRoGXz3CIE/default.jpg,https://www.youtube.com/watch?v=UeRoGXz3CIE
5VScstW_YBo,掻っ攫え 此処は女が御宮 #オオエドランヴ -十年物 Edition- #Reol #nqrse #れをる #なるせ,2025-07-04 09:31:42+00:00,2026-03-05T01:55:20.455751,717310,15589,30,PT17S,17,False,True,False,none,,https://i.ytimg.com/vi/5VScstW_YBo/default.jpg,https://www.youtube.com/watch?v=5VScstW_YBo
8jmPzbr0dY8,オオエドランヴ -DEAD POP REMIX- 🔥 Thank you DEAD POP FESTiVAL and #SiM #Reol #DPF25,2025-06-28 15:15:41+00:00,2026-03-05T01:55:20.455760,704765,17879,46,PT52S,52,False,True,False,none,,https://i.ytimg.com/vi/8jmPzbr0dY8/default.jpg,https://www.youtube.com/watch?v=8jmPzbr0dY8
TY_nKh92bPs,乱れ乱れ巡る血の侭 #オオエドランヴ -十年物 Edition- #Reol #nqrse #れをる #なるせ,2025-06-27 14:31:37+00:00,2026-03-05T01:55:20.455770,1033022,31631,42,PT22S,22,False,True,False,none,,https://i.ytimg.com/vi/TY_nKh92bPs/default.jpg,https://www.youtube.com/watch?v=TY_nKh92bPs
fdf5CLlg_FY,2025/11/09 Reol Oneman Live「無題」in YOKOHAMA ARENAチケット一般発売中 #Reol横アリ無題 #劣等上等,2025-06-24 08:15:01+00:00,2026-03-05T01:55:20.455779,804752,14572,65,PT27S,27,False,True,False,none,,https://i.ytimg.com/vi/fdf5CLlg_FY/default.jpg,https://www.youtube.com/watch?v=fdf5CLlg_FY
p6_2lKC583Y,のってけ今日日前線 女が御宮 #オオエドランヴ -十年物 Edition- #Reol #nqrse #れをる #なるせ,2025-06-21 11:20:14+00:00,2026-03-05T01:55:20.455789,30078,2239,1,PT17S,17,False,True,False,none,,https://i.ytimg.com/vi/p6_2lKC583Y/default.jpg,https://www.youtube.com/watch?v=p6_2lKC583Y
V_oC6pBMUUY,Let’s get started with #オオエドランヴ -十年物 Edition- #Reol #nqrse #れをる #なるせ,2025-06-21 04:20:35+00:00,2026-03-05T01:55:20.455798,3514032,132624,214,PT30S,30,False,True,False,none,,https://i.ytimg.com/vi/V_oC6pBMUUY/default.jpg,https://www.youtube.com/watch?v=V_oC6pBMUUY
n1OAi9Al-kw,Reol - オオエドランヴ feat. nqrse -十年物 Edition- Official Audio,2025-06-17 15:01:30+00:00,2026-03-05T01:55:20.455824,2027609,40808,506,PT3M57S,237,False,False,False,none,"■Reol - New Digital Single 'オオエドランヴ feat. nqrse - 十年物 Edition -' OUT NOW
Listen Here
https://lnk.to/Ooedoranvu_

Let's Get Started で All Eyes On Me
利口故に跡を濁す立つ鳥
ジャックしなHomie 花魁'sの耳
搔き回し空気凍らすのみ

舞台にShawty上には日章旗
No Flex No Ballin' Gold Chain Rolex？
Don't Miss It このマイク一本のみ

いざ Ready Steady Re-Ready Steady
これ聞きゃ忘れてた連中でも
思い出すハズ もう1回 K*** Them All
香り立つ コレ10年物 

BDK

出し惜しみしようか
正真正銘 Showdown
百花繚乱かな
おいであそばせ 武道館

咲かせ咲かせや葵の花 御代に舞い散れ今宵も只
天下の舞台は我らが園 この血その徳とす
乱れ乱れ巡る血の侭 月を誘え西の方
女が狂わし浮世の矢狭間御江戸は万世

こちとら酸いも甘いも苦いのまでも承知
故にこの望みも少し不条理 恐れる様になった奥の女子
脱がす袴次は男を堪能 

幾重もの困難屠る猛者
だけが歩けるこの道は 御鈴廊下
何処の馬の骨だその差金は
まぁまず、罪の重さを自分の目で確かめな

のってけ今日日前線 女の御宮 
気高く生きませ 血潮に酔い好い
掻っ攫え 此処は女の御宮 
お好きに召ませ さばかりに強か

我抜きで改革なんてお主片腹痛いわ
頭が高過ぎる、ここで腹切りしたいか？
何も恐れないなら できる凱旋
できない物は直ぐ踵を返せ

「己を信じる者だけ信じていろ」 
""奴が待つなら仕える筈だ""
その返事が陰と陽壊す 
我の言葉が心の臓を刺す

鈴音が伝う「いざ」おなごはいく 
耐え難き運命に耐えし時

ただ確かな愛 最初から毛頭ない女子達は
一夜の関係それで用は終わりだ 
文句ある奴は四の五の言わず
来るならこいよこの身の程知らず

天晴れ天下戦線女の御宮 
凛々しく生きませ今宵は酔い好い
真っ盛り此処は女の御宮 
交じり乱れませ 毎夜舞う花びら

いたいけな心落ち着かす竜胆
移ろいゆく貴方の気持ちや何処
その儚き夢実りし刻屹度
賑やに華やぐ我が身より一層
焔上がりし他の女子らの心臓
とうに辟易をかしものならば幾夜
共にいざ行かん 歩きだす一歩

大義胸に行け 誇り高き日本

のってけ今日日前線 女の御宮 
気高く生きませ 血潮に酔い好い
掻っ攫え 此処は女の御宮 
お好きに召しませ 奥まで

天晴れ天下戦線 女の御宮 
凛々しく生きませ 今宵は酔い好い
真っ盛り 此処は女が御宮 交じり乱れませ
最初から過ち 毎夜舞う花びら

此処では誰彼仇同士
「仰せの侭」振る舞いや強引
お国の為ならその御身 
骨の髄まで染まりませ

存じる人もこの国じゃ
此処だけという 
御方様並べはべらせる強欲
今夜の御閏は誰が待つ大奥 
老若男女修羅場の途中

【Live Info】
2025年11月9日、自身最大規模となる横浜アリーナでのワンマンライヴが決定 ！

2025年11月9日（日）
神奈川県 横浜アリーナ
 
▷特設サイト
https://reol.jp/feature/Arena_Yokohama

■About Reol
歌手・作曲家・作詞家・音楽プロデューサー、Reol。
2018 年よりソロでのリリースを開始し、2019 年にはYouTube のチャンネル登録者数が日本人
女性ソロアーティスト史上初の100 万人を突破。
YouTube FanFest Japan 2019 にてゴールド・クリエイター・アワードを受賞。
2020 年、YouTube グローバルキャンペーン“Artist on the Rise” に日本人女性アーティストとして
初選出され、ボートレースCM ソング「第六感」がストリーミング再生1 億回を突破する大ヒット
を記録。
現在、YouTube 登録者数は173万人を突破。総再生回数は11億回を超え、国内外から人気を集めている。

■Official Site
http://reol.jp

■Twitter
Reol：https://twitter.com/rrreol
Reol Official：https://twitter.com/rrreol_official

■Instagram
Reol：https://www.instagram.com/rrreol999/
Reol Official： https://www.instagram.com/rrreol_official/

■TikTok
https://www.tiktok.com/@rrreol999

#Reol #nqrse #オオエドランヴ",https://i.ytimg.com/vi/n1OAi9Al-kw/default.jpg,https://www.youtube.com/watch?v=n1OAi9Al-kw
Fg4qyH1YQJo,"Thanks for the hottest night, Guangzhou!#CultureCurriculum2025 #Reol #不乱不破",2025-06-07 01:57:10+00:00,2026-03-05T01:55:20.455834,54193,589,15,PT43S,43,False,True,False,none,,https://i.ytimg.com/vi/Fg4qyH1YQJo/default.jpg,https://www.youtube.com/watch?v=Fg4qyH1YQJo
bzGw7YoSX8I,THANK YOU Hong Kong!!We will be back! 🫶#CultureCurriculum2025 #Reol,2025-06-03 15:13:12+00:00,2026-03-05T01:55:20.455844,38374,800,7,PT47S,47,False,True,False,none,,https://i.ytimg.com/vi/bzGw7YoSX8I/default.jpg,https://www.youtube.com/watch?v=bzGw7YoSX8I
komQh4f3cVE,Tonight is the Reol Oneman Tour 2025 Culture Curriculum in Hong Kong! Let's have fun together!,2025-06-03 02:52:04+00:00,2026-03-05T01:55:20.455853,30264,640,6,PT14S,14,False,True,False,none,,https://i.ytimg.com/vi/komQh4f3cVE/default.jpg,https://www.youtube.com/watch?v=komQh4f3cVE
GrotKtfHRiU,See you soon❣️#Reol #AnimeBoston2025 #notitle,2025-06-01 05:43:26+00:00,2026-03-05T01:55:20.455862,31631,816,13,PT47S,47,False,True,False,none,,https://i.ytimg.com/vi/GrotKtfHRiU/default.jpg,https://www.youtube.com/watch?v=GrotKtfHRiU
x4v9un1a7Co,Thank you Boston!! #Reol #AnimeBoston2025 #Notitle,2025-05-30 09:10:26+00:00,2026-03-05T01:55:20.455871,30692,1068,16,PT40S,40,False,True,False,none,,https://i.ytimg.com/vi/x4v9un1a7Co/default.jpg,https://www.youtube.com/watch?v=x4v9un1a7Co
zcOfmfJtFfg,Wandering the autumn sky #Reol - #切っ先 [#UNBOX blackより]｜TVアニメ「#るろうに剣心 －明治剣客浪漫譚－」  #るろ剣,2025-05-29 12:12:04+00:00,2026-03-05T01:55:20.455881,60360,1422,12,PT25S,25,False,True,False,none,,https://i.ytimg.com/vi/zcOfmfJtFfg/default.jpg,https://www.youtube.com/watch?v=zcOfmfJtFfg
Dai_5Wko7gA,みんなも不乱不破踊ってね〜 #Reol #陈乐一 #不乱不破 #最後まで見て #星穹铁道演唱会 #崩坏星穹铁道 #崩壊スターレイル #StarRailLIVE2025,2025-05-07 09:27:36+00:00,2026-03-05T01:55:20.455891,139604,5200,44,PT41S,41,False,True,False,none,,https://i.ytimg.com/vi/Dai_5Wko7gA/default.jpg,https://www.youtube.com/watch?v=Dai_5Wko7gA
EbTcjwNy8Jk,2025/8/17(sun)Reol Oneman Live 'No title' in SHANGHAI 開催決定！昨年開催した武道館公演を、上海で再演します✧✧続報をお楽しみに🧊,2025-05-06 12:19:43+00:00,2026-03-05T01:55:20.455904,34507,957,10,PT42S,42,False,True,False,none,,https://i.ytimg.com/vi/EbTcjwNy8Jk/default.jpg,https://www.youtube.com/watch?v=EbTcjwNy8Jk
_4CBx6Pih_c,後半・重大告知アリ｜シアトル&上海出張篇 #無題教室 vol.3〔 #Reol #れをる〕,2025-05-06 12:18:02+00:00,2026-03-05T01:55:20.455919,17882,798,8,PT1H8M57S,4137,False,False,False,none,"配信ハッシュタグ #無題教室｜配信ファンアート #れをるゑ
本日のサムネイル：樒華 さん　

▼次回ライヴ / NEXT LIVE
2025.05.23-25 BOSTON U.S. / Anime Boston at. Hynes Convention Center

▼バルーン(須田景凪) 企画アルバム「Fall Apart」に参加しました！
https://fallapart.jp/

▼2025.11.09 横浜アリーナ単独公演「無題」チケット一般発売中　https://reol.jp/feature/Arena_Yokohama

▼2024.08.17 日本武道館単独公演「No title」BD/DVD発売中
https://reol.lnk.to/Notitle0817",https://i.ytimg.com/vi/_4CBx6Pih_c/default.jpg,https://www.youtube.com/watch?v=_4CBx6Pih_c
AVWqNgyu3uI,Thank you StarRailLIVE2025💫 #星穹铁道演唱会 #崩坏星穹铁道 #崩壊スターレイル #StarRailLIVE2025 #Reol,2025-05-05 09:31:02+00:00,2026-03-05T01:55:20.455930,55473,3090,56,PT38S,38,False,True,False,none,,https://i.ytimg.com/vi/AVWqNgyu3uI/default.jpg,https://www.youtube.com/watch?v=AVWqNgyu3uI
nRw47UqTAIk,Thank you Seattle!! #Reol #Sakuracon2025 #Seattle #LUVORATORRRRRY,2025-04-29 02:55:07+00:00,2026-03-05T01:55:20.455939,46606,1260,34,PT36S,36,False,True,False,none,,https://i.ytimg.com/vi/nRw47UqTAIk/default.jpg,https://www.youtube.com/watch?v=nRw47UqTAIk
fGT20BATl_U,Party all rigtht!!!! #Reol - #感情御中 [Live at 'No title' in Nippon Budokan]｜ マクドナルド北米キャンペーンCMソング,2025-04-24 08:55:02+00:00,2026-03-05T01:55:20.455949,275923,3810,16,PT23S,23,False,True,False,none,,https://i.ytimg.com/vi/fGT20BATl_U/default.jpg,https://www.youtube.com/watch?v=fGT20BATl_U
ESzcWSY3Yys,2025年4月19日,2025-04-19 08:17:26+00:00,2026-03-05T01:55:20.455958,31860,1075,6,PT16S,16,False,True,False,none,,https://i.ytimg.com/vi/ESzcWSY3Yys/default.jpg,https://www.youtube.com/watch?v=ESzcWSY3Yys
AJGu3ySg3xs,わるい夢なら　覚めて欲しい #レディーレ（バルーンcover） is now on sale #reol #椎乃味醂,2025-04-16 09:25:26+00:00,2026-03-05T01:55:20.455967,36377,1181,8,PT15S,15,False,True,False,none,,https://i.ytimg.com/vi/AJGu3ySg3xs/default.jpg,https://www.youtube.com/watch?v=AJGu3ySg3xs
PZM5sxYhBgE,ライヴで我々がやっている振り付け👆覚えて一緒にやろう👆#Reol #劣等上等,2025-04-15 11:53:17+00:00,2026-03-05T01:55:20.455976,171660,5081,46,PT26S,26,False,True,False,none,,https://i.ytimg.com/vi/PZM5sxYhBgE/default.jpg,https://www.youtube.com/watch?v=PZM5sxYhBgE
V7MiDw5ukcI,Edge #Reol - #切っ先 [Reol Oneman Live 2023/24 #UNBOX blackより]｜アニメ「るろうに剣心 －明治剣客浪漫譚－」EDテーマ #るろうに剣心 #るろ剣,2025-04-13 05:11:28+00:00,2026-03-05T01:55:20.455986,93711,2280,15,PT21S,21,False,True,False,none,,https://i.ytimg.com/vi/V7MiDw5ukcI/default.jpg,https://www.youtube.com/watch?v=V7MiDw5ukcI
oR_4WrNJeHc,ゲスト・須田景凪 (バルーン)｜横浜CENTRAL FES篇 #無題教室 vol.2〔 #Reol #れをる〕,2025-04-12 12:43:23+00:00,2026-03-05T01:55:20.455999,18213,752,15,PT1H32M46S,5566,False,False,False,none,"本日のサムネイル：moon さん

▼次回ライヴ / NEXT LIVE
2025.04.18-20 SEATTLE/SAKURA-CON2025 at. Seattle Convention Center

▼バルーン(須田景凪) 企画アルバム「Fall Apart」に参加しました！
https://fallapart.jp/

▼2025.4.16「カルチュア・カリキュラム 」MUSIC ON!TV(エムオン!)にて最速放送！

▼2025.11.09 横浜アリーナ単独公演「無題」チケット一般発売中　https://reol.jp/feature/Arena_Yokohama

▼2024.08.17 日本武道館単独公演「No title」BD/DVD発売中
https://reol.lnk.to/Notitle0817",https://i.ytimg.com/vi/oR_4WrNJeHc/default.jpg,https://www.youtube.com/watch?v=oR_4WrNJeHc
Dk1hiDrCJmA,4/16 22:00 M-ON!でツアーファイナルの様子を独占放送！お楽しみに#Reol - #RERESCUE [#カルチュアカリキュラム]｜TVアニメ『#青の祓魔師 雪ノ果篇』OPテーマ #青エク,2025-04-09 10:04:23+00:00,2026-03-05T01:55:20.456009,48693,1086,8,PT21S,21,False,True,False,none,,https://i.ytimg.com/vi/Dk1hiDrCJmA/default.jpg,https://www.youtube.com/watch?v=Dk1hiDrCJmA
Tl05rkXnqsI,"THANK YOU!! CENTRAL FES ""VIVAL"" 横浜アリーナでまた会いましょう。 #終演後の様子 #Reol",2025-04-06 10:28:14+00:00,2026-03-05T01:55:20.456018,56684,1549,19,PT35S,35,False,True,False,none,,https://i.ytimg.com/vi/Tl05rkXnqsI/default.jpg,https://www.youtube.com/watch?v=Tl05rkXnqsI
086VKd9EH_k,VIVALありがとうございました！11/9、横浜アリーナで会いましょう🔥 #Reol #VIVAL  #CENTRAL_FEST #ヒビカセ,2025-04-05 12:16:05+00:00,2026-03-05T01:55:20.456027,123519,3876,30,PT31S,31,False,True,False,none,,https://i.ytimg.com/vi/086VKd9EH_k/default.jpg,https://www.youtube.com/watch?v=086VKd9EH_k
7p5ziJfxaTc,#Reol - #感情御中 - WANT U LUV IT [Live at 'No title' in Nippon Budokan]｜ マクドナルド北米キャンペーンCMソング,2025-04-03 09:44:21+00:00,2026-03-05T01:55:20.456037,196717,3831,32,PT22S,22,False,True,False,none,,https://i.ytimg.com/vi/7p5ziJfxaTc/default.jpg,https://www.youtube.com/watch?v=7p5ziJfxaTc
TJxbRycaUvs,初回放送｜#無題教室 vol.1〔 #Reol #れをる〕,2025-03-29 14:34:05+00:00,2026-03-05T01:55:20.456049,34791,1666,53,PT3H22M28S,12148,False,False,False,none,"本日のサムネイル：を色　さん

！重要！
・2025.11.09 横浜アリーナ公演「無題」チケット一般発売中　https://reol.jp/feature/Arena_Yokohama
・日本武道館公演「No title」BD/DVD発売中 https://reol.lnk.to/Notitle0817
・最新TOUR「カルチュア・カリキュラム 」MUSIC ON!TV(エムオン!)にてライヴ映像最速放送決定！続報お待ち下さい
・次回ライヴ　2025.04.05 横浜/CENTRAL FES -VIVAL- at. KT Zepp Yokohama",https://i.ytimg.com/vi/TJxbRycaUvs/default.jpg,https://www.youtube.com/watch?v=TJxbRycaUvs
v47MqUK9CYU,オオエドランヴ feat. nqrse in Nippon Budokan🪭,2025-02-14 12:41:00+00:00,2026-03-05T01:55:20.456058,75531,2451,7,PT25S,25,False,True,False,none,,https://i.ytimg.com/vi/v47MqUK9CYU/default.jpg,https://www.youtube.com/watch?v=v47MqUK9CYU
7XIKr2mcHIA,Reol - オオエドランヴ feat. nqrse[Live at 'No title' in  NIPPON BUDOKAN],2025-02-14 12:00:06+00:00,2026-03-05T01:55:20.456086,6255298,83076,902,PT3M51S,231,False,False,False,none,"Live at Nippon Budokan 2024.8.17

Bass & Bandleader: Ryosuke Nikamoto
Drums: Shunsuke Uehara

Dancer:
Ayane Nakagawa
Shimpei Nemoto
Haruka Tanada
Tatsuro
Conoa
Rimu Furukawa

Special Guest: nqrse

Dir by Shuichi Bamba

Reol「Reol Oneman Live 'No title' in NIPPON BUDOKAN」
2025年1月15日(水)発売
https://Reol.lnk.to/Notitle0817

【Live Info】
2025年11月9日、自身最大規模となる横浜アリーナでのワンマンライヴが決定 ！

2025年11月9日（日）
神奈川県 横浜アリーナ
 
▷特設サイト
https://reol.jp/feature/Arena_Yokohama


Bass : Ryosuke Nikamoto
Drums : Shunsuke Uehara

Dancer:
Ayane Nakagawa
Shimpei Nemoto
Haruka Tanada
Tatsuro
Conoa
Rimu Furukawa

Let's Get Started で All Eyes On Me
利口故に跡を濁す立つ鳥
ジャックしなHomie 花魁'sの耳
搔き回し空気凍らすのみ

舞台にShawty上には日章旗
No Flex No Ballin' Gold Chain Rolex？
Don't Miss It このマイク一本のみ

いざ Ready Steady Re-Ready Steady
これ聞きゃ忘れてた連中でも
思い出すハズ もう1回 K*** Them All
香り立つ コレ10年物 

BDK

出し惜しみしようか
正真正銘 Showdown
百花繚乱かな
おいであそばせ 武道館

繚乱する奥の間から目指す昇華
気付けばもう既に一切の不安
も恐れも無く ほらその手の蘭
翳して舞え 大江戸乱舞

咲かせ咲かせや葵の花 御代に舞い散れ今宵も只
天下の舞台は我らが園 この血その徳とす
乱れ乱れ巡る血の侭 月を誘え西の方
女が狂わし浮世の矢狭間御江戸は万世

こちとら酸いも甘いも苦いのまでも承知
故にこの望みも少し不条理 恐れる様になった奥の女子
脱がす袴次は男を堪能 

幾重もの困難屠る猛者
だけが歩けるこの道は 御鈴廊下
何処の馬の骨だその差金は
まぁまず、罪の重さを自分の目で確かめな

のってけ今日日前線 女が御宮 
気高く生きませ 血潮に酔い好い
掻っ攫え 此処は女が御宮 
お好きに召ませ さばかりに強か

我抜きで改革なんてお主片腹痛いわ
頭が高過ぎる、ここで腹切りしたいか？
何も恐れないなら できる凱旋
できない物は直ぐ踵を返せ

「己を信じる者だけ信じていろ」 
""奴が待つなら仕る筈だ""
その返事が陰と陽壊す 
我の言葉が心の臓を刺す

鈴音が伝う「いざ」おなごはいく 
耐え難き運命に耐えし時

ただ確かな愛 最初から毛頭ない女子達は
一夜の関係それで用は終わりだ 
文句ある奴は四の五の言わず
来るならこいよこの身の程知らず

天晴れ天下戦線女が御宮 
凛々しく生きませ今宵は酔い好い
真っ盛り此処は女が御宮 
交じり乱れませ 毎夜舞う花びら

いたいけな心落ち着かす竜胆
移ろいゆく貴方の気持ちや何処
その儚き夢実りし刻屹度
賑やに華やぐ我が身より一層
焔上がりし他の女子らの心臓
とうに辟易をかしものならば幾夜
共にいざ行かん 歩きだす一歩

大義胸に行け 誇り高き日本

のってけ今日日前線 女が御宮 
気高く生きませ 血潮に酔い好い
掻っ攫え 此処は女が御宮 
お好きに召しませ 奥まで

天晴れ天下戦線 女が御宮 
凛々しく生きませ 今宵は酔い好い
真っ盛り 此処は女が御宮 交じり乱れませ
最初から過ち 毎夜舞う花びら

此処では誰彼仇同士
「仰せの侭」振る舞いや強引
お国の為ならその御身 
骨の髄まで染まりませ

存じる人もこの国じゃ
此処だけという 
御方様並べはべらせる強欲
今夜の御閏は誰が待つ大奥 
老若男女修羅場の途中

■About Reol
歌手・作曲家・作詞家・音楽プロデューサー、Reol。
2018 年よりソロでのリリースを開始し、2019 年にはYouTube のチャンネル登録者数が日本人
女性ソロアーティスト史上初の100 万人を突破。
YouTube FanFest Japan 2019 にてゴールド・クリエイター・アワードを受賞。
2020 年、YouTube グローバルキャンペーン“Artist on the Rise” に日本人女性アーティストとして
初選出され、ボートレースCM ソング「第六感」がストリーミング再生1 億回を突破する大ヒット
を記録。
現在、YouTube 登録者数は170万人を突破。総再生回数は10億回を超え、国内外から人気を集めている。

■Official Site
http://reol.jp

■Twitter
Reol：https://twitter.com/rrreol
Reol Official：https://twitter.com/rrreol_official

■Instagram
Reol：https://www.instagram.com/rrreol999/
Reol Official： https://www.instagram.com/rrreol_official/

■TikTok
https://www.tiktok.com/@rrreol999

#Reol #nqrse #Notitle",https://i.ytimg.com/vi/7XIKr2mcHIA/default.jpg,https://www.youtube.com/watch?v=7XIKr2mcHIA
diSPBFjrOws,カルチュア・カリキュラム（総合）,2025-02-09 13:09:17+00:00,2026-03-05T01:55:20.456098,36077,1552,9,PT2H2M54S,7374,False,False,False,none,"ZEPP TOUR「カルチュア・カリキュラム」を終え、そして次の学びへ

本題は冒頭15分🪑🪑🪑

！重要！
・日本武道館公演「No title」BD/DVD発売しました https://reol.lnk.to/Notitle0817
・2025.11.09 横浜アリーナ公演「無題」チケット一般発売中　https://reol.jp/feature/Arena_Yokohama
・カルチュア・カリキュラム MUSIC ON!TV(エムオン!)にてライヴ映像最速放送決定！続報お待ち下さい
・次回ライヴは2025.02.16 福岡 / Dios対バン",https://i.ytimg.com/vi/diSPBFjrOws/default.jpg,https://www.youtube.com/watch?v=diSPBFjrOws
BXFs5wHwlOU,#Reol横アリ無題 📨21:00 チケット一般発売開始,2025-02-02 11:30:34+00:00,2026-03-05T01:55:20.456107,12727,387,2,PT39S,39,False,True,False,none,,https://i.ytimg.com/vi/BXFs5wHwlOU/default.jpg,https://www.youtube.com/watch?v=BXFs5wHwlOU
BrVSFCNk504,発売まであと7日！ティザー公開Live BD/DVD「ReolOneman Live 'No title' in NIPPONBUDOKAN」2025.01.15発売,2025-01-09 14:31:03+00:00,2026-03-05T01:55:20.456117,25133,408,2,PT20S,20,False,True,False,none,,https://i.ytimg.com/vi/BrVSFCNk504/default.jpg,https://www.youtube.com/watch?v=BrVSFCNk504
44z91Vi-104,Reol Oneman Live  'No title' in  NIPPON BUDOKAN XFDMovie,2025-01-08 11:00:05+00:00,2026-03-05T01:55:20.456144,135529,4040,132,PT7M37S,457,False,False,False,none,"Dir: Okiku

Live at Nippon Budokan 2024.8.17

【Release Info】
Reol「Reol Oneman Live 'No title' in NIPPON BUDOKAN」
2025年1月15日(水)発売
予約リンク: https://Reol.lnk.to/Notitle0817
Legit盤予約（FC会員限定）：https://reol.jp/feature/no_title_legit

【Legit盤（Blu-ray＋CD＋GOODS）】VVX8-20　￥13,800(税込)※ファンクラブ会員限定盤
【通常盤（DVD2枚組）】SEBL-335　￥6,930（税込）
【通常盤（Blu-ray）】SEXL-310　￥7,480(税込)

＜Blu-ray＞
Reol Oneman Live 'No title' in Nippon Budokan 2024.8.17

01. introduction（-Ending-）
02. 極彩色
03. オオエドランヴ
04. insider
05. 宵々古今
06. 生命線
07. アシンメトリー
08. 第六感
09. サイサキ
10. RE RESCUE
11. 1LDK
12. Echo
13. 白夜
14. REOL BDK SCREAM
～-BWW SCREAM-
～ちるちる
～サマーホラーパーティ
～神様になった日
～DetaramE KiddinG
～VIP KID
～エンドレスライン
～ニュータイプトーキョー
～コノヨ Loading...
～ギミアブレスタッナウ
15. B12
16. drop pop candy
17. ヒビカセ
18. 劣等上等
19. Boy
20. DDD
21. 感情御中 - WANT U LUV IT -
22. - ムーブのための試奏曲 Nr.4 -
23. たい
24. 金字塔
25. 煽げや尊し
26. No title
27. ディア
28. ギガンティックO.T.N
29. - Opening -

NAKED 'No title'

＜CD(Legit盤のみ)＞
- REOL BDK SCREAM -

＜GOODS（Legit盤のみ）＞
Reol×望月けい アクリルキーホルダー(10th)
No title 10th Metal Charm
No title 10th Memorial Tapestry

＜店舗別予約特典＞
楽天ブックス: アクリルコースター
セブンネットショッピング: トートエコバッグ
Amazon.co.jp: ビジュアルシート
※特典は数に限りがありますので、無くなり次第終了となります。あらかじめご了承ください。
※上記店舗以外での配布はございません。ご了承ください。
※各オンラインショップに関して、カートが公開されるまでに時間がかかる場合がございますので、予めご了承ください。
※Amazon.co.jp、楽天ブックス、その他一部オンラインショップでは”特典対象商品ページ”と ”特典非対象商品ページ”がございます。
ご予約の際にご希望される商品ページかをご確認いただいてからご予約いただきますよう、お願い申し上げます。

▼対象商品
Reol「Reol Oneman Live 'No title' in Nippon Budokan」
2025年1月15日(水)発売
【通常盤（DVD2枚組）】SEBL-335　￥6,930（税込）
【通常盤（Blu-ray）】SEXL-310　￥7,480(税込)
※Legit盤は対象ではございません。

【Live Info】
Reol Oneman Live 2025 カルチュア・カリキュラム

2025年1月19日（日）大阪府 Zepp Osaka Bayside
2025年1月24日（金）愛知県 Zepp Nagoya
2025年2月2日（日）東京都 Zepp DiverCity（TOKYO）

▷特設サイト
https://reol.jp/feature/Arena_Yokohama

2025年11月9日、自身最大規模となる横浜アリーナでのワンマンライヴが決定 ！

2025年11月9日（日）
神奈川県 横浜アリーナ
 
▷特設サイト
https://reol.jp/feature/Arena_Yokohama

■About Reol
歌手・作曲家・作詞家・音楽プロデューサー、Reol。
2018 年よりソロでのリリースを開始し、2019 年にはYouTube のチャンネル登録者数が日本人
女性ソロアーティスト史上初の100 万人を突破。
YouTube FanFest Japan 2019 にてゴールド・クリエイター・アワードを受賞。
2020 年、YouTube グローバルキャンペーン“Artist on the Rise” に日本人女性アーティストとして
初選出され、ボートレースCM ソング「第六感」がストリーミング再生1 億回を突破する大ヒット
を記録。
現在、YouTube 登録者数は170万人を突破。総再生回数は10億回を超え、国内外から人気を集めている。

■Official Site
http://reol.jp

■Twitter
Reol：https://twitter.com/rrreol
Reol Official：https://twitter.com/rrreol_official

■Instagram
Reol：https://www.instagram.com/rrreol999/
Reol Official： https://www.instagram.com/rrreol_official/

■TikTok
https://www.tiktok.com/@rrreol999

#Reol武道館 #Notile",https://i.ytimg.com/vi/44z91Vi-104/default.jpg,https://www.youtube.com/watch?v=44z91Vi-104
WuQHTi3ghhM,#崩壊スターレイル #HoYoFair x#Reol コラボレーションアニメMV公開｜乱破インスパイアソング #SHINOBI,2025-01-02 09:39:05+00:00,2026-03-05T01:55:20.456153,24396,636,2,PT25S,25,False,True,False,none,,https://i.ytimg.com/vi/WuQHTi3ghhM/default.jpg,https://www.youtube.com/watch?v=WuQHTi3ghhM
T0Tli8XTTEw,SHINOBI × HoYoFair コラボMV（『崩壊：スターレイル』乱破インスパイアソング）,2025-01-02 09:00:06+00:00,2026-03-05T01:55:20.456174,561993,17536,147,PT3M12S,192,False,False,False,none,"HoYoFair『崩壊：スターレイル』乱破 インスパイアソング

■Reol - New Digital Single 'SHINOBI' OUT NOW
Listen Here
https://reol.lnk.to/SHINOBI

Play Honkai: Star Rail HERE
 https://hoyo.link/7pPlFGAL

- Music -
Lyrics by Reol
Music by Reol, Shota Horie
Sound Produced by Shota Horie

- Movie -
Producer: YORUGATA
Character design: YORUGATA
Director: VEL
Compositor: VEL
3DCG: VEL
Support Producer: zohyo
Color director: zohyo
Storyboard: sangatsu
Animator: Luv, satsuki toma, ssxoi, Sabano misoni, sangatsu, zohyo, matsuoka toma
Painter: sukoyakakonbu, trout, neguse

【Live Info】
Reol Oneman Live 2025 カルチュア・カリキュラム

2025年1月19日（日）大阪府 Zepp Osaka Bayside
2025年1月24日（金）愛知県 Zepp Nagoya
2025年2月2日（日）東京都 Zepp DiverCity（TOKYO）

▷特設サイト
https://reol.jp/feature/Culture_Curriculum

2025年11月9日、自身最大規模となる横浜アリーナでのワンマンライヴが決定 ！

2025年11月9日（日）
神奈川県 横浜アリーナ
 
▷特設サイト
https://reol.jp/feature/Arena_Yokohama

■About Reol
歌手・作曲家・作詞家・音楽プロデューサー、Reol。
2018 年よりソロでのリリースを開始し、2019 年にはYouTube のチャンネル登録者数が日本人
女性ソロアーティスト史上初の100 万人を突破。
YouTube FanFest Japan 2019 にてゴールド・クリエイター・アワードを受賞。
2020 年、YouTube グローバルキャンペーン“Artist on the Rise” に日本人女性アーティストとして
初選出され、ボートレースCM ソング「第六感」がストリーミング再生1 億回を突破する大ヒット
を記録。
現在、YouTube 登録者数は170万人を突破。総再生回数は10億回を超え、国内外から人気を集めている。

■Official Site
http://reol.jp

■Twitter
Reol：https://twitter.com/rrreol
Reol Official：https://twitter.com/rrreol_official

■Instagram
Reol：https://www.instagram.com/rrreol999/
Reol Official： https://www.instagram.com/rrreol_official/

■TikTok
https://www.tiktok.com/@rrreol999

#Reol #SHINOBI #崩壊スターレイル",https://i.ytimg.com/vi/T0Tli8XTTEw/default.jpg,https://www.youtube.com/watch?v=T0Tli8XTTEw
vqKg4mw7e74,#Reolニューリリースまとめ | 2024.10.06 #RETESCUE #青の祓魔師 #青エク,2025-01-02 04:35:33+00:00,2026-03-05T01:55:20.456183,18932,324,2,PT16S,16,False,True,False,none,,https://i.ytimg.com/vi/vqKg4mw7e74/default.jpg,https://www.youtube.com/watch?v=vqKg4mw7e74
ByL76PReAXA,#Reolニューリリースまとめ | 2024.12.27 #SHINOBI #崩壊スターレイル 乱破 インスパイアソング,2025-01-02 04:35:28+00:00,2026-03-05T01:55:20.456192,14143,274,2,PT25S,25,False,True,False,none,,https://i.ytimg.com/vi/ByL76PReAXA/default.jpg,https://www.youtube.com/watch?v=ByL76PReAXA
v47ubtr--Dw,#Reolニューリリースまとめ | 2024.09.18 #ULTRAC with #nqrse,2025-01-02 04:21:27+00:00,2026-03-05T01:55:20.456201,25064,967,5,PT15S,15,False,True,False,none,,https://i.ytimg.com/vi/v47ubtr--Dw/default.jpg,https://www.youtube.com/watch?v=v47ubtr--Dw
I-mzDjZ7w3I,２０２４#Reolニューリリースまとめ | 2024.08.18 #ディア #DEAR,2025-01-02 04:19:16+00:00,2026-03-05T01:55:20.456210,14884,463,4,PT17S,17,False,True,False,none,,https://i.ytimg.com/vi/I-mzDjZ7w3I/default.jpg,https://www.youtube.com/watch?v=I-mzDjZ7w3I
FPEDbnYe00U,今年一年の #Reolニューリリースまとめ🎖️🎖️🎖️2024.03.20 #感情御中 #WANTULUVIT,2025-01-02 04:16:38+00:00,2026-03-05T01:55:20.456219,14802,335,4,PT17S,17,False,True,False,none,,https://i.ytimg.com/vi/FPEDbnYe00U/default.jpg,https://www.youtube.com/watch?v=FPEDbnYe00U
jNpqeFcBMSs,新曲 #SHINOBI Release!! HoYoFair『崩壊：スターレイル』乱破 インスパイアソング,2024-12-28 01:23:35+00:00,2026-03-05T01:55:20.456228,17272,645,6,PT26S,26,False,True,False,none,,https://i.ytimg.com/vi/jNpqeFcBMSs/default.jpg,https://www.youtube.com/watch?v=jNpqeFcBMSs
RiQxOkNF7mA,Reol - 'SHINOBI' Music Video,2024-12-27 12:00:06+00:00,2026-03-05T01:55:20.456246,429822,9820,200,PT3M12S,192,False,False,False,none,"HoYoFair『崩壊：スターレイル』乱破 インスパイアソング

■Reol - New Digital Single 'SHINOBI' OUT NOW
Listen Here
https://reol.lnk.to/SHINOBI

Lyrics by Reol
Music by Reol, Shota Horie
Sound Produced by Shota Horie

Guitar: Shota Horie
Bass: Ryosuke Nikamoto
Drums: Shunsuke Uehara

Music Video Director: YODEN

【Live Info】
Reol Oneman Live 2025 カルチュア・カリキュラム

2025年1月19日（日）大阪府 Zepp Osaka Bayside
2025年1月24日（金）愛知県 Zepp Nagoya
2025年2月2日（日）東京都 Zepp DiverCity（TOKYO）

▷特設サイト
https://reol.jp/feature/Culture_Curriculum

2025年11月9日、自身最大規模となる横浜アリーナでのワンマンライヴが決定 ！

2025年11月9日（日）
神奈川県 横浜アリーナ
 
▷特設サイト
https://reol.jp/feature/Arena_Yokohama

■About Reol
歌手・作曲家・作詞家・音楽プロデューサー、Reol。
2018 年よりソロでのリリースを開始し、2019 年にはYouTube のチャンネル登録者数が日本人
女性ソロアーティスト史上初の100 万人を突破。
YouTube FanFest Japan 2019 にてゴールド・クリエイター・アワードを受賞。
2020 年、YouTube グローバルキャンペーン“Artist on the Rise” に日本人女性アーティストとして
初選出され、ボートレースCM ソング「第六感」がストリーミング再生1 億回を突破する大ヒット
を記録。
現在、YouTube 登録者数は170万人を突破。総再生回数は10億回を超え、国内外から人気を集めている。

■Official Site
http://reol.jp

■Twitter
Reol：https://twitter.com/rrreol
Reol Official：https://twitter.com/rrreol_official

■Instagram
Reol：https://www.instagram.com/rrreol999/
Reol Official： https://www.instagram.com/rrreol_official/

■TikTok
https://www.tiktok.com/@rrreol999

#Reol #SHINOBI #崩壊スターレイル",https://i.ytimg.com/vi/RiQxOkNF7mA/default.jpg,https://www.youtube.com/watch?v=RiQxOkNF7mA
2JGmFXESlwM,NAKED 'No title' in NIPPON BUDOKAN Digest,2024-12-21 11:00:05+00:00,2026-03-05T01:55:20.456272,37013,1527,33,PT2M6S,126,False,False,False,none,"Dir Koshikun

【Release Info】
Reol「Reol Oneman Live 'No title' in NIPPON BUDOKAN」
2025年1月15日(水)発売
予約リンク: https://Reol.lnk.to/Notitle0817
Legit盤予約（FC会員限定）：https://reol.jp/feature/no_title_legit

【Legit盤（Blu-ray＋CD＋GOODS）】VVX8-20　￥13,800(税込)※ファンクラブ会員限定盤
【通常盤（DVD2枚組）】SEBL-335　￥6,930（税込）
【通常盤（Blu-ray）】SEXL-310　￥7,480(税込)

＜Blu-ray＞
Reol Oneman Live 'No title' in Nippon Budokan 2024.8.17

01. introduction（- Ending -）
02. 極彩色
03. オオエドランヴ
04. insider
05. 宵々古今
06. 生命線
07. アシンメトリー
08. 第六感
09. サイサキ
10. RE RESCUE
11. 1LDK
12. Echo
13. 白夜
14. REOL BDK SCREAM
～- BWW SCREAM -
～ちるちる
～サマーホラーパーティ
～神様になった日
～DetaramE KiddinG
～VIP KID
～エンドレスライン
～ニュータイプトーキョー
～コノヨ Loading...
～ギミアブレスタッナウ
15. B12
16. drop pop candy
17. ヒビカセ
18. 劣等上等
19. Boy
20. DDD
21. 感情御中 - WANT U LUV IT-
22. - ムーブのための試奏曲 Nr.4 -
23. たい
24. 金字塔
25. 煽げや尊し
26. No title
27. ディア
28. ギガンティックO.T.N
29. - Opening -

NAKED 'No title'

＜CD(Legit盤のみ)＞
- REOL BDK SCREAM -

＜GOODS（Legit盤のみ）＞
Reol×望月けい アクリルキーホルダー(10th)
No title 10th Metal Charm
No title 10th Memorial Tapestry

＜店舗別予約特典＞
楽天ブックス: アクリルコースター
セブンネットショッピング: トートエコバッグ
Amazon.co.jp: ビジュアルシート
※特典は数に限りがありますので、無くなり次第終了となります。あらかじめご了承ください。
※上記店舗以外での配布はございません。ご了承ください。
※各オンラインショップに関して、カートが公開されるまでに時間がかかる場合がございますので、予めご了承ください。
※Amazon.co.jp、楽天ブックス、その他一部オンラインショップでは”特典対象商品ページ”と ”特典非対象商品ページ”がございます。
ご予約の際にご希望される商品ページかをご確認いただいてからご予約いただきますよう、お願い申し上げます。

▼対象商品
Reol「Reol Oneman Live 'No title' in Nippon Budokan」
2025年1月15日(水)発売
【通常盤（DVD2枚組）】SEBL-335　￥6,930（税込）
【通常盤（Blu-ray）】SEXL-310　￥7,480(税込)
※Legit盤は対象ではございません。

【Live Info】
Reol Oneman Live 2025 カルチュア・カリキュラム

2025年1月19日（日）大阪府 Zepp Osaka Bayside
2025年1月24日（金）愛知県 Zepp Nagoya
2025年2月2日（日）東京都 Zepp DiverCity（TOKYO）

▷特設サイト
https://reol.jp/feature/Arena_Yokohama

2025年11月9日、自身最大規模となる横浜アリーナでのワンマンライヴが決定 ！

2025年11月9日（日）
神奈川県 横浜アリーナ
 
▷特設サイト
https://reol.jp/feature/Arena_Yokohama

■About Reol
歌手・作曲家・作詞家・音楽プロデューサー、Reol。
2018 年よりソロでのリリースを開始し、2019 年にはYouTube のチャンネル登録者数が日本人
女性ソロアーティスト史上初の100 万人を突破。
YouTube FanFest Japan 2019 にてゴールド・クリエイター・アワードを受賞。
2020 年、YouTube グローバルキャンペーン“Artist on the Rise” に日本人女性アーティストとして
初選出され、ボートレースCM ソング「第六感」がストリーミング再生1 億回を突破する大ヒット
を記録。
現在、YouTube 登録者数は170万人を突破。総再生回数は10億回を超え、国内外から人気を集めている。

■Official Site
http://reol.jp

■Twitter
Reol：https://twitter.com/rrreol
Reol Official：https://twitter.com/rrreol_official

■Instagram
Reol：https://www.instagram.com/rrreol999/
Reol Official： https://www.instagram.com/rrreol_official/

■TikTok
https://www.tiktok.com/@rrreol999

#Reol武道館 #Notitle",https://i.ytimg.com/vi/2JGmFXESlwM/default.jpg,https://www.youtube.com/watch?v=2JGmFXESlwM
iu7k_H0QhD0,それでも僕が祈るのは #白夜 in 日本武道館,2024-12-14 12:31:24+00:00,2026-03-05T01:55:20.788564,56328,2212,21,PT55S,55,False,True,False,none,,https://i.ytimg.com/vi/iu7k_H0QhD0/default.jpg,https://www.youtube.com/watch?v=iu7k_H0QhD0
3jgP2NIJ7k4,Reol - 白夜[Live at 'No title' in  NIPPON BUDOKAN],2024-12-13 12:00:06+00:00,2026-03-05T01:55:20.788616,267389,5943,198,PT6M24S,384,False,False,False,none,"Live at Nippon Budokan 2024.8.17

Bass & Bandleader: Ryosuke Nikamoto
Drums: Shunsuke Uehara
 
Strings
Vn: Satoshi Setsune
Vn: Asuna
Vla: Naoko Kakutani
Vc: Masao Watanabe

Dir by Shuichi Bamba

【Release Info】
Reol「Reol Oneman Live 'No title' in NIPPON BUDOKAN」
2025年1月15日(水)発売
予約リンク: https://Reol.lnk.to/Notitle0817
Legit盤予約（FC会員限定）：https://reol.jp/feature/no_title_legit

【Legit盤（Blu-ray＋CD＋GOODS）】VVX8-20　￥13,800(税込)※ファンクラブ会員限定盤
【通常盤（DVD2枚組）】SEBL-335　￥6,930（税込）
【通常盤（Blu-ray）】SEXL-310　￥7,480(税込)


＜Blu-ray＞
Reol Oneman Live 'No title' in Nippon Budokan 2024.8.17

01. introduction（-Ending-）
02. 極彩色
03. オオエドランヴ
04. insider
05. 宵々古今
06. 生命線
07. アシンメトリー
08. 第六感
09. サイサキ
10. RE RESCUE
11. 1LDK
12. Echo
13. 白夜
14. REOL BDK SCREAM
～-BWW SCREAM-
～ちるちる
～サマーホラーパーティ
～神様になった日
～DetaramE KiddinG
～VIP KID
～エンドレスライン
～ニュータイプトーキョー
～コノヨ Loading...
～ギミアブレスタッナウ
15. B12
16. drop pop candy
17. ヒビカセ
18. 劣等上等
19. Boy
20. DDD
21. 感情御中 - WANT U LUV IT-
22. - ムーブのための試奏曲 Nr.4 -
23. たい
24. 金字塔
25. 煽げや尊し
26. No title
27. ディア
28. ギガンティックO.T.N
29. - Opening -

NAKED 'No title'

＜CD(Legit盤のみ)＞
- REOL BDK SCREAM -

＜GOODS（Legit盤のみ）＞
Reol×望月けい アクリルキーホルダー(10th)
No title 10th Metal Charm
No title 10th Memorial Tapestry

＜店舗別予約特典＞
楽天ブックス: アクリルコースター
セブンネットショッピング: トートエコバッグ
Amazon.co.jp: ビジュアルシート
※特典は数に限りがありますので、無くなり次第終了となります。あらかじめご了承ください。
※上記店舗以外での配布はございません。ご了承ください。
※各オンラインショップに関して、カートが公開されるまでに時間がかかる場合がございますので、予めご了承ください。
※Amazon.co.jp、楽天ブックス、その他一部オンラインショップでは”特典対象商品ページ”と ”特典非対象商品ページ”がございます。
ご予約の際にご希望される商品ページかをご確認いただいてからご予約いただきますよう、お願い申し上げます。

▼対象商品
Reol「Reol Oneman Live 'No title' in Nippon Budokan」
2025年1月15日(水)発売
【通常盤（DVD2枚組）】SEBL-335　￥6,930（税込）
【通常盤（Blu-ray）】SEXL-310　￥7,480(税込)
※Legit盤は対象ではございません。

【Live Info】
Reol Oneman Live 2025 カルチュア・カリキュラム

2025年1月19日（日）大阪府 Zepp Osaka Bayside
2025年1月24日（金）愛知県 Zepp Nagoya
2025年2月2日（日）東京都 Zepp DiverCity（TOKYO）

▷特設サイト
https://reol.jp/feature/Arena_Yokohama

2025年11月9日、自身最大規模となる横浜アリーナでのワンマンライヴが決定 ！

2025年11月9日（日）
神奈川県 横浜アリーナ
 
▷特設サイト
https://reol.jp/feature/Arena_Yokohama

■About Reol
歌手・作曲家・作詞家・音楽プロデューサー、Reol。
2018 年よりソロでのリリースを開始し、2019 年にはYouTube のチャンネル登録者数が日本人
女性ソロアーティスト史上初の100 万人を突破。
YouTube FanFest Japan 2019 にてゴールド・クリエイター・アワードを受賞。
2020 年、YouTube グローバルキャンペーン“Artist on the Rise” に日本人女性アーティストとして
初選出され、ボートレースCM ソング「第六感」がストリーミング再生1 億回を突破する大ヒット
を記録。
現在、YouTube 登録者数は170万人を突破。総再生回数は10億回を超え、国内外から人気を集めている。

■Official Site
http://reol.jp

■Twitter
Reol：https://twitter.com/rrreol
Reol Official：https://twitter.com/rrreol_official

■Instagram
Reol：https://www.instagram.com/rrreol999/
Reol Official： https://www.instagram.com/rrreol_official/

■TikTok
https://www.tiktok.com/@rrreol999

#Reol武道館 #白夜",https://i.ytimg.com/vi/3jgP2NIJ7k4/default.jpg,https://www.youtube.com/watch?v=3jgP2NIJ7k4
I8hCkYiQWkM,忘れないでね、わたしの声を｜Reol - ヒビカセ [Live at 'No title' in Nippon Budokan]｜2025.01.15発売,2024-11-30 11:38:36+00:00,2026-03-05T01:55:20.788630,620561,34522,82,PT31S,31,False,True,False,none,,https://i.ytimg.com/vi/I8hCkYiQWkM/default.jpg,https://www.youtube.com/watch?v=I8hCkYiQWkM
Jt_8Ek2tiLA,Reol - ヒビカセ[Live at 'No title' in Nippon Budokan],2024-11-30 11:00:27+00:00,2026-03-05T01:55:20.788660,1093179,33351,386,PT4M17S,257,False,False,False,none,"Live at Nippon Budokan 2024.8.17

Guest Vocal: Miku Hatsune

Dir by Shuichi Bamba

【Release Info】
Reol「Reol Oneman Live 'No title' in NIPPON BUDOKAN」
2025年1月15日(水)発売
予約リンク: https://Reol.lnk.to/Notitle0817
Legit盤予約（FC会員限定）：https://reol.jp/feature/no_title_legit

【Legit盤（Blu-ray＋CD＋GOODS）】VVX8-20　￥13,800(税込)※ファンクラブ会員限定盤
【通常盤（DVD2枚組）】SEBL-335　￥6,930（税込）
【通常盤（Blu-ray）】SEXL-310　￥7,480(税込)


＜Blu-ray＞
Reol Oneman Live 'No title' in Nippon Budokan 2024.8.17

01. introduction（-Ending-）
02. 極彩色
03. オオエドランヴ
04. insider
05. 宵々古今
06. 生命線
07. アシンメトリー
08. 第六感
09. サイサキ
10. RE RESCUE
11. 1LDK
12. Echo
13. 白夜
14. REOL BDK SCREAM
～-BWW SCREAM-
～ちるちる
～サマーホラーパーティ
～神様になった日
～DetaramE KiddinG
～VIP KID
～エンドレスライン
～ニュータイプトーキョー
～コノヨ Loading...
～ギミアブレスタッナウ
15. B12
16. drop pop candy
17. ヒビカセ
18. 劣等上等
19. Boy
20. DDD
21. 感情御中 - WANT U LUV IT-
22. - ムーブのための試奏曲 Nr.4 -
23. たい
24. 金字塔
25. 煽げや尊し
26. No title
27. ディア
28. ギガンティックO.T.N
29. - Opening -

NAKED 'No title'

＜CD(Legit盤のみ)＞
- REOL BDK SCREAM -

＜GOODS（Legit盤のみ）＞
Reol×望月けい アクリルキーホルダー(10th)
No title 10th Metal Charm
No title 10th Memorial Tapestry

＜店舗別予約特典＞
楽天ブックス: アクリルコースター
セブンネットショッピング: トートエコバッグ
Amazon.co.jp: ビジュアルシート
※特典は数に限りがありますので、無くなり次第終了となります。あらかじめご了承ください。
※上記店舗以外での配布はございません。ご了承ください。
※各オンラインショップに関して、カートが公開されるまでに時間がかかる場合がございますので、予めご了承ください。
※Amazon.co.jp、楽天ブックス、その他一部オンラインショップでは”特典対象商品ページ”と ”特典非対象商品ページ”がございます。
ご予約の際にご希望される商品ページかをご確認いただいてからご予約いただきますよう、お願い申し上げます。

▼対象商品
Reol「Reol Oneman Live 'No title' in Nippon Budokan」
2025年1月15日(水)発売
【通常盤（DVD2枚組）】SEBL-335　￥6,930（税込）
【通常盤（Blu-ray）】SEXL-310　￥7,480(税込)
※Legit盤は対象ではございません。



【Live Info】
Reol Oneman Live 2025 カルチュア・カリキュラム

2025年1月19日（日）大阪府 Zepp Osaka Bayside
2025年1月24日（金）愛知県 Zepp Nagoya
2025年2月2日（日）東京都 Zepp DiverCity（TOKYO）

▷特設サイト
https://reol.jp/feature/Arena_Yokohama

2025年11月9日、自身最大規模となる横浜アリーナでのワンマンライヴが決定 ！

2025年11月9日（日）
神奈川県 横浜アリーナ
 
▷特設サイト
https://reol.jp/feature/Arena_Yokohama

■About Reol
歌手・作曲家・作詞家・音楽プロデューサー、Reol。
2018 年よりソロでのリリースを開始し、2019 年にはYouTube のチャンネル登録者数が日本人
女性ソロアーティスト史上初の100 万人を突破。
YouTube FanFest Japan 2019 にてゴールド・クリエイター・アワードを受賞。
2020 年、YouTube グローバルキャンペーン“Artist on the Rise” に日本人女性アーティストとして
初選出され、ボートレースCM ソング「第六感」がストリーミング再生1 億回を突破する大ヒット
を記録。
現在、YouTube 登録者数は170万人を突破。総再生回数は10億回を超え、国内外から人気を集めている。

■Official Site
http://reol.jp

■Twitter
Reol：https://twitter.com/rrreol
Reol Official：https://twitter.com/rrreol_official

■Instagram
Reol：https://www.instagram.com/rrreol999/
Reol Official： https://www.instagram.com/rrreol_official/

■TikTok
https://www.tiktok.com/@rrreol999",https://i.ytimg.com/vi/Jt_8Ek2tiLA/default.jpg,https://www.youtube.com/watch?v=Jt_8Ek2tiLA
xlOKTM6TFao,2025.01.15 NEW RELEASE💿｜Live「No title」日本武道館公演、映像化決定,2024-11-16 12:47:45+00:00,2026-03-05T01:55:20.788672,16588,1211,9,PT31S,31,False,True,False,none,,https://i.ytimg.com/vi/xlOKTM6TFao/default.jpg,https://www.youtube.com/watch?v=xlOKTM6TFao
qBuE0y67ofE,Reol - 宵々古今[Live at 'No title' in Nippon Budokan],2024-11-16 11:30:34+00:00,2026-03-05T01:55:20.788700,442528,10093,210,PT5M4S,304,False,False,False,none,"Live at Nippon Budokan 2024.8.17

Bass : Ryosuke Nikamoto
Drums : Shunsuke UeharaListen Here

Dancer:
Ayane Nakagawa
Shimpei Nemoto
Haruka Tanada
Tatsuro
Conoa
Rimu Furukawa

Dir by Shuichi Bamba

【Release Info】
Reol「Reol Oneman Live 'No title' in Nippon Budokan」
2025年1月15日(水)発売
予約リンク: https://Reol.lnk.to/Notitle0817
Legit盤予約（FC会員限定）：https://reol.jp/feature/no_title_legit

【Legit盤（Blu-ray＋CD＋GOODS）】VVX8-20　￥13,800(税込)※ファンクラブ会員限定盤
【通常盤（DVD2枚組）】SEBL-335　￥6,930（税込）
【通常盤（Blu-ray）】SEXL-310　￥7,480(税込)

＜Blu-ray＞
Reol Oneman Live 'No title' in Nippon Budokan 2024.8.17

01. introduction（-Ending-）
02. 極彩色
03. オオエドランヴ
04. insider
05. 宵々古今
06. 生命線
07. アシンメトリー
08. 第六感
09. サイサキ
10. RE RESCUE
11. 1LDK
12. Echo
13. 白夜
14. REOL BDK SCREAM
～-BWW SCREAM-
～ちるちる
～サマーホラーパーティ
～神様になった日
～DetaramE KiddinG
～VIP KID
～エンドレスライン
～ニュータイプトーキョー
～コノヨ Loading...
～ギミアブレスタッナウ
15. B12
16. drop pop candy
17. ヒビカセ
18. 劣等上等
19. Boy
20. DDD
21. 感情御中 - WANT U LUV IT-
22. - ムーブのための試奏曲 Nr.4 -
23. たい
24. 金字塔
25. 煽げや尊し
26. No title
27. ディア
28. ギガンティックO.T.N
29. - Opening -

NAKED 'No title'

＜CD(Legit盤のみ)＞
- REOL BDK SCREAM -

＜GOODS（Legit盤のみ）＞
Reol×望月けい アクリルキーホルダー(10th)
No title 10th Metal Charm
No title 10th Memorial Tapestry

＜店舗別予約特典＞
楽天ブックス: アクリルコースター
セブンネットショッピング: トートエコバッグ
Amazon.co.jp: ビジュアルシート
※特典は数に限りがありますので、無くなり次第終了となります。あらかじめご了承ください。
※上記店舗以外での配布はございません。ご了承ください。
※各オンラインショップに関して、カートが公開されるまでに時間がかかる場合がございますので、予めご了承ください。
※Amazon.co.jp、楽天ブックス、その他一部オンラインショップでは”特典対象商品ページ”と ”特典非対象商品ページ”がございます。
ご予約の際にご希望される商品ページかをご確認いただいてからご予約いただきますよう、お願い申し上げます。

▼対象商品
Reol「Reol Oneman Live 'No title' in Nippon Budokan」
2025年1月15日(水)発売
【通常盤（DVD2枚組）】SEBL-335　￥6,930（税込）
【通常盤（Blu-ray）】SEXL-310　￥7,480(税込)
※Legit盤は対象ではございません。

【Live Info】
Reol Oneman Live 2025 カルチュア・カリキュラム

2025年1月19日（日）大阪府 Zepp Osaka Bayside
2025年1月24日（金）愛知県 Zepp Nagoya
2025年2月2日（日）東京都 Zepp DiverCity（TOKYO）

▷特設サイト
https://reol.jp/feature/Arena_Yokohama

2025年11月9日、自身最大規模となる横浜アリーナでのワンマンライヴが決定 ！

2025年11月9日（日）
神奈川県 横浜アリーナ
 
▷特設サイト
https://reol.jp/feature/Arena_Yokohama

■About Reol
歌手・作曲家・作詞家・音楽プロデューサー、Reol。
2018 年よりソロでのリリースを開始し、2019 年にはYouTube のチャンネル登録者数が日本人
女性ソロアーティスト史上初の100 万人を突破。
YouTube FanFest Japan 2019 にてゴールド・クリエイター・アワードを受賞。
2020 年、YouTube グローバルキャンペーン“Artist on the Rise” に日本人女性アーティストとして
初選出され、ボートレースCM ソング「第六感」がストリーミング再生1 億回を突破する大ヒット
を記録。
現在、YouTube 登録者数は170万人を突破。総再生回数は10億回を超え、国内外から人気を集めている。

■Official Site
http://reol.jp

■Twitter
Reol：https://twitter.com/rrreol
Reol Official：https://twitter.com/rrreol_official

■Instagram
Reol：https://www.instagram.com/rrreol999/
Reol Official： https://www.instagram.com/rrreol_official/

■TikTok
https://www.tiktok.com/@rrreol999

#Reol武道館 #宵々古今",https://i.ytimg.com/vi/qBuE0y67ofE/default.jpg,https://www.youtube.com/watch?v=qBuE0y67ofE
IPd80vCBIg0,TODAY new EP '秘色録' OUT!!｜Live at 'No title' in Nippon Budokanより,2024-11-13 09:01:53+00:00,2026-03-05T01:55:20.788710,53466,3292,33,PT28S,28,False,True,False,none,,https://i.ytimg.com/vi/IPd80vCBIg0/default.jpg,https://www.youtube.com/watch?v=IPd80vCBIg0
pxJu4zJzEEs,覚えていて君の隣で見える世界は美しいって｜Reol - RE RESCUE,2024-11-13 08:03:15+00:00,2026-03-05T01:55:20.788720,21379,1325,9,PT27S,27,False,True,False,none,,https://i.ytimg.com/vi/pxJu4zJzEEs/default.jpg,https://www.youtube.com/watch?v=pxJu4zJzEEs
5Me15NIQnSg,今、僕が選ぶのは「いつか」で終わらぬ証明｜Reol - RE RESCUE,2024-11-13 08:03:01+00:00,2026-03-05T01:55:20.788729,8308,619,4,PT22S,22,False,True,False,none,,https://i.ytimg.com/vi/5Me15NIQnSg/default.jpg,https://www.youtube.com/watch?v=5Me15NIQnSg
4AtIDZxBu_w,"Reol New EP ""秘色録 / HIDDEN BLUES"" XFDMovie",2024-11-04 11:45:01+00:00,2026-03-05T01:55:20.788755,31318,1814,50,PT3M39S,219,False,False,False,none,"■Reol - New Digital Single 'RE RESCUE' OUT NOW
TVアニメ『青の祓魔師 雪ノ果篇』オープニングテーマ
Listen Here
https://reol.lnk.to/RERESCUE

Reol - 'RE RESCUE' Music Video
https://youtu.be/h9r8cT25_3U

【Release Info】
Reol「秘色録」2024年11月13日(水)発売
特設サイト:  https://reol.jp/feature/hisokuroku
予約リンク: https://reol.lnk.to/hisokuroku

【Legit盤（CD+ GOODS）】SEC8-83〜84　￥6,930（税込）※ファンクラブ会員限定盤
【映像盤（CD+ Blu-ray）】SECL-3161〜3162　￥3,300（税込）
【通常盤（CD）】SECL-3160　￥1,980（税込）

＜CD＞
01.  RE RESCUE
02.  感情御中
03.  ディア
04.  ULTRA C
05.  RE RESCUE -aoex edit-
06.  感情御中 -CRUSHed Remix-

＜Blu-ray（映像盤のみ）＞
「RE RESCUE」Music Video
Behind the Scenes of 'RE RESCUE'
'RE RESCUE'［Live at 'No title' in Nippon Budokan］
TVアニメ『青の祓魔師 雪ノ果篇』ノンクレジットオープニングムービー
れをるTVって言われました #2

＜GOODS（Legit盤のみ）＞
Legit Limited Mesh Cap
オリジナルバッジ

＜店舗別予約特典＞
TOWER RECORDS全店（オンライン含む/一部店舗除く）: オリジナルB3ミニポスター
楽天ブックス: オリジナルA4クリアファイル[デザインA]
セブンネットショッピング: オリジナルA4クリアファイル[デザインB]
全国アニメイト（アニメイト通販含む）：オリジナルA4クリアファイル[デザインC]
Amazon.co.jp: メガジャケ
※特典は数に限りがありますので、無くなり次第終了となります。あらかじめご了承ください。
※上記店舗以外での配布はございません。ご了承ください。
※各オンラインショップに関して、カートが公開されるまでに時間がかかる場合がございますので、予めご了承ください。
※Amazon.co.jp、楽天ブックス、その他一部オンラインショップでは”特典対象商品ページ”と ”特典非対象商品ページ”がございます。
ご予約の際にご希望される商品ページかをご確認いただいてからご予約いただきますよう、お願い申し上げます。

▼対象商品
Reol「秘色録」2024年11月13日(水)発売
【映像盤（CD+Blu-ray）】SECL-3161〜3162　￥3,300（税込）
【通常盤（CD）】SECL-3160　￥1,980（税込）
※Legit盤は対象商品ではございません。予めご了承ください。

【Live Info】
Reol Oneman Live 2025 カルチュア・カリキュラム

2025年1月19日（日）大阪府 Zepp Osaka Bayside
2025年1月24日（金）愛知県 Zepp Nagoya
2025年2月2日（日）東京都 Zepp DiverCity（TOKYO）

▷特設サイト
https://reol.jp/feature/Arena_Yokohama

2025年11月9日、自身最大規模となる横浜アリーナでのワンマンライヴが決定 ！

2025年11月9日（日）
神奈川県 横浜アリーナ
 
▷特設サイト
https://reol.jp/feature/Arena_Yokohama

■About Reol
歌手・作曲家・作詞家・音楽プロデューサー、Reol。
2018 年よりソロでのリリースを開始し、2019 年にはYouTube のチャンネル登録者数が日本人
女性ソロアーティスト史上初の100 万人を突破。
YouTube FanFest Japan 2019 にてゴールド・クリエイター・アワードを受賞。
2020 年、YouTube グローバルキャンペーン“Artist on the Rise” に日本人女性アーティストとして
初選出され、ボートレースCM ソング「第六感」がストリーミング再生1 億回を突破する大ヒット
を記録。
現在、YouTube 登録者数は170万人を突破。総再生回数は10億回を超え、国内外から人気を集めている。

■Official Site
http://reol.jp

■Twitter
Reol：https://twitter.com/rrreol
Reol Official：https://twitter.com/rrreol_official

■Instagram
Reol：https://www.instagram.com/rrreol999/
Reol Official： https://www.instagram.com/rrreol_official/

■TikTok
https://www.tiktok.com/@rrreol999

#Reol #リレスキュー #秘色録",https://i.ytimg.com/vi/4AtIDZxBu_w/default.jpg,https://www.youtube.com/watch?v=4AtIDZxBu_w
2RIbR91I5x4,終われないんだよ ここで｜11/13 RELEASE「秘色録」M1.RE RESCUE Music Video🟦,2024-10-25 09:38:17+00:00,2026-03-05T01:55:20.788765,40217,2409,10,PT31S,31,False,True,False,none,,https://i.ytimg.com/vi/2RIbR91I5x4/default.jpg,https://www.youtube.com/watch?v=2RIbR91I5x4
h1iBT-Z3EE4,Reol - Behind the Scenes of 'RE RESCUE'(YouTube ver.),2024-10-25 08:45:02+00:00,2026-03-05T01:55:20.788791,28354,1211,47,PT3M1S,181,False,False,False,none,"""■Reol - New Digital Single 'RE RESCUE' OUT NOW
TVアニメ『青の祓魔師 雪ノ果篇』オープニングテーマ
Listen Here
https://reol.lnk.to/RERESCUE

Reol - 'RE RESCUE' Music Video
https://youtu.be/h9r8cT25_3U

Director: kosih-kun

【Release Info】
Reol「秘色録」2024年11月13日(水)発売
特設サイト:  https://reol.jp/feature/hisokuroku
予約リンク: https://reol.lnk.to/hisokuroku

【Legit盤（CD+ GOODS）】SEC8-83〜84　￥6,930（税込）※ファンクラブ会員限定盤
【映像盤（CD+ Blu-ray）】SECL-3161〜3162　￥3,300（税込）
【通常盤（CD）】SECL-3160　￥1,980（税込）

＜CD＞
01.        RE RESCUE
02.        感情御中
03.        ディア
04.        ULTRA C
05.        RE RESCUE -aoex edit-
06.        感情御中 -CRUSHed Remix-

＜Blu-ray（映像盤のみ）＞
「RE RESCUE」Music Video
Behind the Scenes of 'RE RESCUE'
'RE RESCUE'［Live at 'No title' in Nippon Budokan］
TVアニメ『青の祓魔師 雪ノ果篇』ノンクレジットオープニングムービー
れをるTVって言われました #2

＜GOODS（Legit盤のみ）＞
Legit Limited Mesh Cap
オリジナルバッジ

＜店舗別予約特典＞
TOWER RECORDS全店（オンライン含む/一部店舗除く）: オリジナルB3ミニポスター
楽天ブックス: オリジナルA4クリアファイル[デザインA]
セブンネットショッピング: オリジナルA4クリアファイル[デザインB]
全国アニメイト（アニメイト通販含む）：オリジナルA4クリアファイル[デザインC]
Amazon.co.jp: メガジャケ
※特典は数に限りがありますので、無くなり次第終了となります。あらかじめご了承ください。
※上記店舗以外での配布はございません。ご了承ください。
※各オンラインショップに関して、カートが公開されるまでに時間がかかる場合がございますので、予めご了承ください。
※Amazon.co.jp、楽天ブックス、その他一部オンラインショップでは”特典対象商品ページ”と ”特典非対象商品ページ”がございます。
ご予約の際にご希望される商品ページかをご確認いただいてからご予約いただきますよう、お願い申し上げます。

▼対象商品
Reol「秘色録」2024年11月13日(水)発売
【映像盤（CD+Blu-ray）】SECL-3161〜3162　￥3,300（税込）
【通常盤（CD）】SECL-3160　￥1,980（税込）
※Legit盤は対象商品ではございません。予めご了承ください。

【Live Info】
Reol Oneman Live 2025 カルチュア・カリキュラム

2025年1月19日（日）大阪府 Zepp Osaka Bayside
2025年1月24日（金）愛知県 Zepp Nagoya
2025年2月2日（日）東京都 Zepp DiverCity（TOKYO）

▷特設サイト
https://reol.jp/feature/Arena_Yokohama

2025年11月9日、自身最大規模となる横浜アリーナでのワンマンライヴが決定 ！

2025年11月9日（日）
神奈川県 横浜アリーナ
 
▷特設サイト
https://reol.jp/feature/Arena_Yokohama

■About Reol
歌手・作曲家・作詞家・音楽プロデューサー、Reol。
2018 年よりソロでのリリースを開始し、2019 年にはYouTube のチャンネル登録者数が日本人
女性ソロアーティスト史上初の100 万人を突破。
YouTube FanFest Japan 2019 にてゴールド・クリエイター・アワードを受賞。
2020 年、YouTube グローバルキャンペーン“Artist on the Rise” に日本人女性アーティストとして
初選出され、ボートレースCM ソング「第六感」がストリーミング再生1 億回を突破する大ヒット
を記録。
現在、YouTube 登録者数は170万人を突破。総再生回数は10億回を超え、国内外から人気を集めている。

■Official Site
http://reol.jp

■Twitter
Reol：https://twitter.com/rrreol
Reol Official：https://twitter.com/rrreol_official

■Instagram
Reol：https://www.instagram.com/rrreol999/
Reol Official： https://www.instagram.com/rrreol_official/

■TikTok
https://www.tiktok.com/@rrreol999

#Reol #リレスキュー #aoex""",https://i.ytimg.com/vi/h1iBT-Z3EE4/default.jpg,https://www.youtube.com/watch?v=h1iBT-Z3EE4
6dfLsKeAeIY,新曲'RE RESCUE'のMVを公開🟦｜ここから先は新たな標、宜しく！,2024-10-19 12:24:08+00:00,2026-03-05T01:55:20.788800,23817,1736,12,PT23S,23,False,True,False,none,,https://i.ytimg.com/vi/6dfLsKeAeIY/default.jpg,https://www.youtube.com/watch?v=6dfLsKeAeIY
h9r8cT25_3U,Reol - 'RE RESCUE' Music Video,2024-10-19 12:00:06+00:00,2026-03-05T01:55:20.788824,1166945,18695,416,PT3M59S,239,False,False,False,none,"■Reol - New Digital Single 'RE RESCUE' OUT NOW
TVアニメ『青の祓魔師 雪ノ果篇』オープニングテーマ
Listen Here
https://reol.lnk.to/RERESCUE

Music＆Lyrics by Reol

Starring Reol
Cast: Akari Inoue

Director: G2 Yuki Tsujimoto
Choreographer: HIDALI

【Release Info】
Reol「秘色録」2024年11月13日(水)発売
特設サイト:  https://reol.jp/feature/hisokuroku
予約リンク: https://reol.lnk.to/hisokuroku
【Legit盤（CD+ GOODS）】SEC8-83〜84　￥6,930（税込）※ファンクラブ会員限定盤
【映像盤（CD+ Blu-ray）】SECL-3161〜3162　￥3,300（税込）
【通常盤（CD）】SECL-3160　￥1,980（税込）

＜CD＞
RE RESCUE
感情御中
ディア
ULTRA C
ほか

＜Blu-ray（映像盤のみ）＞
「RE RESCUE」Music Video
TVアニメ『青の祓魔師 雪ノ果篇』ノンクレジットオープニングムービー
ほか

＜GOODS（Legit盤のみ）＞
Legit Limited Mesh Cap
オリジナルバッジ

＜店舗別予約特典＞
TOWER RECORDS全店（オンライン含む/一部店舗除く）: オリジナルB3ミニポスター
楽天ブックス: オリジナルA4クリアファイル[デザインA]
セブンネットショッピング: オリジナルA4クリアファイル[デザインB]
全国アニメイト（アニメイト通販含む）：オリジナルA4クリアファイル[デザインC]
Amazon.co.jp: メガジャケ
※特典は数に限りがありますので、無くなり次第終了となります。あらかじめご了承ください。
※上記店舗以外での配布はございません。ご了承ください。
※各オンラインショップに関して、カートが公開されるまでに時間がかかる場合がございますので、予めご了承ください。
※Amazon.co.jp、楽天ブックス、その他一部オンラインショップでは”特典対象商品ページ”と ”特典非対象商品ページ”がございます。
ご予約の際にご希望される商品ページかをご確認いただいてからご予約いただきますよう、お願い申し上げます。

▼対象商品
Reol「秘色録」2024年11月13日(水)発売
【映像盤（CD+Blu-ray）】SECL-3161〜3162　￥3,300（税込）
【通常盤（CD）】SECL-3160　￥1,980（税込）
※Legit盤は対象商品ではございません。予めご了承ください。

【Live Info】
Reol Oneman Live 2025 カルチュア・カリキュラム

2025年1月19日（日）大阪府 Zepp Osaka Bayside
2025年1月24日（金）愛知県 Zepp Nagoya
2025年2月2日（日）東京都 Zepp DiverCity（TOKYO）

▷特設サイト
https://reol.jp/feature/Arena_Yokohama

2025年11月9日、自身最大規模となる横浜アリーナでのワンマンライヴが決定 ！

2025年11月9日（日）
神奈川県 横浜アリーナ
 
▷特設サイト
https://reol.jp/feature/Arena_Yokohama

■About Reol
歌手・作曲家・作詞家・音楽プロデューサー、Reol。
2018 年よりソロでのリリースを開始し、2019 年にはYouTube のチャンネル登録者数が日本人
女性ソロアーティスト史上初の100 万人を突破。
YouTube FanFest Japan 2019 にてゴールド・クリエイター・アワードを受賞。
2020 年、YouTube グローバルキャンペーン“Artist on the Rise” に日本人女性アーティストとして
初選出され、ボートレースCM ソング「第六感」がストリーミング再生1 億回を突破する大ヒット
を記録。
現在、YouTube 登録者数は169万人を突破。総再生回数は10億回を超え、国内外から人気を集めている。

■Official Site
http://reol.jp

■Twitter
Reol：https://twitter.com/rrreol
Reol Official：https://twitter.com/rrreol_official

■Instagram
Reol：https://www.instagram.com/rrreol999/
Reol Official： https://www.instagram.com/rrreol_official/

■TikTok
https://www.tiktok.com/@rrreol999

#Reol #リレスキュー #aoex",https://i.ytimg.com/vi/h9r8cT25_3U/default.jpg,https://www.youtube.com/watch?v=h9r8cT25_3U
VPoL-3-d2QE,Reol - 'RE RESCUE' Teaser Movie #2,2024-10-10 09:00:33+00:00,2026-03-05T01:55:20.788850,16177,612,24,PT16S,16,False,True,False,none,"■Reol - New Digital Single 'RE RESCUE' OUT NOW
TVアニメ『青の祓魔師 雪ノ果篇』オープニングテーマ

Listen Here
https://reol.lnk.to/RERESCUE

【Release Info】
Reol「秘色録」2024年11月13日(水)発売
特設サイト:  https://reol.jp/feature/hisokuroku
予約リンク: https://reol.lnk.to/hisokuroku
【Legit盤（CD+ GOODS）】SEC8-83〜84　￥6,930（税込）※ファンクラブ会員限定盤
【映像盤（CD+ Blu-ray）】SECL-3161〜3162　￥3,300（税込）
【通常盤（CD）】SECL-3160　￥1,980（税込）

＜CD＞
RE RESCUE
感情御中
ディア
ULTRA C
ほか

＜Blu-ray（映像盤のみ）＞
「RE RESCUE」Music Video
TVアニメ『青の祓魔師 雪ノ果篇』ノンクレジットオープニングムービー
ほか

＜GOODS（Legit盤のみ）＞
Legit Limited Mesh Cap
オリジナルバッジ

＜店舗別予約特典＞
TOWER RECORDS全店（オンライン含む/一部店舗除く）: オリジナルB3ミニポスター
楽天ブックス: オリジナルA4クリアファイル[デザインA]
セブンネットショッピング: オリジナルA4クリアファイル[デザインB]
全国アニメイト（アニメイト通販含む）：オリジナルA4クリアファイル[デザインC]
Amazon.co.jp: メガジャケ
※特典は数に限りがありますので、無くなり次第終了となります。あらかじめご了承ください。
※上記店舗以外での配布はございません。ご了承ください。
※各オンラインショップに関して、カートが公開されるまでに時間がかかる場合がございますので、予めご了承ください。
※Amazon.co.jp、楽天ブックス、その他一部オンラインショップでは”特典対象商品ページ”と ”特典非対象商品ページ”がございます。
ご予約の際にご希望される商品ページかをご確認いただいてからご予約いただきますよう、お願い申し上げます。

▼対象商品
Reol「秘色録」2024年11月13日(水)発売
【映像盤（CD+Blu-ray）】SECL-3161〜3162　￥3,300（税込）
【通常盤（CD）】SECL-3160　￥1,980（税込）
※Legit盤は対象商品ではございません。予めご了承ください。

【Live Info】
2025年11月9日、自身最大規模となる横浜アリーナでのワンマンライヴが決定 ！

2025年11月9日（日）
神奈川県 横浜アリーナ
開場 17:00 / 開演 18:00
チケット料金 : 全席指定 ¥9,900
 
FC""Legit""会員限定最速先行をただいまよりスタート🕊
[受付期間]2024年8月17日(土)21:00～2024年9月1日(日)23:59
※FC""Legit""会員のみがお申し込みいただけます

▷特設サイト
https://reol.jp/feature/Arena_Yokohama
チケットのお申し込みはこちらから！

▷NEWS
https://reol.jp/news/detail/361

■About Reol
歌手・作曲家・作詞家・音楽プロデューサー、Reol。
2018 年よりソロでのリリースを開始し、2019 年にはYouTube のチャンネル登録者数が日本人
女性ソロアーティスト史上初の100 万人を突破。
YouTube FanFest Japan 2019 にてゴールド・クリエイター・アワードを受賞。
2020 年、YouTube グローバルキャンペーン“Artist on the Rise” に日本人女性アーティストとして
初選出され、ボートレースCM ソング「第六感」がストリーミング再生1 億回を突破する大ヒット
を記録。
現在、YouTube 登録者数は169万人を突破。総再生回数は10億回を超え、国内外から人気を集めている。

■Official Site
http://reol.jp

■Twitter
Reol：https://twitter.com/rrreol
Reol Official：https://twitter.com/rrreol_official

■Instagram
Reol：https://www.instagram.com/rrreol999/
Reol Official： https://www.instagram.com/rrreol_official/

■TikTok
https://www.tiktok.com/@rrreol999

#Reol #DEAR #Notitle",https://i.ytimg.com/vi/VPoL-3-d2QE/default.jpg,https://www.youtube.com/watch?v=VPoL-3-d2QE
hTrHmYCGK6M,会いたい人がいる天国、そっから僕たちはどう見える｜RE RESCUE #2,2024-10-08 08:51:40+00:00,2026-03-05T01:55:20.788860,232326,9565,37,PT26S,26,False,True,False,none,,https://i.ytimg.com/vi/hTrHmYCGK6M/default.jpg,https://www.youtube.com/watch?v=hTrHmYCGK6M
1kxenH-vvkA,"新曲 ""RE RESCUE"" 配信スタート！",2024-10-07 08:31:35+00:00,2026-03-05T01:55:20.788869,74905,5063,39,PT39S,39,False,True,False,none,,https://i.ytimg.com/vi/1kxenH-vvkA/default.jpg,https://www.youtube.com/watch?v=1kxenH-vvkA
BPrOx8bjx40,Reol - 'RE RESCUE' Teaser Movie,2024-10-03 09:00:07+00:00,2026-03-05T01:55:20.788893,29656,1532,55,PT16S,16,False,True,False,none,"■Reol - New Digital Single 'RE RESCUE' COMING SOON
TVアニメ『青の祓魔師 雪ノ果篇』オープニングテーマ

【Release Info】
Reol「秘色録」2024年11月13日(水)発売
特設サイト:  https://reol.jp/feature/hisokuroku
予約リンク: https://reol.lnk.to/hisokuroku
【Legit盤（CD+ GOODS）】SEC8-83〜84　￥6,930（税込）※ファンクラブ会員限定盤
【映像盤（CD+ Blu-ray）】SECL-3161〜3162　￥3,300（税込）
【通常盤（CD）】SECL-3160　￥1,980（税込）

＜CD＞
RE RESCUE
感情御中
ディア
ULTRA C
ほか

＜Blu-ray（映像盤のみ）＞
「RE RESCUE」Music Video
TVアニメ『青の祓魔師 雪ノ果篇』ノンクレジットオープニングムービー
ほか

＜GOODS（Legit盤のみ）＞
Legit Limited Mesh Cap
オリジナルバッジ

＜店舗別予約特典＞
TOWER RECORDS全店（オンライン含む/一部店舗除く）: オリジナルB3ミニポスター
楽天ブックス: オリジナルA4クリアファイル[デザインA]
セブンネットショッピング: オリジナルA4クリアファイル[デザインB]
全国アニメイト（アニメイト通販含む）：オリジナルA4クリアファイル[デザインC]
Amazon.co.jp: メガジャケ
※特典は数に限りがありますので、無くなり次第終了となります。あらかじめご了承ください。
※上記店舗以外での配布はございません。ご了承ください。
※各オンラインショップに関して、カートが公開されるまでに時間がかかる場合がございますので、予めご了承ください。
※Amazon.co.jp、楽天ブックス、その他一部オンラインショップでは”特典対象商品ページ”と ”特典非対象商品ページ”がございます。
ご予約の際にご希望される商品ページかをご確認いただいてからご予約いただきますよう、お願い申し上げます。

▼対象商品
Reol「秘色録」2024年11月13日(水)発売
【映像盤（CD+Blu-ray）】SECL-3161〜3162　￥3,300（税込）
【通常盤（CD）】SECL-3160　￥1,980（税込）
※Legit盤は対象商品ではございません。予めご了承ください。

【Live Info】
2025年11月9日、自身最大規模となる横浜アリーナでのワンマンライヴが決定 ！

2025年11月9日（日）
神奈川県 横浜アリーナ
開場 17:00 / 開演 18:00
チケット料金 : 全席指定 ¥9,900
 
FC""""Legit""""会員限定最速先行をただいまよりスタート🕊
[受付期間]2024年8月17日(土)21:00～2024年9月1日(日)23:59
※FC""""Legit""""会員のみがお申し込みいただけます

▷特設サイト
https://reol.jp/feature/Arena_Yokohama
チケットのお申し込みはこちらから！

▷NEWS
https://reol.jp/news/detail/361

■About Reol
歌手・作曲家・作詞家・音楽プロデューサー、Reol。
2018 年よりソロでのリリースを開始し、2019 年にはYouTube のチャンネル登録者数が日本人
女性ソロアーティスト史上初の100 万人を突破。
YouTube FanFest Japan 2019 にてゴールド・クリエイター・アワードを受賞。
2020 年、YouTube グローバルキャンペーン“Artist on the Rise” に日本人女性アーティストとして
初選出され、ボートレースCM ソング「第六感」がストリーミング再生1 億回を突破する大ヒット
を記録。
現在、YouTube 登録者数は169万人を突破。総再生回数は10億回を超え、国内外から人気を集めている。

■Official Site
http://reol.jp

■Twitter
Reol：https://twitter.com/rrreol
Reol Official：https://twitter.com/rrreol_official

■Instagram
Reol：https://www.instagram.com/rrreol999/
Reol Official： https://www.instagram.com/rrreol_official/

■TikTok
https://www.tiktok.com/@rrreol999

#Reol #リレスキュー #aoex",https://i.ytimg.com/vi/BPrOx8bjx40/default.jpg,https://www.youtube.com/watch?v=BPrOx8bjx40
c8yWHLYXJA0,Reol&nqrse - 'ULTRA C' 歌ってみた #プロセカ #ビビバス #セルフカバー,2024-09-18 12:34:57+00:00,2026-03-05T01:55:20.788902,69780,7407,34,PT16S,16,False,True,False,none,,https://i.ytimg.com/vi/c8yWHLYXJA0/default.jpg,https://www.youtube.com/watch?v=c8yWHLYXJA0
Ju7q2a6fFns,Reol & nqrse - 'ULTRA C' 歌ってみた,2024-09-17 15:00:06+00:00,2026-03-05T01:55:20.788923,4638697,83696,1524,PT3M,180,False,False,False,none,"■Reol - New Digital Single 'ULTRA C feat. nqrse' OUT NOW
Listen Here
https://reol.lnk.to/ULTRAC

Lyrics&Vocal by Reol
Music by TeddyLoid, Giga
Illustration by △○□×
Movie by Okiku, Hissha

Guest Vocal by nqrse

Original Ver.
https://youtu.be/KF9Mu2gXNdI

【Release Info】
Reol「秘色録」2024年11月13日(水)発売
特設サイト:  
予約リンク: https://reol.lnk.to/hisokuroku 
【Legit盤（CD+ GOODS）】SEC8-83〜84　￥6,930（税込）※ファンクラブ会員限定盤
【映像盤（CD+ Blu-ray）】SECL-3161〜3162　￥3,300（税込）
【通常盤（CD）】SECL-3160　￥1,980（税込）

＜CD＞
RE RESCUE
感情御中
ディア
ULTRA C
ほか

＜Blu-ray(映像盤のみ)＞
「RE RESCUE」Music Video
TVアニメ「青の祓魔師 雪ノ果篇」ノンクレジットオープニングテーマ
ほか

＜GOODS（Legit盤のみ）＞
Legit Limited Mesh Cap
オリジナル缶バッジ

【Live Info】
2025年11月9日、自身最大規模となる横浜アリーナでのワンマンライヴが決定 ！

2025年11月9日（日）
神奈川県 横浜アリーナ
開場 17:00 / 開演 18:00
チケット料金 : 全席指定 ¥9,900
 
FC""Legit""会員限定最速先行をただいまよりスタート🕊
[受付期間]2024年8月17日(土)21:00～2024年9月1日(日)23:59
※FC""Legit""会員のみがお申し込みいただけます

▷特設サイト
https://reol.jp/feature/Arena_Yokohama
チケットのお申し込みはこちらから！

▷NEWS
https://reol.jp/news/detail/361

■About Reol
歌手・作曲家・作詞家・音楽プロデューサー、Reol。
2018 年よりソロでのリリースを開始し、2019 年にはYouTube のチャンネル登録者数が日本人
女性ソロアーティスト史上初の100 万人を突破。
YouTube FanFest Japan 2019 にてゴールド・クリエイター・アワードを受賞。
2020 年、YouTube グローバルキャンペーン“Artist on the Rise” に日本人女性アーティストとして
初選出され、ボートレースCM ソング「第六感」がストリーミング再生1 億回を突破する大ヒット
を記録。
現在、YouTube 登録者数は169万人を突破。総再生回数は10億回を超え、国内外から人気を集めている。

■Official Site
http://reol.jp

■Twitter
Reol：https://twitter.com/rrreol
Reol Official：https://twitter.com/rrreol_official

■Instagram
Reol：https://www.instagram.com/rrreol999/
Reol Official： https://www.instagram.com/rrreol_official/

■TikTok
https://www.tiktok.com/@rrreol999

#Reol #プロセカ #nqrse",https://i.ytimg.com/vi/Ju7q2a6fFns/default.jpg,https://www.youtube.com/watch?v=Ju7q2a6fFns
6HymnH6wfZw,2025.11.09 横浜アリーナ単独公演開催決定 / 親愛なる僕らへ、FC最速先行受付中👑,2024-08-20 04:53:51+00:00,2026-03-05T01:55:20.788933,22007,2015,28,PT1M,60,False,True,False,none,,https://i.ytimg.com/vi/6HymnH6wfZw/default.jpg,https://www.youtube.com/watch?v=6HymnH6wfZw
RHBRRQ0cx3Q,2024.08.18 #ディア NEW RELEASE🕯️,2024-08-20 04:01:47+00:00,2026-03-05T01:55:20.788942,16329,1652,18,PT17S,17,False,True,False,none,,https://i.ytimg.com/vi/RHBRRQ0cx3Q/default.jpg,https://www.youtube.com/watch?v=RHBRRQ0cx3Q
E1zxsx3PfuU,Reol - 'ディア / DEAR' Music Video,2024-08-17 15:00:06+00:00,2026-03-05T01:55:20.788960,2417997,46640,694,PT2M55S,175,False,False,False,none,"■Reol - New Digital Single 'ディア' OUT NOW
Listen Here
https://reol.lnk.to/DEAR

Lyrics&Vocal by Reol
Music by Giga
Movie&Artwork by Okiku
Illustration by Kei Mochizuki

Giga ver https://youtu.be/Jki8Jxwt_k4

【Live Info】
2025年11月9日、自身最大規模となる横浜アリーナでのワンマンライヴが決定 ！

2025年11月9日（日）
神奈川県 横浜アリーナ
開場 17:00 / 開演 18:00
チケット料金 : 全席指定 ¥9,900
 
FC""Legit""会員限定最速先行をただいまよりスタート🕊
[受付期間]2024年8月17日(土)21:00～2024年9月1日(日)23:59
※FC""Legit""会員のみがお申し込みいただけます

▷特設サイト
https://reol.jp/feature/Arena_Yokohama
チケットのお申し込みはこちらから！

▷NEWS
https://reol.jp/news/detail/361

■About Reol
歌手・作曲家・作詞家・音楽プロデューサー、Reol。
2018 年よりソロでのリリースを開始し、2019 年にはYouTube のチャンネル登録者数が日本人
女性ソロアーティスト史上初の100 万人を突破。
YouTube FanFest Japan 2019 にてゴールド・クリエイター・アワードを受賞。
2020 年、YouTube グローバルキャンペーン“Artist on the Rise” に日本人女性アーティストとして
初選出され、ボートレースCM ソング「第六感」がストリーミング再生1 億回を突破する大ヒット
を記録。
現在、YouTube 登録者数は168万人を突破。総再生回数は10億回を超え、国内外から人気を集めている。

■Official Site
http://reol.jp

■Twitter
Reol：https://twitter.com/rrreol
Reol Official：https://twitter.com/rrreol_official

■Instagram
Reol：https://www.instagram.com/rrreol999/
Reol Official： https://www.instagram.com/rrreol_official/

■TikTok
https://www.tiktok.com/@rrreol999

#Reol #DEAR #Notitle",https://i.ytimg.com/vi/E1zxsx3PfuU/default.jpg,https://www.youtube.com/watch?v=E1zxsx3PfuU
hbR_FuJ6_dI,2024.08.17 親愛なる僕らへ,2024-08-17 12:00:46+00:00,2026-03-05T01:55:20.788977,30381,1913,83,PT1M13S,73,False,False,False,none,"2025年11月9日、自身最大規模となる横浜アリーナでのワンマンライヴが決定 ！

2025年11月9日（日）
神奈川県 横浜アリーナ
開場 17:00 / 開演 18:00
チケット料金 : 全席指定 ¥9,900
 
FC""Legit""会員限定最速先行をただいまよりスタート🕊
[受付期間]2024年8月17日(土)21:00～2024年9月1日(日)23:59
※FC""Legit""会員のみがお申し込みいただけます

▷特設サイト
https://reol.jp/feature/Arena_Yokohama
チケットのお申し込みはこちらから！

▷NEWS
https://reol.jp/news/detail/361

■About Reol
歌手・作曲家・作詞家・音楽プロデューサー、Reol。
2018 年よりソロでのリリースを開始し、2019 年にはYouTube のチャンネル登録者数が日本人
女性ソロアーティスト史上初の100 万人を突破。
YouTube FanFest Japan 2019 にてゴールド・クリエイター・アワードを受賞。
2020 年、YouTube グローバルキャンペーン“Artist on the Rise” に日本人女性アーティストとして
初選出され、ボートレースCM ソング「第六感」がストリーミング再生1 億回を突破する大ヒット
を記録。
現在、YouTube 登録者数は168万人を突破。総再生回数は10億回を超え、国内外から人気を集めている。

■Official Site
http://reol.jp

■X
Reol：https://twitter.com/rrreol
Reol Official： https://twitter.com/rrreol_official

■Instagram
Reol：https://www.instagram.com/rrreol999/
Reol Official： https://www.instagram.com/rrreol_official/

■TikTok
https://www.tiktok.com/@rrreol999

#Notitle #Reol",https://i.ytimg.com/vi/hbR_FuJ6_dI/default.jpg,https://www.youtube.com/watch?v=hbR_FuJ6_dI
udnAm7y6Ll8,0817日本武道館公演のグッズ通販開始しました˚✧₊⁎,2024-06-21 08:48:17+00:00,2026-03-05T01:55:20.788987,66140,3547,48,PT1M,60,False,True,False,none,,https://i.ytimg.com/vi/udnAm7y6Ll8/default.jpg,https://www.youtube.com/watch?v=udnAm7y6Ll8
PDMbb-t5bzc,"Reol - DDD[Live at ""UNBOX"" black Yokohama]",2024-06-11 13:00:31+00:00,2026-03-05T01:55:20.789006,123873,2911,103,PT4M1S,241,False,False,False,none,"Live at KANAGAWA KENMIN HALL 2024.2.18

Special Guest Erina：アタック西本 from ジェラードン 
Bass : Ryosuke Nikamoto
Drums : Shunsuke Uehara
Dancers：Shimpei Nemoto, Tatsuro

【Release Info】
Reol「Reol Oneman Live 2023/24 ""UNBOX"" black」2024年6月19日(水)発売
予約リンク: https://reol.lnk.to/unbox
Legit BOX予約（FC会員限定）: https://reol.jp/feature/b5e3e1094cb5ebc1c57472e42c84a810

【Legit BOX（Blu-ray+CD+フォトブック+フォトフレーム+キーチャーム+ポストカード6種）】VVX8-16　￥13,200（税込）※ファンクラブ会員限定盤
【通常盤（DVD2枚組）】SEBL-325　￥6,380（税込）
【通常盤（Blu-ray）】SEXL-294　￥6,930（税込）

【Live Info】
Reol Oneman Live「No title」　　
2024.08.17(sat) 日本武道館 
OPEN 17:00 / START 18:00

https://reol.jp/feature/no_title

■About Reol
歌手・作曲家・作詞家・音楽プロデューサー、Reol。
2018 年よりソロでのリリースを開始し、2019 年にはYouTube のチャンネル登録者数が日本人
女性ソロアーティスト史上初の100 万人を突破。
YouTube FanFest Japan 2019 にてゴールド・クリエイター・アワードを受賞。
2020 年、YouTube グローバルキャンペーン“Artist on the Rise” に日本人女性アーティストとして
初選出され、ボートレースCM ソング「第六感」がストリーミング再生1 億回を突破する大ヒット
を記録。
現在、YouTube 登録者数は167万人を突破。総再生回数は10億回を超え、国内外から人気を集めている。

■Official Site
http://reol.jp

■Twitter
Reol：https://twitter.com/rrreol
Reol Official：https://twitter.com/rrreol_official

■Instagram
Reol：https://www.instagram.com/rrreol999/
Reol Official： https://www.instagram.com/rrreol_official/

■TikTok
https://www.tiktok.com/@rrreol999

#Reol #UNBOX",https://i.ytimg.com/vi/PDMbb-t5bzc/default.jpg,https://www.youtube.com/watch?v=PDMbb-t5bzc
RBdog5dxDMw,"Reol Oneman Live 2023/24""UNBOX"" black XFD Movie公開",2024-05-31 03:00:17+00:00,2026-03-05T01:55:20.789016,19259,596,6,PT31S,31,False,True,False,none,,https://i.ytimg.com/vi/RBdog5dxDMw/default.jpg,https://www.youtube.com/watch?v=RBdog5dxDMw
k1QPh2FHang,"Reol Oneman Live 2023/24 ""UNBOX"" black XFDMovie",2024-05-30 12:00:43+00:00,2026-03-05T01:55:20.789036,76787,2405,93,PT4M,240,False,False,False,none,"Directed by 野良いぬ

Live at KANAGAWA KENMIN HALL 2024.2.18

【Release Info】
Reol「Reol Oneman Live 2023/24 ""UNBOX"" black」2024年6月19日(水)発売
予約リンク: https://reol.lnk.to/unbox
Legit BOX予約（FC会員限定）: https://reol.jp/feature/b5e3e1094cb5ebc1c57472e42c84a810

【Legit BOX（Blu-ray+CD+フォトブック+フォトフレーム+キーチャーム+ポストカード6種）】VVX8-16　￥13,200（税込）※ファンクラブ会員限定盤
【通常盤（DVD2枚組）】SEBL-325　￥6,380（税込）
【通常盤（Blu-ray）】SEXL-294　￥6,930（税込）

Reol Oneman Live 2023/24 ""UNBOX"" blackライヴ・フィルム
一夜限りの劇場公開決定！

日時🗓️
2024年6月11日(火)19:00 開映
Ticket🎫
前売 3,300円 (税込)　 
当日4,000円(税込)※劇場のみ販売

お申し込み🔗
https://w.pia.jp/t/reol-ol2324-lf/
上映劇場一覧等の詳細🔗
https://reol.jp/news/detail/284

【Live Info】
Reol Oneman Live「No title」　　
2024.08.17(sat) 日本武道館 
OPEN 17:00 / START 18:00

Ticket🎫
全席指定 ¥8,800(税込)
https://reol.jp/feature/no_title

■About Reol
歌手・作曲家・作詞家・音楽プロデューサー、Reol。
2018 年よりソロでのリリースを開始し、2019 年にはYouTube のチャンネル登録者数が日本人
女性ソロアーティスト史上初の100 万人を突破。
YouTube FanFest Japan 2019 にてゴールド・クリエイター・アワードを受賞。
2020 年、YouTube グローバルキャンペーン“Artist on the Rise” に日本人女性アーティストとして
初選出され、ボートレースCM ソング「第六感」がストリーミング再生1 億回を突破する大ヒット
を記録。
現在、YouTube 登録者数は167万人を突破。総再生回数は10億回を超え、国内外から人気を集めている。

■Official Site
http://reol.jp

■Twitter
Reol：https://twitter.com/rrreol
Reol Official：https://twitter.com/rrreol_official

■Instagram
Reol：https://www.instagram.com/rrreol999/
Reol Official： https://www.instagram.com/rrreol_official/

■TikTok
https://www.tiktok.com/@rrreol999

#Reol #UNBOX",https://i.ytimg.com/vi/k1QPh2FHang/default.jpg,https://www.youtube.com/watch?v=k1QPh2FHang
ML3YDCBxwzU,わたしの音楽と関係してくれたすべてへ,2024-05-22 11:11:50+00:00,2026-03-05T01:55:20.789045,102442,5772,54,PT49S,49,False,True,False,none,,https://i.ytimg.com/vi/ML3YDCBxwzU/default.jpg,https://www.youtube.com/watch?v=ML3YDCBxwzU
Tn2ujphffTg,"Reol ""VIP KID"" Live at ""UNBOX"" black Yokohama",2024-05-15 01:44:04+00:00,2026-03-05T01:55:20.789053,23100,806,3,PT33S,33,False,True,False,none,,https://i.ytimg.com/vi/Tn2ujphffTg/default.jpg,https://www.youtube.com/watch?v=Tn2ujphffTg
yEof7tbrSog,"Reol - VIP KID[Live at ""UNBOX"" black Yokohama]",2024-05-11 12:00:06+00:00,2026-03-05T01:55:20.789073,216234,5217,176,PT3M53S,233,False,False,False,none,"Live at KANAGAWA KENMIN HALL 2024.2.18

Bass : Ryosuke Nikamoto
Drums : Shunsuke Uehara

【Release Info】
Reol「Reol Oneman Live 2023/24 ""UNBOX"" black」2024年6月19日(水)発売
予約リンク: https://reol.lnk.to/unbox
Legit BOX予約（FC会員限定）: https://reol.jp/feature/b5e3e1094cb5ebc1c57472e42c84a810

【Legit BOX（Blu-ray+CD+フォトブック+フォトフレーム+キーチャーム+ポストカード6種）】VVX8-16　￥13,200（税込）※ファンクラブ会員限定盤
【通常盤（DVD2枚組）】SEBL-325　￥6,380（税込）
【通常盤（Blu-ray）】SEXL-294　￥6,930（税込）

Reol Oneman Live 2023/24 ""UNBOX"" blackライヴ・フィルム
一夜限りの劇場公開決定！

日時🗓️
2024年6月11日(火)19:00 開映
Ticket🎫
前売 3,300円 (税込)　 
当日4,000円(税込)※劇場のみ販売

お申し込み🔗
https://w.pia.jp/t/reol-ol2324-lf/
上映劇場一覧等の詳細🔗
https://reol.jp/news/detail/284

【Live Info】
Reol Oneman Live「No title」　　
2024.08.17(sat) 日本武道館 
OPEN 17:00 / START 18:00

Ticket🎫
全席指定 ¥8,800(税込)
https://reol.jp/feature/no_title

■About Reol
歌手・作曲家・作詞家・音楽プロデューサー、Reol。
2018 年よりソロでのリリースを開始し、2019 年にはYouTube のチャンネル登録者数が日本人
女性ソロアーティスト史上初の100 万人を突破。
YouTube FanFest Japan 2019 にてゴールド・クリエイター・アワードを受賞。
2020 年、YouTube グローバルキャンペーン“Artist on the Rise” に日本人女性アーティストとして
初選出され、ボートレースCM ソング「第六感」がストリーミング再生1 億回を突破する大ヒット
を記録。
現在、YouTube 登録者数は167万人を突破。総再生回数は10億回を超え、国内外から人気を集めている。

■Official Site
http://reol.jp

■Twitter
Reol：https://twitter.com/rrreol
Reol Official：https://twitter.com/rrreol_official

■Instagram
Reol：https://www.instagram.com/rrreol999/
Reol Official： https://www.instagram.com/rrreol_official/

■TikTok
https://www.tiktok.com/@rrreol999

#Reol #UNBOX #VIPKID",https://i.ytimg.com/vi/yEof7tbrSog/default.jpg,https://www.youtube.com/watch?v=yEof7tbrSog
Q3v8WJ9a4jc,"Reol - TAKE OFF[Live at ""UNBOX"" black Yokohama]",2024-04-17 13:00:32+00:00,2026-03-05T01:55:20.789092,234654,5032,161,PT4M8S,248,False,False,False,none,"Live at KANAGAWA KENMIN HALL 2024.2.18

Bass : Ryosuke Nikamoto
Drums : Shunsuke Uehara

Dance & Choreography by Suichu-megane∞
Shimpei Nemoto, Ayane Nakagawa

【Release Info】
Reol「Reol Oneman Live 2023/24 ""UNBOX"" black」2024年6月19日(水)発売
予約リンク: https://reol.lnk.to/unbox
Legit BOX予約（FC会員限定）: https://reol.jp/feature/b5e3e1094cb5ebc1c57472e42c84a810

【Legit BOX（Blu-ray+CD+フォトブック+フォトフレーム+キーチャーム+ポストカード6種）】VVX8-16　￥13,200（税込）※ファンクラブ会員限定盤
【通常盤（DVD2枚組）】SEBL-325　￥6,380（税込）
【通常盤（Blu-ray）】SEXL-294　￥6,930（税込）

【Live Info】
Reol Oneman Live「No title」　　
2024.08.17(sat) 日本武道館 
OPEN 17:00 / START 18:00

Ticket🎫
全席指定 ¥8,800(税込)
https://reol.jp/feature/no_title

■About Reol
歌手・作曲家・作詞家・音楽プロデューサー、Reol。
2018 年よりソロでのリリースを開始し、2019 年にはYouTube のチャンネル登録者数が日本人
女性ソロアーティスト史上初の100 万人を突破。
YouTube FanFest Japan 2019 にてゴールド・クリエイター・アワードを受賞。
2020 年、YouTube グローバルキャンペーン“Artist on the Rise” に日本人女性アーティストとして
初選出され、ボートレースCM ソング「第六感」がストリーミング再生1 億回を突破する大ヒット
を記録。
現在、YouTube 登録者数は166万人を突破。総再生回数は10億回を超え、国内外から人気を集めている。

■Official Site
http://reol.jp

■Twitter
Reol：https://twitter.com/rrreol
Reol Official：https://twitter.com/rrreol_official

■Instagram
Reol：https://www.instagram.com/rrreol999/
Reol Official： https://www.instagram.com/rrreol_official/

■TikTok
https://www.tiktok.com/@rrreol999

#Reol #UNBOX #TAKEOFF",https://i.ytimg.com/vi/Q3v8WJ9a4jc/default.jpg,https://www.youtube.com/watch?v=Q3v8WJ9a4jc
gA3h1zUJ-OM,年中無休あいうぉんちゅーLUV IT！新商品「 #感情御中 」好評発売中💗,2024-03-29 12:43:07+00:00,2026-03-05T01:55:20.789101,24424,2103,23,PT19S,19,False,True,False,none,,https://i.ytimg.com/vi/gA3h1zUJ-OM/default.jpg,https://www.youtube.com/watch?v=gA3h1zUJ-OM
l7DyQ1GDatA,Reol - '感情御中 -WANT U LUV IT-' Music Video,2024-03-29 12:00:06+00:00,2026-03-05T01:55:20.789129,1940523,29881,458,PT2M57S,177,False,False,False,none,"Reol - Digital Single '感情御中 -WANT U LUV IT-' OUT NOW
Listen Here
https://reol.lnk.to/WANTULUVIT

マクドナルド USA「WcDonald's」オフィシャル・トラック
https://www.youtube.com/watch?v=fsg_1h4xP64

Lyrics: Reol, ツミキ
Music: Reol, ツミキ
Sound Produced by ツミキ

Movie by PPP
https://twitter.com/rojirojiroji
https://twitter.com/buki_you
https://twitter.com/norainu03019

PULL UP着火！PARTY ALL RIGHT

引繰返すわヴィラン　くだらない言葉でFEEL DOWN
逆様に成ったら好いじゃんPICK ME UP
馬鹿と化すまでパチャンガダンス
OH 脳内てんでばらばらSTOPPIN'　その五感でただ感じろFEELIN'
ほら真暗くても湧く理想　欲するまんま行こう

喋らないで口塞いで　鳴るサイレン頭の中
酸い甘いもどってん解明
わくわくどうなるの　欲、欲任せ
Hey! What can I get you, ya Please!

選べこの世界　この快感との出逢いを
好きなものを好きなだけ
あがる心拍数は　三分間待てないもう
好きなものを好きなだけ
足りん五十音中　感情御中　愛に臨終　
無我夢中あいにーじゅー, LUV IT


空を拝んだジーザス　退屈をぶっ放す一発くれよ
こんな展開失態、失態　胃酸で胸焼けしてんだわ
OMG！どうせ僕らはDEAD END　はなから意味のない現世
なら楽しめるやつ推奨　欲するまんまでGO

選べこの世界　この感動も超えたいの
好きなものを探し出せ
叫ぶ心拍数は　最終回いきたいの
好きなものが欲しいだけ
捨てい損得勘定　芯を堪能　愛は頑丈　
年中無休あいうぉんちゅー, LUV IT

探しものは何だ　わからずに眩暈
手を伸ばさなければそれは満たせない
書を捨てよ　町へ出よう　知ったふりはやめだ
生まれ落ちた意味はただ生きることに宿る

僕ら未だにハングリー　探り　探り
求む　カロリー　迷い　悩み　遊び
僕ら未だにハングリー　探り　探り
求む　カロリー　迷い　悩み　遊び


選べこの世界　この快感との出逢いを
好きなものを好きなだけ
あがる心拍数は　三分間待てないもう
好きなものが好きなだけ

足りん五十音中　感情御中　愛に臨終
こんな五里霧中　茹だる憂鬱　覆して！
まだ足りんWANT U　感情御中　愛に臨終

無我夢中あいにーじゅー, LUV IT
年中無休あいにーじゅー, LUV IT
今夢中！あいうぉんちゅー, LUV IT

【Release Info】
Reol「Reol Oneman Live 2023/24 """"UNBOX"""" black」2024年6月19日(水)発売
予約リンク: https://reol.lnk.to/unbox
Legit BOX予約（FC会員限定）: https://reol.jp/feature/b5e3e1094cb5ebc1c57472e42c84a810

【Legit BOX（Blu-ray+CD+フォトブック+フォトフレーム+キーチャーム+ポストカード6種）】VVX8-16　￥13,200（税込）※ファンクラブ会員限定盤
【通常盤（DVD2枚組）】SEBL-325　￥6,380（税込）
【通常盤（Blu-ray）】SEXL-294　￥6,930（税込）

【Live Info】
Reol Oneman Live「No title」　　
2024.08.17(sat) 日本武道館 
OPEN 17:00 / START 18:00

Ticket🎫
全席指定 ¥8,800(税込)
https://reol.jp/feature/no_title

■About Reol
歌手・作曲家・作詞家・音楽プロデューサー、Reol。
2018 年よりソロでのリリースを開始し、2019 年にはYouTube のチャンネル登録者数が日本人
女性ソロアーティスト史上初の100 万人を突破。
YouTube FanFest Japan 2019 にてゴールド・クリエイター・アワードを受賞。
2020 年、YouTube グローバルキャンペーン“Artist on the Rise” に日本人女性アーティストとして
初選出され、ボートレースCM ソング「第六感」がストリーミング再生1 億回を突破する大ヒット
を記録。
現在、YouTube 登録者数は166万人を突破。総再生回数は10億回を超え、国内外から人気を集めている。

■Official Site
http://reol.jp

■Twitter
Reol：https://twitter.com/rrreol
Reol Official：https://twitter.com/rrreol_official

■Instagram
Reol：https://www.instagram.com/rrreol999/
Reol Official： https://www.instagram.com/rrreol_official/

■TikTok
https://www.tiktok.com/@rrreol999

#Reol #マクドナルド #感情御中",https://i.ytimg.com/vi/l7DyQ1GDatA/default.jpg,https://www.youtube.com/watch?v=l7DyQ1GDatA
LDfPdNhQhno,'感情御中 -WANT U LUV IT-' Music Video3.29(Fri)21:00 JST OUT!!,2024-03-28 09:34:28+00:00,2026-03-05T01:55:20.789142,19280,1290,18,PT10S,10,False,True,False,none,,https://i.ytimg.com/vi/LDfPdNhQhno/default.jpg,https://www.youtube.com/watch?v=LDfPdNhQhno
ktHMz__LTKc,#切っ先 MV 300万再生感謝御礼💎,2024-02-24 09:13:35+00:00,2026-03-05T01:55:20.789155,41862,2040,20,PT18S,18,False,True,False,none,,https://i.ytimg.com/vi/ktHMz__LTKc/default.jpg,https://www.youtube.com/watch?v=ktHMz__LTKc
a5g-k9vAXVc,#切っ先 3M OVER⚔️🔥🔥,2024-02-24 09:11:40+00:00,2026-03-05T01:55:20.789165,16147,1152,9,PT36S,36,False,True,False,none,,https://i.ytimg.com/vi/a5g-k9vAXVc/default.jpg,https://www.youtube.com/watch?v=a5g-k9vAXVc
rAtOiHAojSY,#煽げや尊し 600万再生OVERありがたし🙏,2024-02-20 13:52:10+00:00,2026-03-05T01:55:20.789179,33929,1976,31,PT31S,31,False,True,False,none,,https://i.ytimg.com/vi/rAtOiHAojSY/default.jpg,https://www.youtube.com/watch?v=rAtOiHAojSY
wbFesUFwHh4,#煽げや尊し 6M OVER ありがたし🪭🪭,2024-02-20 13:48:39+00:00,2026-03-05T01:55:20.789187,24633,1694,16,PT31S,31,False,True,False,none,,https://i.ytimg.com/vi/wbFesUFwHh4/default.jpg,https://www.youtube.com/watch?v=wbFesUFwHh4
U75mYkzLk2Q,我が道を行く刑に〜、処す！ #UNBOX 横浜公演ありがとう💖✨ #角刈り女子エリナ #ジェラードン,2024-02-20 12:41:25+00:00,2026-03-05T01:55:20.789196,32515,1600,34,PT31S,31,False,True,False,none,,https://i.ytimg.com/vi/U75mYkzLk2Q/default.jpg,https://www.youtube.com/watch?v=U75mYkzLk2Q
x4Yek-j6nXo,2024.08.17,2024-01-24 09:52:19+00:00,2026-03-05T01:55:20.789204,20391,1680,30,PT48S,48,False,True,False,none,,https://i.ytimg.com/vi/x4Yek-j6nXo/default.jpg,https://www.youtube.com/watch?v=x4Yek-j6nXo
CxgIZgzGLJk,Reol初、武道館ワンマンやります,2024-01-24 09:40:59+00:00,2026-03-05T01:55:20.789213,95798,6036,49,PT40S,40,False,True,False,none,,https://i.ytimg.com/vi/CxgIZgzGLJk/default.jpg,https://www.youtube.com/watch?v=CxgIZgzGLJk
zIXChyxR2co,2024/08/17 Reol Oneman Live「No title」 at 日本武道館,2023-12-25 12:00:51+00:00,2026-03-05T01:55:20.789239,77526,4033,175,PT1M48S,108,False,False,False,none,"Dir: Shuichi Bamba

Reol Oneman Live 「No title」
2024年8月17日（土）東京都 日本武道館
https://reol.jp/feature/no_title
開場 17:00 / 開演 18:00
料金 : 全席指定　¥8,800 /「No title-」アナログ盤付きチケット ¥14,300

Reol 「BLACK BOX」10月18日発売
▼購入
https://reol.lnk.to/blackbox
▼配信
https://reol.lnk.to/dgBLACKBOX

【Release Info】
Reol「BLACK BOX」2023年10月18日(水)発売
特設サイト: https://reol.jp/feature/al_blackbox
予約リンク: https://reol.lnk.to/blackbox
【Legit盤（CD+ GOODS）】SEC8 80~1　￥11,000（税込）※ファンクラブ会員限定盤
【初回生産限定盤A（CD+Blu-ray）】SECL 2920~2　￥7,150（税込）
【初回生産限定盤B（CD+DVD）】SECL 2923~5　￥6,600（税込）
【通常盤（CD）】SECL-2926　￥3,300（税込）

＜CD＞
01. Final Call
02. TAKE OFF
03. SCORPION
04. 綺羅綺羅
05. - Neo Nostalgia -
06. secret trip
07. さよならのすゝめ、今日のつづき
08. 切っ先
09. - ＃000000 -
10. DDD
11. 煽げや尊し
12. 赤裸裸
13. 第六感 - From THE FIRST TAKE

＜Blu-ray, DVD（初回限定生産盤のみ）＞
Reol Oneman Live 2023 新式浪漫 NeoNostalgia

introduction
secret trip
drop pop candy
HYPE MODE
Boy
水底游歩道
un,deux,trois
平面鏡
第六感
nil〜極彩色
interlude
SCORPION
ROXY
赤裸裸
秋映
1LDK
ニュータイプトーキョー
ゆーれいずみー
煽げや尊し

NAKED ""NeoNostalgia""(Documentary)

NAKED ""Reol in Indonesia(First time)""

＜GOODS（初回限定生産盤のみ）＞
新式浪漫 Neo Nostalgia Live Photo Book

＜GOODS（Legit盤のみ）＞
Legit Official Jacket
BLACK BOX ART BOOK(Legit Limited Edition)

【Live Info】

Reol Oneman Live 2023/24　Reol Oneman Live 2023/24 ""UNBOX"" black
2024 年2 月3 日（土）　宮城・仙台GIGS
2024 年2 月18 日（日）　神奈川県民ホール

Reol Oneman Live 2023/24　Reol Oneman Live 2023/24 ""UNBOX"" pure
2024 年1 月13 日（土）　石川・金沢エイトホール
2024 年1 月14 日（日）　新潟LOTS
2024 年1 月27 日（土）　広島クラブクアトロ
2024 年1 月28 日（日）　岡山CRAZYMAMA KINGDOM
2024 年2 月4 日（日）　岩手・盛岡club change WAVE
2024 年2 月10 日（土）　北海道・札幌 PENNY LANE 24

■About Reol
歌手・作曲家・作詞家・音楽プロデューサー、Reol。
2018 年よりソロでのリリースを開始し、2019 年にはYouTube のチャンネル登録者数が日本人
女性ソロアーティスト史上初の100 万人を突破。
YouTube FanFest Japan 2019 にてゴールド・クリエイター・アワードを受賞。
2020 年、YouTube グローバルキャンペーン“Artist on the Rise” に日本人女性アーティストとして
初選出され、ボートレースCM ソング「第六感」がストリーミング再生1 億回を突破する大ヒット
を記録。
現在、YouTube 登録者数は165万人を突破。総再生回数は8億回を超え、国内外から人気を集めている。

■Official Site
http://reol.jp

■Twitter
Reol：https://twitter.com/rrreol
Reol Official： https://twitter.com/rrreol_official

■Instagram
Reol：https://www.instagram.com/rrreol999/
Reol Official： https://www.instagram.com/rrreol_official/

■TikTok
https://www.tiktok.com/@rrreol999

#Notitle #Reol",https://i.ytimg.com/vi/zIXChyxR2co/default.jpg,https://www.youtube.com/watch?v=zIXChyxR2co
90UZCOiONsg,センキュー二◯二三,2023-12-13 13:38:16+00:00,2026-03-05T01:55:20.789250,0,5,0,P0D,0,False,True,True,upcoming,てんきちということ,https://i.ytimg.com/vi/90UZCOiONsg/default_live.jpg,https://www.youtube.com/watch?v=90UZCOiONsg
4HaTmlAIXrs,Reol - Behind The Scenes of 'DDD',2023-11-13 13:00:03+00:00,2026-03-05T01:55:20.789278,34231,1246,49,PT3M11S,191,False,False,False,none,"Reol - 'DDD' Music Video
https://youtu.be/tgu6qr5G_g8?si=2St8gDO4SVqzH4wL

Reol 「BLACK BOX」10月18日発売
▼購入
https://reol.lnk.to/blackbox
▼収録曲「DDD」配信中
https://reol.lnk.to/DDD

【Release Info】
Reol「BLACK BOX」2023年10月18日(水)発売
特設サイト: https://reol.jp/feature/al_blackbox
予約リンク: https://reol.lnk.to/blackbox
【Legit盤（CD+ GOODS）】SEC8 80~1　￥11,000（税込）※ファンクラブ会員限定盤
【初回生産限定盤A（CD+Blu-ray）】SECL 2920~2　￥7,150（税込）
【初回生産限定盤B（CD+DVD）】SECL 2923~5　￥6,600（税込）
【通常盤（CD）】SECL-2926　￥3,300（税込）

＜CD＞
01. Final Call
02. TAKE OFF
03. SCORPION
04. 綺羅綺羅
05. -Neo Nostalgia-
06. secret trip
07. さよならのすゝめ、今日のつづき
08. 切っ先
09. -#000000-
10. DDD
11. 煽げや尊し
12. 赤裸裸
13. 第六感 - From THE FIRST TAKE

＜Blu-ray, DVD（初回限定生産盤のみ）＞
Reol Oneman Live 2023 新式浪漫 NeoNostalgia

introduction
secret trip
drop pop candy
HYPE MODE
Boy
水底遊歩道
un,deux,trois
平面鏡
第六感
nil〜極彩色
interlude
SCORPION
ROXY
赤裸裸
秋映
1LDK
ニュータイプトーキョー
ゆーれいずみー
煽げや尊し

NAKED """"NeoNostalgia""""(Documentary)

NAKED """"Reol in Indonesia(First time)""""

＜GOODS（初回限定生産盤のみ）＞
新式浪漫 Neo Nostalgia Live Photo Book

＜GOODS（Legit盤のみ）＞
Legit Official Jacket
BLACK BOX ART BOOK(Legit Limited Edition)

【Live Info】

Reol Oneman Live 2023/24　Reol Oneman Live 2023/24 """"UNBOX"""" black
2023 年11 月18 日（土）　大阪・フェスティバルホール
2023 年12 月1 日（金）　福岡・Zepp Fukuoka
2023 年12 月24 日（日）　愛知・Zepp Nagoya
2023 年12 月25 日（月）　東京・昭和女子大学人見記念講堂
2024 年2 月3 日（土）　宮城・仙台GIGS
2024 年2 月18 日（日）　神奈川県民ホール

Reol Oneman Live 2023/24　Reol Oneman Live 2023/24 """"UNBOX"""" pure
2023 年12 月2 日（土）　大分・T.O.P.S BittsHALL
2023 年12 月9 日（土）　静岡LIVE ROXY SHIZUOKA
2023 年12 月10 日（日）　兵庫・神戸ハーバースタジオ
2023 年12 月16 日（土）　愛媛・松山Wstudio RED
2023 年12 月17 日（日）　香川・高松DIME
2024 年1 月13 日（土）　石川・金沢エイトホール
2024 年1 月14 日（日）　新潟LOTS
2024 年1 月27 日（土）　広島クラブクアトロ
2024 年1 月28 日（日）　岡山CRAZYMAMA KINGDOM
2024 年2 月4 日（日）　岩手・盛岡club change WAVE
2024 年2 月10 日（土）　北海道・札幌 PENNY LANE 24

■About Reol
歌手・作曲家・作詞家・音楽プロデューサー、Reol。
2018 年よりソロでのリリースを開始し、2019 年にはYouTube のチャンネル登録者数が日本人
女性ソロアーティスト史上初の100 万人を突破。
YouTube FanFest Japan 2019 にてゴールド・クリエイター・アワードを受賞。
2020 年、YouTube グローバルキャンペーン“Artist on the Rise” に日本人女性アーティストとして
初選出され、ボートレースCM ソング「第六感」がストリーミング再生1 億回を突破する大ヒット
を記録。
現在、YouTube 登録者数は165万人を突破。総再生回数は8億回を超え、国内外から人気を集めている。

■Official Site
http://reol.jp

■Twitter
Reol：https://twitter.com/rrreol
Reol Official： https://twitter.com/rrreol_official

■Instagram
Reol：https://www.instagram.com/rrreol999/
Reol Official： https://www.instagram.com/rrreol_official/

■TikTok
https://www.tiktok.com/@rrreol999

#ReolBB #DDD",https://i.ytimg.com/vi/4HaTmlAIXrs/default.jpg,https://www.youtube.com/watch?v=4HaTmlAIXrs
6IFHcYZ21Nc,New ALBUM BLACK BOX Release! 発送部のReolさん,2023-10-18 10:59:02+00:00,2026-03-05T01:55:20.789287,30071,1561,29,PT1M,60,False,True,False,none,,https://i.ytimg.com/vi/6IFHcYZ21Nc/default.jpg,https://www.youtube.com/watch?v=6IFHcYZ21Nc
kFDg1-i0bns,DDD Music Video Thank you for watching 1M!!,2023-10-16 04:19:44+00:00,2026-03-05T01:55:20.789296,55138,2280,21,PT25S,25,False,True,False,none,,https://i.ytimg.com/vi/kFDg1-i0bns/default.jpg,https://www.youtube.com/watch?v=kFDg1-i0bns
pZMFWNhzy1A,BLACK BOXリリース直前緊急生放送　2023.10.11(wed)21:00〜,2023-10-11 12:51:15+00:00,2026-03-05T01:55:20.789327,29851,1002,16,PT49M1S,2941,False,False,False,none,"Reol×ジェラードン、緊急生コント決定！

ReolオフィシャルTikTokアカウントにてこのあとすぐ配信！
🔗https://www.tiktok.com/@rrreol999
※アカウントをフォローの上、右上の🔔をタップしてLIVE配信通知をONに！



「DDD」ミュージック・ビデオ
https://youtu.be/tgu6qr5G_g8

Reol 「BLACK BOX」10月18日発売
▼予約・購入
https://reol.lnk.to/blackbox
▼収録曲「DDD」配信中
https://reol.lnk.to/DDD

【Release Info】
Reol「BLACK BOX」2023年10月18日(水)発売
特設サイト: https://reol.jp/feature/al_blackbox
予約リンク: https://reol.lnk.to/blackbox
【Legit盤（CD+ GOODS）】SEC8 80~1　￥11,000（税込）※ファンクラブ会員限定盤
【初回生産限定盤A（CD+Blu-ray）】SECL 2920~2　￥7,150（税込）
【初回生産限定盤B（CD+DVD）】SECL 2923~5　￥6,600（税込）
【通常盤（CD）】SECL-2926　￥3,300（税込）

＜CD＞
01. Final Call
02. TAKE OFF
03. SCORPION
04. 綺羅綺羅
05. - Neo Nostalgia -
06. secret trip
07. さよならのすゝめ、今日のつづき
08. 切っ先
09. - #000000 -
10. DDD
11. 煽げや尊し
12. 赤裸裸
13. 第六感 - From THE FIRST TAKE

＜Blu-ray, DVD（初回限定生産盤のみ）＞
Reol Oneman Live 2023 新式浪漫 NeoNostalgia

introduction
secret trip
drop pop candy
HYPE MODE
Boy
水底游歩道
un,deux,trois
平面鏡
第六感
nil〜極彩色
interlude
SCORPION
ROXY
赤裸裸
秋映
1LDK
ニュータイプトーキョー
ゆーれいずみー
煽げや尊し

NAKED ""NeoNostalgia""(Documentary)

NAKED ""Reol in Indonesia(First time)""

＜GOODS（初回限定生産盤のみ）＞
新式浪漫 Neo Nostalgia Live Photo Book

＜GOODS（Legit盤のみ）＞
Legit Official Jacket
BLACK BOX ART BOOK(Legit Limited Edition)

【Live Info】

Reol Oneman Live 2023/24　Reol Oneman Live 2023/24 ""UNBOX"" black
2023 年11 月18 日（土）　大阪・フェスティバルホール
2023 年12 月1 日（金）　福岡・Zepp Fukuoka
2023 年12 月24 日（日）　愛知・Zepp Nagoya
2023 年12 月25 日（月）　東京・昭和女子大学人見記念講堂
2024 年2 月3 日（土）　宮城・仙台GIGS
2024 年2 月18 日（日）　神奈川県民ホール

Reol Oneman Live 2023/24　Reol Oneman Live 2023/24 ""UNBOX"" pure
2023 年12 月2 日（土）　大分・T.O.P.S BittsHALL
2023 年12 月9 日（土）　静岡LIVE ROXY SHIZUOKA
2023 年12 月10 日（日）　兵庫・神戸ハーバースタジオ
2023 年12 月16 日（土）　愛媛・松山Wstudio RED
2023 年12 月17 日（日）　香川・高松DIME
2024 年1 月13 日（土）　石川・金沢エイトホール
2024 年1 月14 日（日）　新潟LOTS
2024 年1 月27 日（土）　広島クラブクアトロ
2024 年1 月28 日（日）　岡山CRAZYMAMA KINGDOM
2024 年2 月4 日（日）　岩手・盛岡club change WAVE
2024 年2 月10 日（土）　北海道・札幌 PENNY LANE 24

■About Reol
歌手・作曲家・作詞家・音楽プロデューサー、Reol。
2018 年よりソロでのリリースを開始し、2019 年にはYouTube のチャンネル登録者数が日本人
女性ソロアーティスト史上初の100 万人を突破。
YouTube FanFest Japan 2019 にてゴールド・クリエイター・アワードを受賞。
2020 年、YouTube グローバルキャンペーン“Artist on the Rise” に日本人女性アーティストとして
初選出され、ボートレースCM ソング「第六感」がストリーミング再生1 億回を突破する大ヒット
を記録。
現在、YouTube 登録者数は165万人を突破。総再生回数は9億回を超え、国内外から人気を集めている。

■Official Site
http://reol.jp

■Twitter
Reol：https://twitter.com/rrreol
Reol Official： https://twitter.com/rrreol_official

■Instagram
Reol：https://www.instagram.com/rrreol999/
Reol Official： https://www.instagram.com/rrreol_official/

■TikTok
https://www.tiktok.com/@rrreol999

#ReolBB #ジェラードン",https://i.ytimg.com/vi/pZMFWNhzy1A/default.jpg,https://www.youtube.com/watch?v=pZMFWNhzy1A
tgu6qr5G_g8,Reol - 'DDD' Music Video,2023-10-10 12:00:07+00:00,2026-03-05T01:55:20.789361,2462037,29491,809,PT2M59S,179,False,False,False,none,"Reol - Digital Single ''DDD'' OUT NOW
Listen Here
https://reol.lnk.to/DDD

Lyrics: Reol
Music: Reol, Giga
Sound Produced by Giga

Starring Reol
Erina&Choreographer: アタック西本 from ジェラードン

Director: G2 Yuki Tsujimoto

Ya I'm a Maker and Breaker
Giga Reol 任せな乗っかれ

Yo Ladies and Gentlemen
お待ちどう夜が明けてく
楽しいこと限定　それこそが原点

うちらが気になるシスタ
まあまあ自分らのペースさフリーダム
思いつきに引火　出る出る金貨
みんな遊び場スパシーバ　いいないいな

錆びたしきたり解体　生きた詞を売買
いつもの今日に乾杯　音から音へ浮浪
Oh Mammy, 無問題　やらずにはいられなくない？
I'm in control of my own fate.

I'm a Breaker
DDD DDD DDD DDD DDD DDD
やなことやめ　ここから無礼講

踊るだけ全部風任せ
涙も笑ったれほらあっかんべー
ついてきな、的な
とまらん　とまれねぇわ

これ合法　常ノージョーク
得るより与えるほうが天職
リファレンス　経験基づく余裕
アンビバレンス　隠すビートの奥
君も乗ってけにーちゃん
道草がなきゃつまらんわ　わー
お隣ベスティ　不屈の精神
見知った景色辟易　前進

この青春はあげられないの
僕にだけ広がるこの宇宙ただ夢中
ああ　ここがいつもはじまり

Oh Daddy, 超難解　でもやってみて納得したい
This is the way of my life.

DALA DING, DALA DING?

I'm a Maker
DDD DDD DDD DDD DDD DDD
Yah Man, Pull up, Big up,あんたがBREDDA

遊ぶだけ熱さを忘れ　一度休んで水に流せ
置いてきな的な　Na Ready?
着いてきなベイビー　まだまだ

Hey　過去に未だ囚われの身？
お楽しみならこれから(I'm a Breaker)
とまれん　とまれねぇわ
Hey 遊び楽しめたもん勝ち、自由の身(Ya We are Maker)

たまらん　たまらん　たまらねー
たまらん　たまらねぇわ

Reol 「BLACK BOX」10月18日発売
▼予約・購入
https://reol.lnk.to/blackbox

【Release Info】
Reol「BLACK BOX」2023年10月18日(水)発売
特設サイト: https://reol.jp/feature/al_blackbox
予約リンク: https://reol.lnk.to/blackbox
【Legit盤（CD+ GOODS）】SEC8 80~1　￥11,000（税込）※ファンクラブ会員限定盤
【初回生産限定盤A（CD+Blu-ray）】SECL 2920~2　￥7,150（税込）
【初回生産限定盤B（CD+DVD）】SECL 2923~5　￥6,600（税込）
【通常盤（CD）】SECL-2926　￥3,300（税込）

＜CD＞
01. Final Call
02. TAKE OFF
03. SCORPION
04. 綺羅綺羅
05. -Neo Nostalgia-
06. secret trip
07. さよならのすゝめ、今日のつづき
08. 切っ先
09. -＃000000-
10. DDD
11. 煽げや尊し
12. 赤裸裸
13. 第六感 - From THE FIRST TAKE

＜Blu-ray, DVD（初回限定生産盤のみ）＞
Reol Oneman Live 2023 新式浪漫 NeoNostalgia

introduction
secret trip
drop pop candy
HYPE MODE
Boy
水底遊歩道
un,deux,trois
平面鏡
第六感
nil〜極彩色
interlude
SCORPION
ROXY
赤裸裸
秋映
1LDK
ニュータイプトーキョー
ゆーれいずみー
煽げや尊し

NAKED ""NeoNostalgia""(Documentary)

NAKED ""Reol in Indonesia(First time)""

＜GOODS（初回限定生産盤のみ）＞
新式浪漫 Neo Nostalgia Live Photo Book

＜GOODS（Legit盤のみ）＞
Legit Official Jacket
BLACK BOX ART BOOK(Legit Limited Edition)

【Live Info】

Reol Oneman Live 2023/24　Reol Oneman Live 2023/24 ""UNBOX"" black
2023 年11 月18 日（土）　大阪・フェスティバルホール
2023 年12 月1 日（金）　福岡・Zepp Fukuoka
2023 年12 月24 日（日）　愛知・Zepp Nagoya
2023 年12 月25 日（月）　東京・昭和女子大学人見記念講堂
2024 年2 月3 日（土）　宮城・仙台GIGS
2024 年2 月18 日（日）　神奈川県民ホール

Reol Oneman Live 2023/24　Reol Oneman Live 2023/24 ""UNBOX"" pure
2023 年12 月2 日（土）　大分・T.O.P.S BittsHALL
2023 年12 月9 日（土）　静岡LIVE ROXY SHIZUOKA
2023 年12 月10 日（日）　兵庫・神戸ハーバースタジオ
2023 年12 月16 日（土）　愛媛・松山Wstudio RED
2023 年12 月17 日（日）　香川・高松DIME
2024 年1 月13 日（土）　石川・金沢エイトホール
2024 年1 月14 日（日）　新潟LOTS
2024 年1 月27 日（土）　広島クラブクアトロ
2024 年1 月28 日（日）　岡山CRAZYMAMA KINGDOM
2024 年2 月4 日（日）　岩手・盛岡club change WAVE
2024 年2 月10 日（土）　北海道・札幌 PENNY LANE 24

■About Reol
歌手・作曲家・作詞家・音楽プロデューサー、Reol。
2018 年よりソロでのリリースを開始し、2019 年にはYouTube のチャンネル登録者数が日本人
女性ソロアーティスト史上初の100 万人を突破。
YouTube FanFest Japan 2019 にてゴールド・クリエイター・アワードを受賞。
2020 年、YouTube グローバルキャンペーン“Artist on the Rise” に日本人女性アーティストとして
初選出され、ボートレースCM ソング「第六感」がストリーミング再生1 億回を突破する大ヒット
を記録。
現在、YouTube 登録者数は165万人を突破。総再生回数は9億回を超え、国内外から人気を集めている。

■Official Site
http://reol.jp

■Twitter
Reol：https://twitter.com/rrreol
Reol Official： https://twitter.com/rrreol_official

■Instagram
Reol：https://www.instagram.com/rrreol999/
Reol Official： https://www.instagram.com/rrreol_official/

■TikTok
https://www.tiktok.com/@rrreol999

#Reol #ジェラードン",https://i.ytimg.com/vi/tgu6qr5G_g8/default.jpg,https://www.youtube.com/watch?v=tgu6qr5G_g8
i6_IijehxIk,"Reol 3rd full album ""BLACK BOX"" XFDMovie",2023-10-07 13:00:38+00:00,2026-03-05T01:55:20.789386,89494,3046,163,PT9M13S,553,False,False,False,none,"Directed by yona yona graphics

Reol 「BLACK BOX」10月18日発売
▼予約・購入
https://reol.lnk.to/blackbox
▼収録曲「DDD」配信中
https://reol.lnk.to/DDD

【Release Info】
Reol「BLACK BOX」2023年10月18日(水)発売
特設サイト: https://reol.jp/feature/al_blackbox
予約リンク: https://reol.lnk.to/blackbox
【Legit盤（CD+ GOODS）】SEC8 80~1　￥11,000（税込）※ファンクラブ会員限定盤
【初回生産限定盤A（CD+Blu-ray）】SECL 2920~2　￥7,150（税込）
【初回生産限定盤B（CD+DVD）】SECL 2923~5　￥6,600（税込）
【通常盤（CD）】SECL-2926　￥3,300（税込）

＜CD＞
01. Final Call
02. TAKE OFF
03. SCORPION
04. 綺羅綺羅
05. -Neo Nostalgia-
06. secret trip
07. さよならのすゝめ、今日のつづき
08. 切っ先
09. -#000000-
10. DDD
11. 煽げや尊し
12. 赤裸裸
13. 第六感 - From THE FIRST TAKE

＜Blu-ray, DVD（初回限定生産盤のみ）＞
Reol Oneman Live 2023 新式浪漫 NeoNostalgia

introduction
secret trip
drop pop candy
HYPE MODE
Boy
水底遊歩道
un,deux,trois
平面鏡
第六感
nil〜極彩色
interlude
SCORPION
ROXY
赤裸裸
秋映
1LDK
ニュータイプトーキョー
ゆーれいずみー
煽げや尊し

NAKED ""NeoNostalgia""(Documentary)

NAKED ""Reol in Indonesia(First time)""

＜GOODS（初回限定生産盤のみ）＞
新式浪漫 Neo Nostalgia Live Photo Book

＜GOODS（Legit盤のみ）＞
Legit Official Jacket
BLACK BOX ART BOOK(Legit Limited Edition)

【Live Info】

Reol Oneman Live 2023/24　Reol Oneman Live 2023/24 ""UNBOX"" black
2023 年11 月18 日（土）　大阪・フェスティバルホール
2023 年12 月1 日（金）　福岡・Zepp Fukuoka
2023 年12 月24 日（日）　愛知・Zepp Nagoya
2023 年12 月25 日（月）　東京・昭和女子大学人見記念講堂
2024 年2 月3 日（土）　宮城・仙台GIGS
2024 年2 月18 日（日）　神奈川県民ホール

Reol Oneman Live 2023/24　Reol Oneman Live 2023/24 ""UNBOX"" pure
2023 年12 月2 日（土）　大分・T.O.P.S BittsHALL
2023 年12 月9 日（土）　静岡LIVE ROXY SHIZUOKA
2023 年12 月10 日（日）　兵庫・神戸ハーバースタジオ
2023 年12 月16 日（土）　愛媛・松山Wstudio RED
2023 年12 月17 日（日）　香川・高松DIME
2024 年1 月13 日（土）　石川・金沢エイトホール
2024 年1 月14 日（日）　新潟LOTS
2024 年1 月27 日（土）　広島クラブクアトロ
2024 年1 月28 日（日）　岡山CRAZYMAMA KINGDOM
2024 年2 月4 日（日）　岩手・盛岡club change WAVE
2024 年2 月10 日（土）　北海道・札幌 PENNY LANE 24

■About Reol
歌手・作曲家・作詞家・音楽プロデューサー、Reol。
2018 年よりソロでのリリースを開始し、2019 年にはYouTube のチャンネル登録者数が日本人
女性ソロアーティスト史上初の100 万人を突破。
YouTube FanFest Japan 2019 にてゴールド・クリエイター・アワードを受賞。
2020 年、YouTube グローバルキャンペーン“Artist on the Rise” に日本人女性アーティストとして
初選出され、ボートレースCM ソング「第六感」がストリーミング再生1 億回を突破する大ヒット
を記録。
現在、YouTube 登録者数は165万人を突破。総再生回数は8億回を超え、国内外から人気を集めている。

■Official Site
http://reol.jp

■Twitter
Reol：https://twitter.com/rrreol
Reol Official： https://twitter.com/rrreol_official

■Instagram
Reol：https://www.instagram.com/rrreol999/
Reol Official： https://www.instagram.com/rrreol_official/

■TikTok
https://www.tiktok.com/@rrreol999

#ReolBB #DDD",https://i.ytimg.com/vi/i6_IijehxIk/default.jpg,https://www.youtube.com/watch?v=i6_IijehxIk
bwQoYa4yItM,Reol - 1LDK[Live at 新式浪漫 Neo Nostalgia Tokyo],2023-10-04 12:00:28+00:00,2026-03-05T01:55:21.067333,136975,3037,102,PT3M25S,205,False,False,False,none,"Live at TOKYO DOME CITY HALL 2023.01.29

Bass : Ryosuke Nikamoto
Drums : Shunsuke Uehara

Dance & Choreography by Suichu-megane∞
Shimpei Nemoto, Ayane Nakagawa

Directed by Shuichi Bamba

Reol Oneman Live 2023 新式浪漫 Neo Nostalgia収録 「BLACK BOX」10月18日発売
▼予約・購入
https://reol.lnk.to/blackbox

【Release Info】
Reol「BLACK BOX」2023年10月18日(水)発売
特設サイト: https://reol.jp/feature/al_blackbox
予約リンク: https://reol.lnk.to/blackbox
【Legit盤（CD+ GOODS）】SEC8 80~1　￥11,000（税込）※ファンクラブ会員限定盤
【初回生産限定盤A（CD+Blu-ray）】SECL 2920~2　￥7,150（税込）
【初回生産限定盤B（CD+DVD）】SECL 2923~5　￥6,600（税込）
【通常盤（CD）】SECL-2926　￥3,300（税込）

＜CD＞
01. Final Call
02. TAKE OFF
03. SCORPION
04. 綺羅綺羅
05. - Neo Nostalgia -
06. secret trip
07. さよならのすゝめ、今日のつづき
08. 切っ先
09. - #000000 -
10. DDD
11. 煽げや尊し
12. 赤裸裸
13. 第六感 - From THE FIRST TAKE

＜Blu-ray, DVD（初回限定生産盤のみ）＞
Reol Oneman Live 2023 新式浪漫 NeoNostalgia

introduction
secret trip
drop pop candy
HYPE MODE
Boy
水底遊歩道
un,deux,trois
平面鏡
第六感
nil〜極彩色
interlude
SCORPION
ROXY
赤裸裸
秋映
1LDK
ニュータイプトーキョー
ゆーれいずみー
煽げや尊し

NAKED """"NeoNostalgia""""(Documentary)

NAKED """"Reol in Indonesia(First time)""""

＜GOODS（初回限定生産盤のみ）＞
新式浪漫 Neo Nostalgia Live Photo Book

＜GOODS（Legit盤のみ）＞
Legit Official Jacket
BLACK BOX ART BOOK(Legit Limited Edition)

【Live Info】

Reol Oneman Live 2023/24　Reol Oneman Live 2023/24 """"UNBOX"""" black
2023 年11 月18 日（土）　大阪・フェスティバルホール
2023 年12 月1 日（金）　福岡・Zepp Fukuoka
2023 年12 月24 日（日）　愛知・Zepp Nagoya
2023 年12 月25 日（月）　東京・昭和女子大学人見記念講堂
2024 年2 月3 日（土）　宮城・仙台GIGS
2024 年2 月18 日（日）　神奈川県民ホール

Reol Oneman Live 2023/24　Reol Oneman Live 2023/24 """"UNBOX"""" pure
2023 年12 月2 日（土）　大分・T.O.P.S BittsHALL
2023 年12 月9 日（土）　静岡LIVE ROXY SHIZUOKA
2023 年12 月10 日（日）　兵庫・神戸ハーバースタジオ
2023 年12 月16 日（土）　愛媛・松山Wstudio RED
2023 年12 月17 日（日）　香川・高松DIME
2024 年1 月13 日（土）　石川・金沢エイトホール
2024 年1 月14 日（日）　新潟LOTS
2024 年1 月27 日（土）　広島クラブクアトロ
2024 年1 月28 日（日）　岡山CRAZYMAMA KINGDOM
2024 年2 月4 日（日）　岩手・盛岡club change WAVE
2024 年2 月10 日（土）　北海道・札幌 PENNY LANE 24

■About Reol
歌手・作曲家・作詞家・音楽プロデューサー、Reol。
2018 年よりソロでのリリースを開始し、2019 年にはYouTube のチャンネル登録者数が日本人
女性ソロアーティスト史上初の100 万人を突破。
YouTube FanFest Japan 2019 にてゴールド・クリエイター・アワードを受賞。
2020 年、YouTube グローバルキャンペーン“Artist on the Rise” に日本人女性アーティストとして
初選出され、ボートレースCM ソング「第六感」がストリーミング再生1 億回を突破する大ヒット
を記録。
現在、YouTube 登録者数は160万人を突破。総再生回数は8億回を超え、国内外から人気を集めている。

■Official Site
http://reol.jp

■Twitter
Reol：https://twitter.com/rrreol
Reol Official： https://twitter.com/rrreol_official

■Instagram
Reol：https://www.instagram.com/rrreol999/
Reol Official： https://www.instagram.com/rrreol_official/

■TikTok
https://www.tiktok.com/@rrreol999

#Reol #1LDK #Reol浪漫",https://i.ytimg.com/vi/bwQoYa4yItM/default.jpg,https://www.youtube.com/watch?v=bwQoYa4yItM
xBE3dmbh0_8,Reol-「煽げや尊し」Live Video公開！！,2023-09-16 03:00:24+00:00,2026-03-05T01:55:21.067360,12406,1465,18,PT30S,30,False,True,False,none,,https://i.ytimg.com/vi/xBE3dmbh0_8/default.jpg,https://www.youtube.com/watch?v=xBE3dmbh0_8
P_fsLKbdWtA,Reol - 煽げや尊し[Live at 新式浪漫 Neo Nostalgia Tokyo],2023-09-15 12:00:08+00:00,2026-03-05T01:55:21.067390,320236,5504,175,PT3M37S,217,False,False,False,none,"Live at TOKYO DOME CITY HALL 2023.01.29

Bass : Ryosuke Nikamoto
Drums : Shunsuke Uehara

Dance & Choreography by Suichu-megane∞
Shimpei Nemoto, Ayane Nakagawa

Directed by Shuichi Bamba

Reol Oneman Live 2023 新式浪漫 Neo Nostalgia収録 「BLACK BOX」10月18日発売
▼予約・購入
https://reol.lnk.to/blackbox

【Release Info】
Reol「BLACK BOX」2023年10月18日(水)発売
特設サイト: https://reol.jp/feature/al_blackbox
予約リンク: https://reol.lnk.to/blackbox
【Legit盤（CD+ GOODS）】SEC8 80~1　￥11,000（税込）※ファンクラブ会員限定盤
【初回生産限定盤A（CD+Blu-ray）】SECL 2920~2　￥7,150（税込）
【初回生産限定盤B（CD+DVD）】SECL 2923~5　￥6,600（税込）
【通常盤（CD）】SECL-2926　￥3,300（税込）

＜CD＞
切っ先
綺羅綺羅
煽げや尊し
赤裸裸
SCORPION
secret trip
ほか

＜Blu-ray, DVD（初回限定生産盤のみ）＞
Reol Oneman Live 2023 新式浪漫 NeoNostalgia

＜GOODS（初回限定生産盤のみ）＞
新式浪漫 Neo Nostalgia Live Photo Book

＜GOODS（Legit盤のみ）＞
Legit Official Jacket
BLACK BOX ART BOOK(Legit Limited Edition)

【Live Info】

Reol Oneman Live 2023/24　Reol Oneman Live 2023/24 """"UNBOX"""" black
2023 年11 月18 日（土）　大阪・フェスティバルホール
2023 年12 月1 日（金）　福岡・Zepp Fukuoka
2023 年12 月24 日（日）　愛知・Zepp Nagoya
2023 年12 月25 日（月）　東京・昭和女子大学人見記念講堂
2024 年2 月3 日（土）　宮城・仙台GIGS
2024 年2 月18 日（日）　神奈川県民ホール

Reol Oneman Live 2023/24　Reol Oneman Live 2023/24 """"UNBOX"""" pure
2023 年12 月2 日（土）　大分・T.O.P.S BittsHALL
2023 年12 月9 日（土）　静岡LIVE ROXY SHIZUOKA
2023 年12 月10 日（日）　兵庫・神戸ハーバースタジオ
2023 年12 月16 日（土）　愛媛・松山Wstudio RED
2023 年12 月17 日（日）　香川・高松DIME
2024 年1 月13 日（土）　石川・金沢エイトホール
2024 年1 月14 日（日）　新潟LOTS
2024 年1 月27 日（土）　広島クラブクアトロ
2024 年1 月28 日（日）　岡山CRAZYMAMA KINGDOM
2024 年2 月4 日（日）　岩手・盛岡club change WAVE
2024 年2 月10 日（土）　北海道・札幌 PENNY LANE 24

■About Reol
歌手・作曲家・作詞家・音楽プロデューサー、Reol。
2018 年よりソロでのリリースを開始し、2019 年にはYouTube のチャンネル登録者数が日本人
女性ソロアーティスト史上初の100 万人を突破。
YouTube FanFest Japan 2019 にてゴールド・クリエイター・アワードを受賞。
2020 年、YouTube グローバルキャンペーン“Artist on the Rise” に日本人女性アーティストとして
初選出され、ボートレースCM ソング「第六感」がストリーミング再生1 億回を突破する大ヒット
を記録。
現在、YouTube 登録者数は160万人を突破。総再生回数は8億回を超え、国内外から人気を集めている。

■Official Site
http://reol.jp

■Twitter
Reol：https://twitter.com/rrreol
Reol Official： https://twitter.com/rrreol_official

■Instagram
Reol：https://www.instagram.com/rrreol999/
Reol Official： https://www.instagram.com/rrreol_official/

■TikTok
https://www.tiktok.com/@rrreol999

#Reol #煽げや尊し #Reol浪漫",https://i.ytimg.com/vi/P_fsLKbdWtA/default.jpg,https://www.youtube.com/watch?v=P_fsLKbdWtA
izF72l7Zr1A,第六感 / THE FIRST TAKE Thank you 2M Views!!,2023-09-04 11:56:23+00:00,2026-03-05T01:55:21.067402,1048041,39983,256,PT38S,38,False,True,False,none,,https://i.ytimg.com/vi/izF72l7Zr1A/default.jpg,https://www.youtube.com/watch?v=izF72l7Zr1A
iolr-dbaExs,"Reol - 激白, 第六感, Boy[Live at 激情アラート Tokyo]",2023-08-27 09:25:10+00:00,2026-03-05T01:55:21.067464,168637,4813,124,PT12M58S,778,False,False,False,none,"YouTube Music Weekend～全出演アーティスト楽曲を「PictoPOP」プレイリストで聴こう

期間限定公開
Live at Zepp Haneda, Tokyo 2022.05.13

Bass : Ryosuke Nikamoto
Drums : Shunsuke Uehara

Dance & Choreography by Suichu-megane∞
Shimpei Nemoto, Ayane Nakagawa

Guest Vocal: MIKEY(Tokyo Gegegay)

Directed by Shuichi Bamba MAZRI Inc

▼Reol Oneman Live 2022 激情アラート at Tokyo収録　「COLORED DISC」
https://reol.lnk.to/coloreddisc

■Release Info
Reol「切っ先」2023年8月30日(水)発売
特設サイト: https://reol.jp/feature/kissaki
予約リンク: https://reol.lnk.to/MlBoXu
 
【Legit盤（CD+ GOODS）】SEC8 68〜9　￥6,050（税込）※ファンクラブ会員限定盤
【映像盤（CD+DVD】SECL 2887〜8　￥3,080（税込）
【通常盤（CD）】SECL〜2886　￥1,650（税込）
 
＜CD＞
01. 切っ先
02. 綺羅綺羅
03. 煽げや尊し(FAKE TYPE. Remix)
04. 切っ先 -Anime Ver.-
05. 切っ先 -Instrumental-
06. 綺羅綺羅 -Instrumental-
 

＜DVD＞
01. '切っ先' Music Video
02. '綺羅綺羅' Music Video
03. TVアニメ『るろうに剣心 －明治剣客浪漫譚－』第一クールノンクレジットED映像
04. Behind the scenes of '切っ先'
05. れをるTVって言われました

＜GOODS（Legit盤のみ）＞
Edge Metal Charm(designed by Reol)

＜初回封入特典＞
綺羅カード（トレカ）をランダム封入（全9種）

＜店舗別予約特典＞
TOWER RECORDS全店（オンライン含む/一部店舗除く）: オリジナルB3ミニポスター
楽天ブックス: オリジナルA4クリアファイル
セブンネットショッピング: オリジナルアクリルキーホルダー
全国アニメイト（通販含む）：アニメ絵柄L判ブロマイド
Amazon.co.jp: メガジャケ
Reol応援店: オリジナルステッカー
※応援店は7月下旬の更新予定となります。
※特典は数に限りがありますので、無くなり次第終了となります。あらかじめご了承ください。
※上記店舗以外での配布はございません。ご了承ください。
※各オンラインショップに関して、カートが公開されるまでに時間がかかる場合がございますので、予めご了承ください。
※Amazon.co.jp、楽天ブックス、その他一部オンラインショップでは”特典対象商品ページ”と ”特典非対象商品ページ”がございます。
ご予約の際にご希望される商品ページかをご確認いただいてからご予約いただきますよう、お願い申し上げます。
 
▼対象商品
2023年8月30日(水)発売 Reol「切っ先」
 
通常盤　価格：￥1,650(税込)　品番：SECL-2886
映像盤  価格：￥3,080(税込) 品番：SECL-2887～2888
※Legit盤は対象商品ではございません。予めご了承ください。

■About Reol
歌手・作曲家・作詞家・音楽プロデューサー、Reol。
2018 年よりソロでのリリースを開始し、2019 年にはYouTube のチャンネル登録者数が日本人
女性ソロアーティスト史上初の100 万人を突破。
YouTube FanFest Japan 2019 にてゴールド・クリエイター・アワードを受賞。
2020 年、YouTube グローバルキャンペーン“Artist on the Rise” に日本人女性アーティストとして
初選出され、ボートレースCM ソング「第六感」がストリーミング再生1 億回を突破する大ヒット
を記録。
現在、YouTube 登録者数は160万人を突破。総再生回数は8億回を超え、国内外から人気を集めている。

■Official Site
http://reol.jp

■Twitter
Reol：https://twitter.com/rrreol
Reol Official： https://twitter.com/rrreol_official

■Instagram
Reol：https://www.instagram.com/rrreol999/
Reol Official： https://www.instagram.com/rrreol_official/

■TikTok
https://www.tiktok.com/@rrreol999

#Reol #切っ先 #るろ剣",https://i.ytimg.com/vi/iolr-dbaExs/default.jpg,https://www.youtube.com/watch?v=iolr-dbaExs
x1Hhyc9s0Qo,"Reol “切っ先 / Edge"" XFDMovie",2023-08-10 12:00:49+00:00,2026-03-05T01:55:21.067495,55500,2372,81,PT5M17S,317,False,False,False,none,"▼Reol - '切っ先 / Edge' Music Video
https://youtu.be/FpwYVKN4w2U

Reol - Digital Single ''切っ先(Edge)'' OUT NOW
Listen Here
https://reol.lnk.to/Kissaki

▼TVアニメ『るろうに剣心 －明治剣客浪漫譚－』第一クールED映像｜Reol「切っ先」
https://youtu.be/6JR3ZpW24iM

■Release Info
Reol「切っ先」2023年8月30日(水)発売
特設サイト: https://reol.jp/feature/kissaki
予約リンク: https://reol.lnk.to/MlBoXu
 
【Legit盤（CD+ GOODS）】SEC8 68〜9　￥6,050（税込）※ファンクラブ会員限定盤
【映像盤（CD+DVD】SECL 2887〜8　￥3,080（税込）
【通常盤（CD）】SECL〜2886　￥1,650（税込）
 
＜CD＞
01. 切っ先
02. 綺羅綺羅
03. 煽げや尊し(FAKE TYPE. Remix)
04. 切っ先 - Anime Ver. -
05. 切っ先 - Instrumental -
06. 綺羅綺羅 - Instrumental -　
 

＜DVD＞
01. '切っ先' Music Video
02. '綺羅綺羅' Music Video
03. TVアニメ『るろうに剣心 －明治剣客浪漫譚－』第一クールノンクレジットED映像
04. Behind the scenes of '切っ先'
05. れをるTVって言われました

＜GOODS（Legit盤のみ）＞
Edge Metal Charm(designed by Reol)

＜初回封入特典＞
綺羅カード（トレカ）をランダム封入（全9種）

＜店舗別予約特典＞
TOWER RECORDS全店（オンライン含む/一部店舗除く）: オリジナルB3ミニポスター
楽天ブックス: オリジナルA4クリアファイル
セブンネットショッピング: オリジナルアクリルキーホルダー
全国アニメイト（通販含む）：アニメ絵柄L判ブロマイド
Amazon.co.jp: メガジャケ
Reol応援店: オリジナルステッカー
※応援店は7月下旬の更新予定となります。
※特典は数に限りがありますので、無くなり次第終了となります。あらかじめご了承ください。
※上記店舗以外での配布はございません。ご了承ください。
※各オンラインショップに関して、カートが公開されるまでに時間がかかる場合がございますので、予めご了承ください。
※Amazon.co.jp、楽天ブックス、その他一部オンラインショップでは”特典対象商品ページ”と ”特典非対象商品ページ”がございます。
ご予約の際にご希望される商品ページかをご確認いただいてからご予約いただきますよう、お願い申し上げます。
 
▼対象商品
2023年8月30日(水)発売 Reol「切っ先」
 
通常盤　価格：￥1,650(税込)　品番：SECL-2886
映像盤  価格：￥3,080(税込) 品番：SECL-2887～2888
※Legit盤は対象商品ではございません。予めご了承ください。

■About Reol
歌手・作曲家・作詞家・音楽プロデューサー、Reol。
2018 年よりソロでのリリースを開始し、2019 年にはYouTube のチャンネル登録者数が日本人
女性ソロアーティスト史上初の100 万人を突破。
YouTube FanFest Japan 2019 にてゴールド・クリエイター・アワードを受賞。
2020 年、YouTube グローバルキャンペーン“Artist on the Rise” に日本人女性アーティストとして
初選出され、ボートレースCM ソング「第六感」がストリーミング再生1 億回を突破する大ヒット
を記録。
現在、YouTube 登録者数は160万人を突破。総再生回数は8億回を超え、国内外から人気を集めている。

■Official Site
http://reol.jp

■Twitter
Reol：https://twitter.com/rrreol
Reol Official： https://twitter.com/rrreol_official

■Instagram
Reol：https://www.instagram.com/rrreol999/
Reol Official： https://www.instagram.com/rrreol_official/

■TikTok
https://www.tiktok.com/@rrreol999

#Reol #切っ先 #るろ剣",https://i.ytimg.com/vi/x1Hhyc9s0Qo/default.jpg,https://www.youtube.com/watch?v=x1Hhyc9s0Qo
SaL_r3NMms8,Reol - Behind the Scenes of '切っ先'(YouTube ver.),2023-07-27 12:00:30+00:00,2026-03-05T01:55:21.067519,59510,2485,100,PT3M24S,204,False,False,False,none,"▼Reol - '切っ先 / Edge' Music Video
https://youtu.be/FpwYVKN4w2U

Reol - Digital Single ''切っ先(Edge)'' OUT NOW
Listen Here
https://reol.lnk.to/Kissaki

▼TVアニメ『るろうに剣心 －明治剣客浪漫譚－』第一クールED映像｜Reol「切っ先」
https://youtu.be/6JR3ZpW24iM

■Release Info
Reol「切っ先」2023年8月30日(水)発売
特設サイト: https://reol.jp/feature/kissaki
予約リンク: https://reol.lnk.to/MlBoXu
 
【Legit盤（CD+ GOODS）】SEC8 68〜9　￥6,050（税込）※ファンクラブ会員限定盤
【映像盤（CD+DVD】SECL 2887〜8　￥3,080（税込）
【通常盤（CD）】SECL〜2886　￥1,650（税込）
 
＜CD＞
01. 切っ先
02. 綺羅綺羅
03. 煽げや尊し(FAKE TYPE. Remix)
04. 切っ先 - Anime Ver. -
05. 切っ先 - Instrumental -
06. 綺羅綺羅 - Instrumental -
 

＜DVD＞
01. '切っ先' Music Video
02. '綺羅綺羅' Music Video
03. TVアニメ『るろうに剣心 －明治剣客浪漫譚－』第一クールノンクレジットED映像
04. Behind the scenes of '切っ先'
05. れをるTVって言われました

＜GOODS（Legit盤のみ）＞
Edge Metal Charm(designed by Reol)

＜初回封入特典＞
綺羅カード（トレカ）をランダム封入（全9種）

＜店舗別予約特典＞
TOWER RECORDS全店（オンライン含む/一部店舗除く）: オリジナルB3ミニポスター
楽天ブックス: オリジナルA4クリアファイル
セブンネットショッピング: オリジナルアクリルキーホルダー
全国アニメイト（通販含む）：アニメ絵柄L判ブロマイド
Amazon.co.jp: メガジャケ
Reol応援店: オリジナルステッカー
※応援店は7月下旬の更新予定となります。
※特典は数に限りがありますので、無くなり次第終了となります。あらかじめご了承ください。
※上記店舗以外での配布はございません。ご了承ください。
※各オンラインショップに関して、カートが公開されるまでに時間がかかる場合がございますので、予めご了承ください。
※Amazon.co.jp、楽天ブックス、その他一部オンラインショップでは”特典対象商品ページ”と ”特典非対象商品ページ”がございます。
ご予約の際にご希望される商品ページかをご確認いただいてからご予約いただきますよう、お願い申し上げます。
 
▼対象商品
2023年8月30日(水)発売 Reol「切っ先」
 
通常盤　価格：￥1,650(税込)　品番：SECL-2886
映像盤  価格：￥3,080(税込) 品番：SECL-2887～2888
※Legit盤は対象商品ではございません。予めご了承ください。

■About Reol
歌手・作曲家・作詞家・音楽プロデューサー、Reol。
2018 年よりソロでのリリースを開始し、2019 年にはYouTube のチャンネル登録者数が日本人
女性ソロアーティスト史上初の100 万人を突破。
YouTube FanFest Japan 2019 にてゴールド・クリエイター・アワードを受賞。
2020 年、YouTube グローバルキャンペーン“Artist on the Rise” に日本人女性アーティストとして
初選出され、ボートレースCM ソング「第六感」がストリーミング再生1 億回を突破する大ヒット
を記録。
現在、YouTube 登録者数は160万人を突破。総再生回数は8億回を超え、国内外から人気を集めている。

■Official Site
http://reol.jp

■Twitter
Reol：https://twitter.com/rrreol
Reol Official： https://twitter.com/rrreol_official

■Instagram
Reol：https://www.instagram.com/rrreol999/
Reol Official： https://www.instagram.com/rrreol_official/

■TikTok
https://www.tiktok.com/@rrreol999

#Reol #切っ先 #るろ剣",https://i.ytimg.com/vi/SaL_r3NMms8/default.jpg,https://www.youtube.com/watch?v=SaL_r3NMms8
FpwYVKN4w2U,Reol - '切っ先 / Edge' Music Video,2023-07-20 12:00:07+00:00,2026-03-05T01:55:21.067543,4470861,47709,875,PT3M39S,219,False,False,False,none,"Reol - Digital Single ''切っ先(Edge)'' OUT NOW
Listen Here
https://reol.lnk.to/Kissaki

Music＆Lyrics by Reol
Sound Produced by Naoki Itai

Director: G2 Yuki Tsujimoto

▼TVアニメ『るろうに剣心 －明治剣客浪漫譚－』第一クールED映像｜Reol「切っ先」
https://youtu.be/6JR3ZpW24iM

■Release Info
Reol「切っ先」2023年8月30日(水)発売
特設サイト: https://reol.jp/feature/kissaki
予約リンク: https://reol.lnk.to/MlBoXu
 
【Legit盤（CD+ GOODS）】SEC8 68〜9　￥6,050（税込）※ファンクラブ会員限定盤
【映像盤（CD+DVD】SECL 2887〜8　￥3,080（税込）
【通常盤（CD）】SECL〜2886　￥1,650（税込）
 
＜CD＞
01. 切っ先
02. 綺羅綺羅
03. 煽げや尊し(FAKE TYPE. Remix)
04. 切っ先 -  Anime Ver. -
05. 切っ先 - Instrumental -
06. 綺羅綺羅 - Instrumental -

＜DVD＞
01. '切っ先' Music Video
02. '綺羅綺羅' Music Video
03. TVアニメ『るろうに剣心 －明治剣客浪漫譚－』第一クールノンクレジットED映像
04. Behind the scenes of '切っ先'
05. れをるTVって言われました

＜GOODS（Legit盤のみ）＞
Edge Metal Charm(designed by Reol)

＜初回封入特典＞
綺羅カード（トレカ）をランダム封入（全9種）

＜店舗別予約特典＞
TOWER RECORDS全店（オンライン含む/一部店舗除く）: オリジナルB3ミニポスター
楽天ブックス: オリジナルA4クリアファイル
セブンネットショッピング: オリジナルアクリルキーホルダー
全国アニメイト（通販含む）：アニメ絵柄L判ブロマイド
Amazon.co.jp: メガジャケ
Reol応援店: オリジナルステッカー
※応援店は7月下旬の更新予定となります。
※特典は数に限りがありますので、無くなり次第終了となります。あらかじめご了承ください。
※上記店舗以外での配布はございません。ご了承ください。
※各オンラインショップに関して、カートが公開されるまでに時間がかかる場合がございますので、予めご了承ください。
※Amazon.co.jp、楽天ブックス、その他一部オンラインショップでは”特典対象商品ページ”と ”特典非対象商品ページ”がございます。
ご予約の際にご希望される商品ページかをご確認いただいてからご予約いただきますよう、お願い申し上げます。
 
▼対象商品
2023年8月30日(水)発売 Reol「切っ先」
 
通常盤　価格：￥1,650(税込)　品番：SECL-2886
映像盤  価格：￥3,080(税込) 品番：SECL-2887～2888
※Legit盤は対象商品ではございません。予めご了承ください。

■About Reol
歌手・作曲家・作詞家・音楽プロデューサー、Reol。
2018 年よりソロでのリリースを開始し、2019 年にはYouTube のチャンネル登録者数が日本人
女性ソロアーティスト史上初の100 万人を突破。
YouTube FanFest Japan 2019 にてゴールド・クリエイター・アワードを受賞。
2020 年、YouTube グローバルキャンペーン“Artist on the Rise” に日本人女性アーティストとして
初選出され、ボートレースCM ソング「第六感」がストリーミング再生1 億回を突破する大ヒット
を記録。
現在、YouTube 登録者数は160万人を突破。総再生回数は8億回を超え、国内外から人気を集めている。

■Official Site
http://reol.jp

■Twitter
Reol：https://twitter.com/rrreol
Reol Official： https://twitter.com/rrreol_official

■Instagram
Reol：https://www.instagram.com/rrreol999/
Reol Official：  https://www.instagram.com/rrreol_official/

■TikTok
https://www.tiktok.com/@rrreol999

#Reol #切っ先 #るろ剣",https://i.ytimg.com/vi/FpwYVKN4w2U/default.jpg,https://www.youtube.com/watch?v=FpwYVKN4w2U
TDwMHYEa9yI,Reol - '切っ先(Edge)' Teaser&SPOT(緋村剣心役・斉藤壮馬ver.),2023-07-13 12:00:31+00:00,2026-03-05T01:55:21.067570,39890,1814,81,PT31S,31,False,True,False,none,"Reol - Digital Single ''切っ先(Edge)'' OUT NOW
Listen Here
https://reol.lnk.to/Kissaki

▼TVアニメ『るろうに剣心 －明治剣客浪漫譚－』第一クールED映像｜Reol「切っ先」
https://youtu.be/6JR3ZpW24iM

■Release Info
Reol「切っ先」2023年8月30日(水)発売
特設サイト: https://reol.jp/feature/kissaki
予約リンク: https://reol.lnk.to/MlBoXu
 
【Legit盤（CD+ GOODS）】SEC8 68〜9　￥6,050（税込）※ファンクラブ会員限定盤
【映像盤（CD+DVD】SECL 2887〜8　￥3,080（税込）
【通常盤（CD）】SECL〜2886　￥1,650（税込）
 
＜CD＞
01. 切っ先
02. 綺羅綺羅
03. 煽げや尊し(FAKE TYPE. Remix)
04. 切っ先 - Anime Ver. -
05. 切っ先 - Instrumental -
06. 綺羅綺羅 - Instrumental -

＜DVD＞
01. '切っ先' Music Video
02. '綺羅綺羅' Music Video
03. TVアニメ『るろうに剣心 －明治剣客浪漫譚－』第一クールノンクレジットED映像
04. Behind the scenes of '切っ先'
05. れをるTVって言われました

＜GOODS（Legit盤のみ）＞
Edge Metal Charm(designed by Reol)

＜初回封入特典＞
綺羅カード（トレカ）をランダム封入（全9種）

＜早期予約特典＞
「切っ先」クリアカード
受付期間：7月6日(木) 21:00 ～ 7月20日(木) 23:59
※店頭での受付は各店舗の営業時間に準じます。
※特典は数に限りがありますので、無くなり次第終了となります。あらかじめご了承ください。
 
▼対象店舗
Sony Music Shop
タワーレコード全店 （オンライン含む/一部店舗除く)
HMV全店（HMV&BOOKS online含む/一部店舗除く）
TSUTAYA RECORDS（一部店舗除く）およびTSUTAYAオンラインショッピング
Amazon.co.jp
楽天ブックス
全国アニメイト（通販含む）
セブンネットショッピング
 
▼対象商品
2023年8月30日(水)発売 Reol「切っ先」
映像盤  価格：￥3,080(税込) 品番：SECL-2887～2888
※通常盤・Legit盤は対象商品ではございません。予めご了承ください。

＜店舗別予約特典＞
TOWER RECORDS全店（オンライン含む/一部店舗除く）: オリジナルB3ミニポスター
楽天ブックス: オリジナルA4クリアファイル
セブンネットショッピング: オリジナルアクリルキーホルダー
全国アニメイト（通販含む）：アニメ絵柄L判ブロマイド
Amazon.co.jp: メガジャケ
Reol応援店: オリジナルステッカー
※応援店は7月下旬の更新予定となります。
※特典は数に限りがありますので、無くなり次第終了となります。あらかじめご了承ください。
※上記店舗以外での配布はございません。ご了承ください。
※各オンラインショップに関して、カートが公開されるまでに時間がかかる場合がございますので、予めご了承ください。
※Amazon.co.jp、楽天ブックス、その他一部オンラインショップでは”特典対象商品ページ”と ”特典非対象商品ページ”がございます。
ご予約の際にご希望される商品ページかをご確認いただいてからご予約いただきますよう、お願い申し上げます。
 
▼対象商品
2023年8月30日(水)発売 Reol「切っ先」
 
通常盤　価格：￥1,650(税込)　品番：SECL-2886
映像盤  価格：￥3,080(税込) 品番：SECL-2887～2888
※Legit盤は対象商品ではございません。予めご了承ください。


■About Reol
歌手・作曲家・作詞家・音楽プロデューサー、Reol。
2018 年よりソロでのリリースを開始し、2019 年にはYouTube のチャンネル登録者数が日本人
女性ソロアーティスト史上初の100 万人を突破。
YouTube FanFest Japan 2019 にてゴールド・クリエイター・アワードを受賞。
2020 年、YouTube グローバルキャンペーン“Artist on the Rise” に日本人女性アーティストとして
初選出され、ボートレースCM ソング「第六感」がストリーミング再生1 億回を突破する大ヒット
を記録。
現在、YouTube 登録者数は160万人を突破。総再生回数は8億回を超え、国内外から人気を集めている。

■Official Site
http://reol.jp

■Twitter
Reol：https://twitter.com/rrreol
Reol Official： https://twitter.com/rrreol_official

■Instagram
Reol：https://www.instagram.com/rrreol999/
Reol Official： https://www.instagram.com/rrreol_official/

■TikTok
https://www.tiktok.com/@rrreol999

#Reol #切っ先 #るろ剣",https://i.ytimg.com/vi/TDwMHYEa9yI/default.jpg,https://www.youtube.com/watch?v=TDwMHYEa9yI
ENvkyeq-CVc,Reol - '綺羅綺羅 / GLITTER' Music Video OUT!!!,2023-05-25 10:31:28+00:00,2026-03-05T01:55:21.067581,33403,2177,21,PT32S,32,False,True,False,none,,https://i.ytimg.com/vi/ENvkyeq-CVc/default.jpg,https://www.youtube.com/watch?v=ENvkyeq-CVc
-6MwZGrias0,Reol - '綺羅綺羅 / Glitter' Music Video,2023-05-24 12:00:08+00:00,2026-03-05T01:55:21.067608,1414883,20236,319,PT3M14S,194,False,False,False,none,"Reol - Digital Single '綺羅綺羅' OUT NOW
Listen Here
https://reol.lnk.to/Glitter

Music by Reol, ケンモチヒデフミ
Lyrics by Reol
Sound-Produced by ケンモチヒデフミ

Movie by 筆者

美と才覚は夜に咲く
孤独の果て　開け　マグノリア
急いては事を仕損じる
息潜めて　唱える　秘密のまじない
　
皆々様願うは十人十色の解脱
信じたものは救われたのか？
死人に口なし　答えはわからん
目下矢継ぎ早に　どうせ九分九厘
とるにたらないことばかり浮かび
部屋に独り　騒ぐ煩い　　
つまるところ己が強敵

綺羅綺羅　ときめきをうつしてよミラー
今わたしは　ご機嫌なのミリオンダラー
急な雨天にはもう慣れた　強くなっちゃったわ
本当の美しさは何　知っている

非日常に粧し込み綺羅綺羅り
わたしがわたしを仕上げたい Lit Up
この瞳に　秘めた光
選ぶ今にもっと似合うまで

世の中に決められては堪らないわ
君には君の光り方 You Make It
たまの迷いそれも学び
色めきをどうぞ好きなだけ 綺羅

(全自分未踏当夜完全無欠今自由自在
在るが儘で魔性　無二無三七変化黎明)

美と才覚が夜に咲く
静寂なれ　唸れ　立つ芍薬
何時かは君も朽ち果てる
もののあはれ　たたかえ　唯一のまじない　

しない、しない　趣味じゃない泡沫の自慢
今はいらないわ　読み込んでたミリオンセラー
どうも不条理な試練だって　やってきたんだわ
本当に愛するとは何　知っていく

未開の海迷い込み綺羅綺羅り
完全じゃなくても唯一無二 Lit Up
あやつる波　わたし次第
進め今以上にもっと成れるだけ
極上に見せかけじゃ意味がないわ
価値は君が見出すもの　Keep It Up
人と違い誰も同じ
余裕で上書け好きなだけ　光るだけ 綺羅

( 綺羅り羅り Lit up , Lit up
You're Next Right ? 綺羅)

美と才覚は夜に咲く

▼TVアニメ『るろうに剣心 －明治剣客浪漫譚－』エンディング・テーマ「切っ先」決定！
https://youtu.be/smDi17yAGVw

■About Reol
歌手・作曲家・作詞家・音楽プロデューサー、Reol。
2018 年よりソロでのリリースを開始し、2019 年にはYouTube のチャンネル登録者数が日本人
女性ソロアーティスト史上初の100 万人を突破。
YouTube FanFest Japan 2019 にてゴールド・クリエイター・アワードを受賞。
2020 年、YouTube グローバルキャンペーン“Artist on the Rise” に日本人女性アーティストとして
初選出され、ボートレースCM ソング「第六感」がストリーミング再生1 億回を突破する大ヒット
を記録。
現在、YouTube 登録者数は160万人を突破。総再生回数は8億回を超え、国内外から人気を集めている。

■Official Site
http://reol.jp

■Twitter
Reol：https://twitter.com/rrreol
Reol Official： https://twitter.com/rrreol_official

■Instagram
Reol：https://www.instagram.com/rrreol999/
Reol Official： https://www.instagram.com/rrreol_official/

■TikTok
https://www.tiktok.com/@rrreol999

#Reol #綺羅綺羅 #Glitter",https://i.ytimg.com/vi/-6MwZGrias0/default.jpg,https://www.youtube.com/watch?v=-6MwZGrias0
5x-GPXa1aCA,新曲「綺羅綺羅」二◯二三年五月二十四日配信リリース決定！,2023-05-22 09:19:16+00:00,2026-03-05T01:55:21.067618,42139,2390,37,PT10S,10,False,True,False,none,,https://i.ytimg.com/vi/5x-GPXa1aCA/default.jpg,https://www.youtube.com/watch?v=5x-GPXa1aCA
j3W111TMSps,Reol - SCORPION[Live at 新式浪漫 Neo Nostalgia Tokyo],2023-03-06 12:00:29+00:00,2026-03-05T01:55:21.067641,303237,5690,255,PT4M1S,241,False,False,False,none,"Live at TOKYO DOME CITY HALL, Tokyo 2023.01.29

Bass : Ryosuke Nikamoto
Drums : Shunsuke Uehara
Dance by Suichu-megane∞
Shimpei Nemoto, Ayane Nakagawa

Directed by Shuichi Bamba MAZRI Inc

■Reol - 'SCORPION' Music Video
https://youtu.be/8pNkuATx-oo

■LISTEN HERE
https://stlink.to/reol2212

■Reol - New Single 'COLORED DISC' OUT NOW
https://www.sonymusic.co.jp/Music/Info/Reol/COLOREDDISC/
▼購入はこちら
https://reol.lnk.to/coloreddisc

■Release Info
Reol「COLORED DISC」2022年11月16日(水)発売

【Legit盤（CD+Blu-ray＋Photobook＋GOODS）】SEC8-43～45　￥13,200（税込）※ファンクラブ会員限定盤
【初回限定盤A（CD+Blu-ray＋Photobook）】SECL-2820～2822　￥6,050（税込）
【初回限定盤B（CD+DVD＋Photobook）】SECL-2823～2825　￥5,500（税込）
【通常盤（CD）】SECL-2826　￥1,320（税込）
 
＜CD / Streaming＞
01. SCORPION
02. secret trip
03. 感情が群れを成すパレイド
 
＜Blu-ray/DVD共通収録内容＞
Reol Oneman Live 2022 激情アラート at Tokyo
NAKED ’’GEKIA’’(Documentary)
 
＜Photobook＞
Reol Oneman Live 2022 激情アラート Live Photo
 
＜GOODS（Legit盤のみ）＞
Legit Hoodie 2022AW(designed by Reol)

■About Reol
歌手・作曲家・作詞家・音楽プロデューサー、Reol。
2018 年よりソロでのリリースを開始し、2019 年にはYouTube のチャンネル登録者数が
日本人女性ソロアーティスト史上初の100 万人を突破。
YouTube FanFest Japan 2019 にてゴールド・クリエイター・アワードを受賞。
2020 年、YouTube グローバルキャンペーン“Artist on the Rise” に日本人女性アーティストとして初選出され
ボートレースCM ソング「第六感」がストリーミング再生1 億回を突破する大ヒットを記録。
現在、YouTube 登録者数は160万人を突破。総再生回数は8 億回を超え、国内外から人気を集めている。

■Official Site
http://reol.jp

■Twitter
Reol：https://twitter.com/rrreol
Reol Official： https://twitter.com/rrreol_official

■Instagram
Reol：https://www.instagram.com/rrreol999/
Reol Official： https://www.instagram.com/rrreol_official/

■TikTok
https://www.tiktok.com/@rrreol999

#Reol浪漫 #SCORPION",https://i.ytimg.com/vi/j3W111TMSps/default.jpg,https://www.youtube.com/watch?v=j3W111TMSps
sQWGMva07PQ,Thank you Riot Games ONE!,2022-12-23 11:34:43+00:00,2026-03-05T01:55:21.067651,36919,2133,24,PT15S,15,False,True,False,none,,https://i.ytimg.com/vi/sQWGMva07PQ/default.jpg,https://www.youtube.com/watch?v=sQWGMva07PQ
djzAcPNl_AY,照準をセット クリティカルヒット! #shorts #SCORPION #valorant,2022-12-14 11:00:31+00:00,2026-03-05T01:55:21.067660,36371,1865,21,PT15S,15,True,True,False,none,,https://i.ytimg.com/vi/djzAcPNl_AY/default.jpg,https://www.youtube.com/watch?v=djzAcPNl_AY
WD5XZ_qrf3o,Dancing with adorable 👧👦🐻‍❄️🐰 #COLOREOL #secrettrip #shorts,2022-12-10 12:00:29+00:00,2026-03-05T01:55:21.067672,51561,2696,41,PT39S,39,True,True,False,none,,https://i.ytimg.com/vi/WD5XZ_qrf3o/default.jpg,https://www.youtube.com/watch?v=WD5XZ_qrf3o
R5Ynl9wGKQA,Reol-SCORPION(Riot GAMES ONE Official Theme Song) #shorts #Reol #valorant,2022-12-08 12:00:25+00:00,2026-03-05T01:55:21.067681,54581,3115,28,PT20S,20,True,True,False,none,,https://i.ytimg.com/vi/R5Ynl9wGKQA/default.jpg,https://www.youtube.com/watch?v=R5Ynl9wGKQA
IH30l6DZk8I,Reol - Making of 'secret trip',2022-11-28 12:00:24+00:00,2026-03-05T01:55:21.067697,51940,1728,81,PT3M33S,213,False,False,False,none,"Directed by koshi-kun

Reol - 'secret trip' Music Video
https://youtu.be/sZ2zCzRcQHg

■Reol - New Single 'COLORED DISC' OUT NOW
Listen Here
https://reol.lnk.to/_COLOREDDISC

▼Reol New Single「COLORED DISC」購入はこちら
https://reol.lnk.to/coloreddisc

■Official Site
http://reol.jp

■Twitter
Reol：https://twitter.com/rrreol
Reol Official： https://twitter.com/rrreol_official

■Instagram
Reol：https://www.instagram.com/rrreol999/
Reol Official：https://www.instagram.com/rrreol_official/

■TikTok
https://www.tiktok.com/@rrreol999

#secrettrip #COLOREOL #Reol",https://i.ytimg.com/vi/IH30l6DZk8I/default.jpg,https://www.youtube.com/watch?v=IH30l6DZk8I
sZ2zCzRcQHg,Reol - 'secret trip' Music Video,2022-11-16 12:00:10+00:00,2026-03-05T01:55:21.067721,1051553,14600,430,PT3M43S,223,False,False,False,none,"■Reol - New Single 'COLORED DISC' OUT NOW
Listen Here
https://reol.lnk.to/_COLOREDDISC

Lyrics by Reol
Music by Reol, LDN NOISE
Sound Produced by LDN NOISE

Director: Takuro Okubo
Starring Reol

Cast:
Hiroki Fujiyama
Chieri Fujiyama
Ayane Nakagawa(Suichu-megane∞)
Shimpei Nemoto(Suichu-megane∞)

ずっと続いたままの微熱が 
やっと君と僕を連れて行くわ 

戻れない 　 戻らない 　それでいい 
素直になるの　 無重力
今なら　 月すら　 届くかもな 

i love you,love you 
きらきら瞬いてfly 　ひかりだすhigh 
i love me,love me 
このままどこへでもhigh 

僕らの速度はあの星へsee you 

こんな夜はすぐに会 いたくて 
特等席は君の隣 
息切らしてここへきたのね 
悲しみよ　もうこれで 終わり 

新しい 　 恐ろしい 　 面白い 
まっさらになるの　 夢中に 
君なら　 夜でも　 飛べるかもな 
(fly me to da moon,na baby)

i love you,love you 
ひとりが 不安ならfly 背を押すよhigh 
i love me,love me 
そのままどこへでもhigh 
僕らの季節がこの星を周遊 

愛したものを信じて 
愛をくれるもの抱いて 
君とここからどこへ 　どこへ行こうか 

i love you,love you 
きらきら瞬いてfly 　ひかりだすhigh
(どんな後悔を　 何度しても) 
(恐れずにいよう　 失くすことを) 

i love me,love me 
このままどこへでもhigh
どんな時も　 愛してるよ 
目を閉じたら… 

i love you,love you 
i love me,love me myself and i
i love you,love you 
i love me,love me

▼'COLORED DISC'全曲視聴XFD
https://www.youtube.com/watch?v=oxHIBypfYPE

■Reol - New Single 'COLORED DISC' 11.16 OUT
https://www.sonymusic.co.jp/Music/Info/Reol/COLOREDDISC/

▼予約はこちら
https://reol.lnk.to/coloreddisc

▼Legit盤(FC会員限定)
https://reol.jp/feature/5d0801927be8a5a5f5c7147a490975c9?_normalbrowse_=1

■About Reol
歌手・作曲家・作詞家・音楽プロデューサー、Reol。
2018 年よりソロでのリリースを開始し、2019 年にはYouTube のチャンネル登録者数が
日本人女性ソロアーティスト史上初の100 万人を突破。
YouTube FanFest Japan 2019 にてゴールド・クリエイター・アワードを受賞。
2020 年、YouTube グローバルキャンペーン“Artist on the Rise” に日本人女性アーティストとして初選出され
ボートレースCM ソング「第六感」がストリーミング再生1 億回を突破する大ヒットを記録。
現在、YouTube 登録者数は153万人を突破。総再生回数は8 億回を超え、国内外から人気を集めている。

■Official Site
http://reol.jp

■Twitter
Reol：https://twitter.com/rrreol
Reol Official： https://twitter.com/rrreol_official

■Instagram
Reol：https://www.instagram.com/rrreol999/
Reol Official： https://www.instagram.com/rrreol_official/
■TikTok
https://www.tiktok.com/@rrreol999

#Reol #COLOREOL #secrettrip",https://i.ytimg.com/vi/sZ2zCzRcQHg/default.jpg,https://www.youtube.com/watch?v=sZ2zCzRcQHg
oxHIBypfYPE,"Reol ""COLORED DISC"" XFDMovie",2022-11-09 03:00:30+00:00,2026-03-05T01:55:21.067743,84053,3270,146,PT5M45S,345,False,False,False,none,"Dir: yonayona graphics

■Reol - New Single 'COLORED DISC' 11.16 OUT
https://reol.lnk.to/_COLOREDDISC

▼CD購入はこちら
https://reol.lnk.to/coloreddisc

■「Reol Oneman Live 2023　新式浪漫 Neo Nostalgia」
1月26日(木)愛知県 Zepp Nagoya
1月29日(日)東京都 TOKYO DOME CITY HALL
2月5日(日)宮城県 仙台PIT
2月11日(土)神奈川県 KT Zepp Yokohama
2月18日(土)福岡県 Zepp Fukuoka
2月23日(木・祝)広島県 広島クラブクアトロ
2月25日(土)大阪府 Zepp Osaka Bayside
2月26日(日)香川県 高松 festhalle
3月5日(日)長野県 まつもと市民芸術館

特設サイト: https://reol.jp/feature/onemanlive_2023

■Release Info
Reol「COLORED DISC」2022年11月16日(水)発売

【Legit盤（CD+Blu-ray＋Photobook＋GOODS）】SEC8-43～45　￥13,200（税込）※ファンクラブ会員限定盤
【初回限定盤A（CD+Blu-ray＋Photobook）】SECL-2820～2822　￥6,050（税込）
【初回限定盤B（CD+DVD＋Photobook）】SECL-2823～2825　￥5,500（税込）
【通常盤（CD）】SECL-2826　￥1,320（税込）
 
＜CD / Streaming＞
01. SCORPION
02. secret trip
03. 感情が群れを成すパレイド
 
＜Blu-ray/DVD共通収録内容＞
Reol Oneman Live 2022 激情アラート at Tokyo
NAKED ’’GEKIA’’(Documentary)
 
＜Photobook＞
Reol Oneman Live 2022 激情アラート Live Photo
 
＜GOODS（Legit盤のみ）＞
Legit Hoodie 2022AW(designed by Reol)
 
■About Reol
歌手・作曲家・作詞家・音楽プロデューサー、Reol。
2018 年よりソロでのリリースを開始し、2019 年にはYouTube のチャンネル登録者数が
日本人女性ソロアーティスト史上初の100 万人を突破。
YouTube FanFest Japan 2019 にてゴールド・クリエイター・アワードを受賞。
2020 年、YouTube グローバルキャンペーン“Artist on the Rise” に日本人女性アーティストとして初選出され
ボートレースCM ソング「第六感」がストリーミング再生1 億回を突破する大ヒットを記録。
現在、YouTube 登録者数は157万人を突破。総再生回数は8 億回を超え、国内外から人気を集めている。

■Official Site
http://reol.jp

■Twitter
Reol：https://twitter.com/rrreol
Reol Official： https://twitter.com/rrreol_official

■Instagram
Reol：https://www.instagram.com/rrreol999/
Reol Official： https://www.instagram.com/rrreol_official/

■TikTok
https://www.tiktok.com/@rrreol999

#Reol #COLOREOL",https://i.ytimg.com/vi/oxHIBypfYPE/default.jpg,https://www.youtube.com/watch?v=oxHIBypfYPE
pW73i4rJ3Cs,Reol - サイサキ[Live at 激情アラート Tokyo],2022-11-04 12:00:08+00:00,2026-03-05T01:55:21.067764,450318,9145,193,PT3M37S,217,False,False,False,none,"Live at Zepp Haneda, Tokyo 2022.05.13

Bass : Ryosuke Nikamoto
Drums : Shunsuke Uehara

Dance & Choreography by Suichu-megane∞
Shimpei Nemoto, Ayane Nakagawa

Directed by Shuichi Bamba MAZRI Inc

■Reol - New Single 'COLORED DISC' 11.16 OUT
https://www.sonymusic.co.jp/Music/Info/Reol/COLOREDDISC/
▼購入はこちら
https://reol.lnk.to/coloreddisc

■「Reol Oneman Live 2023　新式浪漫 Neo Nostalgia」
1月26日(木)愛知県 Zepp Nagoya
1月29日(日)東京都 TOKYO DOME CITY HALL
2月5日(日)宮城県 仙台PIT
2月11日(土)神奈川県 KT Zepp Yokohama
2月18日(土)福岡県 Zepp Fukuoka
2月23日(木・祝)広島県 広島クラブクアトロ
2月25日(土)大阪府 Zepp Osaka Bayside
2月26日(日)香川県 高松 festhalle
3月5日(日)長野県 まつもと市民芸術館

特設サイト: https://reol.jp/feature/onemanlive_2023

■Release Info
Reol「COLORED DISC」2022年11月16日(水)発売

【Legit盤（CD+Blu-ray＋Photobook＋GOODS）】SEC8-43～45　￥13,200（税込）※ファンクラブ会員限定盤
【初回限定盤A（CD+Blu-ray＋Photobook）】SECL-2820～2822　￥6,050（税込）
【初回限定盤B（CD+DVD＋Photobook）】SECL-2823～2825　￥5,500（税込）
【通常盤（CD）】SECL-2826　￥1,320（税込）
 
＜CD / Streaming＞
01. SCORPION
02. secret trip
03. 感情が群れを成すパレイド
 
＜Blu-ray/DVD共通収録内容＞
Reol Oneman Live 2022 激情アラート at Tokyo
NAKED ’’GEKIA’’(Documentary)
 
＜Photobook＞
Reol Oneman Live 2022 激情アラート Live Photo
 
＜GOODS（Legit盤のみ）＞
Legit Hoodie 2022AW(designed by Reol)

■About Reol
歌手・作曲家・作詞家・音楽プロデューサー、Reol。
2018 年よりソロでのリリースを開始し、2019 年にはYouTube のチャンネル登録者数が
日本人女性ソロアーティスト史上初の100 万人を突破。
YouTube FanFest Japan 2019 にてゴールド・クリエイター・アワードを受賞。
2020 年、YouTube グローバルキャンペーン“Artist on the Rise” に日本人女性アーティストとして初選出され
ボートレースCM ソング「第六感」がストリーミング再生1 億回を突破する大ヒットを記録。
現在、YouTube 登録者数は153万人を突破。総再生回数は8 億回を超え、国内外から人気を集めている。

■Official Site
http://reol.jp

■Twitter
Reol：https://twitter.com/rrreol
Reol Official： https://twitter.com/rrreol_official

■Instagram
Reol：https://www.instagram.com/rrreol999/
Reol Official： https://www.instagram.com/rrreol_official/

■TikTok
https://www.tiktok.com/@rrreol999

#Reol #COLOREOL #サイサキ",https://i.ytimg.com/vi/pW73i4rJ3Cs/default.jpg,https://www.youtube.com/watch?v=pW73i4rJ3Cs
8pNkuATx-oo,Reol - 'SCORPION' Music Video [in Collaboration with Riot Games ONE // VALORANT],2022-10-28 11:00:07+00:00,2026-03-05T01:55:21.067789,2806790,37640,616,PT2M57S,177,False,False,False,none,"The battle begins. Prepare youreselves

New Single 'SCORPION' OUT NOW
https://reol.lnk.to/_COLOREDDISC

Riot Games ONE OFFICIAL THEME SONG
https://riotgames-one.com/2022

Music＆Lyrics by Reol
Sound Produced by Masayoshi Iimori

Video Staff
Director: Charles Chung (maxilla)
Producer: Daichi Tanaka (maxilla), Rise Haneda (maxilla)

■Reol - New Single 'COLORED DISC' 11.16 OUT
https://www.sonymusic.co.jp/Music/Info/Reol/COLOREDDISC/
▼購入はこちら
https://reol.lnk.to/coloreddisc

■「Reol Oneman Live 2023　新式浪漫 Neo Nostalgia」
1月26日(木)愛知県 Zepp Nagoya
1月29日(日)東京都 TOKYO DOME CITY HALL
2月5日(日)宮城県 仙台PIT
2月11日(土)神奈川県 KT Zepp Yokohama
2月18日(土)福岡県 Zepp Fukuoka
2月23日(木・祝)広島県 広島クラブクアトロ
2月25日(土)大阪府 Zepp Osaka Bayside
2月26日(日)香川県 高松 festhalle
3月5日(日)長野県 まつもと市民芸術館

特設サイト: https://reol.jp/feature/onemanlive_2023

■Release Info
Reol「COLORED DISC」2022年11月16日(水)発売

【Legit盤（CD+Blu-ray＋Photobook＋GOODS）】SEC8-43～45　￥13,200（税込）※ファンクラブ会員限定盤
【初回限定盤A（CD+Blu-ray＋Photobook）】SECL-2820～2822　￥6,050（税込）
【初回限定盤B（CD+DVD＋Photobook）】SECL-2823～2825　￥5,500（税込）
【通常盤（CD）】SECL-2826　￥1,320（税込）
 
＜CD / Streaming＞
01. SCORPION
02. secret trip
03. 感情が群れを成すパレイド
 
＜Blu-ray/DVD共通収録内容＞
Reol Oneman Live 2022 激情アラート at Tokyo
NAKED ’’GEKIA’’(Documentary)
 
＜Photobook＞
Reol Oneman Live 2022 激情アラート Live Photo
 
＜GOODS（Legit盤のみ）＞
Legit Hoodie 2022AW(designed by Reol)
 
■About Reol
歌手・作曲家・作詞家・音楽プロデューサー、Reol。
2018 年よりソロでのリリースを開始し、2019 年にはYouTube のチャンネル登録者数が
日本人女性ソロアーティスト史上初の100 万人を突破。
YouTube FanFest Japan 2019 にてゴールド・クリエイター・アワードを受賞。
2020 年、YouTube グローバルキャンペーン“Artist on the Rise” に日本人女性アーティストとして初選出され
ボートレースCM ソング「第六感」がストリーミング再生1 億回を突破する大ヒットを記録。
現在、YouTube 登録者数は157万人を突破。総再生回数は8 億回を超え、国内外から人気を集めている。

■Official Site
http://reol.jp

■Twitter
Reol：https://twitter.com/rrreol
Reol Official： https://twitter.com/rrreol_official

■Instagram
Reol：https://www.instagram.com/rrreol999/
Reol Official： https://www.instagram.com/rrreol_official/

■TikTok
https://www.tiktok.com/@rrreol999

#Reol #SCORPION #VALORANT",https://i.ytimg.com/vi/8pNkuATx-oo/default.jpg,https://www.youtube.com/watch?v=8pNkuATx-oo
0o6Fu4Ho8mU,Reol - オオエドランヴ[Live at 激情アラート Tokyo],2022-10-19 12:00:06+00:00,2026-03-05T01:55:21.067812,403615,6795,268,PT3M19S,199,False,False,False,none,"Live at Zepp Haneda, Tokyo 2022.05.13

Bass : Ryosuke Nikamoto
Drums : Shunsuke Uehara

Dance & Choreography by Suichu-megane∞
Shimpei Nemoto, Ayane Nakagawa

Directed by Shuichi Bamba MAZRI Inc

■Reol - New Single 'COLORED DISC' 11.16 OUT
https://www.sonymusic.co.jp/Music/Info/Reol/COLOREDDISC/
▼予約はこちら
https://reol.lnk.to/coloreddisc

■「Reol Oneman Live 2023　新式浪漫 Neo Nostalgia」
1月26日(木)愛知県 Zepp Nagoya
1月29日(日)東京都 TOKYO DOME CITY HALL
2月5日(日)宮城県 仙台PIT
2月11日(土)神奈川県 KT Zepp Yokohama
2月18日(土)福岡県 Zepp Fukuoka
2月23日(木・祝)広島県 広島クラブクアトロ
2月25日(土)大阪府 Zepp Osaka Bayside
2月26日(日)香川県 高松 festhalle
3月5日(日)長野県 まつもと市民芸術館

特設サイト: https://reol.jp/feature/onemanlive_2023

■Release Info
Reol「COLORED DISC」2022年11月16日(水)発売

【Legit盤（CD+Blu-ray＋Photobook＋GOODS）】SEC8-43～45　￥13,200（税込）※ファンクラブ会員限定盤
【初回限定盤A（CD+Blu-ray＋Photobook）】SECL-2820～2822　￥6,050（税込）
【初回限定盤B（CD+DVD＋Photobook）】SECL-2823～2825　￥5,500（税込）
【通常盤（CD）】SECL-2826　￥1,320（税込）
 
＜CD / Streaming＞
01. SCORPION
02. secret trip
03. 感情が群れを成すパレイド
 
＜Blu-ray/DVD共通収録内容＞
Reol Oneman Live 2022 激情アラート at Tokyo
NAKED ’’GEKIA’’(Documentary)
 
＜Photobook＞
Reol Oneman Live 2022 激情アラート Live Photo
 
＜GOODS（Legit盤のみ）＞
Legit Hoodie 2022AW(designed by Reol)

■About Reol
歌手・作曲家・作詞家・音楽プロデューサー、Reol。
2018 年よりソロでのリリースを開始し、2019 年にはYouTube のチャンネル登録者数が
日本人女性ソロアーティスト史上初の100 万人を突破。
YouTube FanFest Japan 2019 にてゴールド・クリエイター・アワードを受賞。
2020 年、YouTube グローバルキャンペーン“Artist on the Rise” に日本人女性アーティストとして初選出され
ボートレースCM ソング「第六感」がストリーミング再生1 億回を突破する大ヒットを記録。
現在、YouTube 登録者数は152万人を突破。総再生回数は8 億回を超え、国内外から人気を集めている。

■Official Site
http://reol.jp

■Twitter
Reol：https://twitter.com/rrreol
Reol Official： https://twitter.com/rrreol_official

■Instagram
Reol：https://www.instagram.com/rrreol999/
Reol Official： https://www.instagram.com/rrreol_official/

■TikTok
https://www.tiktok.com/@rrreol999

#Reol #COLOREOL #オオエドランヴ",https://i.ytimg.com/vi/0o6Fu4Ho8mU/default.jpg,https://www.youtube.com/watch?v=0o6Fu4Ho8mU
dU_1fmemVm0,Reol - 'COLORED DISC' Announcement Teaser,2022-10-05 11:00:19+00:00,2026-03-05T01:55:21.067836,34979,1572,73,PT18S,18,False,True,False,none,"■Reol - New Single 'COLORED DISC' 11.16 OUT
https://www.sonymusic.co.jp/Music/Info/Reol/COLOREDDISC/

■Release Info
Reol「COLORED DISC」2022年11月16日(水)発売
▼予約はこちら
https://reol.lnk.to/coloreddisc

【Legit盤（CD+Blu-ray＋Photobook＋GOODS）】SEC8-43～45　￥13,200（税込）※ファンクラブ会員限定盤
【初回限定盤A（CD+Blu-ray＋Photobook）】SECL-2820～2822　￥6,050（税込）
【初回限定盤B（CD+DVD＋Photobook）】SECL-2823～2825　￥5,500（税込）
【通常盤（CD）】SECL-2826　￥1,320（税込）
 
＜CD / Streaming＞
To Be Announced
 
＜Blu-ray/DVD共通収録内容＞
Reol Oneman Live 2022 激情アラート at Tokyo
NAKED ’’GEKIA’’(Documentary)
 
＜Photobook＞
Reol Oneman Live 2022 激情アラート Live Photo
 
＜GOODS（Legit盤のみ）＞
Legit Hoodie 2022AW(designed by Reol)
 
＜早期予約特典＞
Reolプリントサイン入り’激情アラート’ラミネートパス
▼詳細
https://www.sonymusic.co.jp/artist/Reol/info/545773
 
＜店舗別予約特典＞
TOWER RECORDS全店（オンライン含む/一部店舗除く）:オリジナルB3ミニポスター
TSUTAYA RECORDS（一部店舗除く）/ TSUTAYAオンラインショッピング:　オリジナルポストカード
楽天ブックス: オリジナルアクリルキーホルダー
セブンネットショッピング: オリジナルモバイルスタンドキーホルダー
Amazon.co.jp: メガジャケ
Reol応援店: オリジナルステッカー

■About Reol
歌手・作曲家・作詞家・音楽プロデューサー、Reol。
2018 年よりソロでのリリースを開始し、2019 年にはYouTube のチャンネル登録者数が
日本人女性ソロアーティスト史上初の100 万人を突破。
YouTube FanFest Japan 2019 にてゴールド・クリエイター・アワードを受賞。
2020 年、YouTube グローバルキャンペーン“Artist on the Rise” に日本人女性アーティストとして初選出され
ボートレースCM ソング「第六感」がストリーミング再生1 億回を突破する大ヒットを記録。
現在、YouTube 登録者数は152万人を突破。総再生回数は8 億回を超え、国内外から人気を集めている。

■Official Site
http://reol.jp

■Twitter
Reol：https://twitter.com/rrreol
Reol Official： https://twitter.com/rrreol_official

■Instagram
Reol：https://www.instagram.com/rrreol999/
Reol Official： https://www.instagram.com/rrreol_official/

■TikTok
https://www.tiktok.com/@rrreol999

#Reol #COLOREOL",https://i.ytimg.com/vi/dU_1fmemVm0/default.jpg,https://www.youtube.com/watch?v=dU_1fmemVm0
RfpavxJOCok,Reol - 'No title' Seaside Remix,2022-08-17 12:00:08+00:00,2026-03-05T01:55:21.067853,2938826,72609,1023,PT4M13S,253,False,False,False,none,"■Reol, ぬゆり - New Digital Single 'No title - Seaside Remix' OUT NOW
Listen Here
No title - Seaside Remix
https://reol.lnk.to/SeasideRemix

Seaside Remix
Remixed by ぬゆり
Additional Chorus by Reol(2022)
Movie by 筆者

Original Ver.
Music & Lyrics,Vocal by Reol
Arranged,Chorus by Giga
Movie,Chorus by お菊
https://www.youtube.com/watch?v=LfephiFN76E

■About Reol
歌手・作曲家・作詞家・音楽プロデューサー、Reol。
2018 年よりソロでのリリースを開始し、2019 年にはYouTube のチャンネル登録者数が日本人
女性ソロアーティスト史上初の100 万人を突破。
YouTube FanFest Japan 2019 にてゴールド・クリエイター・アワードを受賞。
2020 年、YouTube グローバルキャンペーン“Artist on the Rise” に日本人女性アーティストとして
初選出され、ボートレースCM ソング「第六感」がストリーミング再生1 億回を突破する大ヒット
を記録。
現在、YouTube 登録者数は150万人を突破。総再生回数は8億回を超え、国内外から人気を集めている。

■Official Site
http://reol.jp

■Twitter
Reol：https://twitter.com/rrreol
Reol Official： https://twitter.com/rrreol_official

■Instagram
Reol：https://www.instagram.com/rrreol999/
Reol Official： https://www.instagram.com/rrreol_offi...

#Reol #ぬゆり #Notitle",https://i.ytimg.com/vi/RfpavxJOCok/default.jpg,https://www.youtube.com/watch?v=RfpavxJOCok
q8nkBWnS_u8,2022.08.17 No title - Seaside Remix   COMINGSOON🌊,2022-08-15 11:23:42+00:00,2026-03-05T01:55:21.067863,129212,6627,100,PT25S,25,False,True,False,none,,https://i.ytimg.com/vi/q8nkBWnS_u8/default.jpg,https://www.youtube.com/watch?v=q8nkBWnS_u8
_iNo83jN3x0,煽げや尊し で 煽ぎました🏮,2022-08-10 09:00:31+00:00,2026-03-05T01:55:21.067878,102977,3842,82,PT47S,47,False,True,False,none,"れっつ尊し
Reol Bon-dancing with

Ayane Nakagawa
conoa
tantai
tatsuro
riku

Reol - 煽げや尊し Music Video
https://www.youtube.com/watch?v=sDhU6nWWja8

■Reol - New Digital Single '煽げや尊し' OUT NOW
Listen Here
https://reol.lnk.to/Agitate

■Official Site
http://reol.jp

■Twitter
Reol：https://twitter.com/rrreol
Reol Official： https://twitter.com/rrreol_official

■Instagram
Reol：https://www.instagram.com/rrreol999/
Reol Official： https://www.instagram.com/rrreol_official/

■TikTok
https://www.tiktok.com/@rrreol999",https://i.ytimg.com/vi/_iNo83jN3x0/default.jpg,https://www.youtube.com/watch?v=_iNo83jN3x0
-H1js-lZhpc,Reol - Making of 煽げや尊し,2022-08-03 12:00:01+00:00,2026-03-05T01:55:21.067891,127644,4484,151,PT3M38S,218,False,False,False,none,"Directed by koshi-kun

Reol - 煽げや尊し Music Video
https://www.youtube.com/watch?v=sDhU6nWWja8

■Reol - New Digital Single '煽げや尊し' OUT NOW
Listen Here
https://reol.lnk.to/Agitate

■Official Site
http://reol.jp

■Twitter
Reol：https://twitter.com/rrreol
Reol Official： https://twitter.com/rrreol_official

■Instagram
Reol：https://www.instagram.com/rrreol999/
Reol Official： https://www.instagram.com/rrreol_official/

■TikTok
https://www.tiktok.com/@rrreol999",https://i.ytimg.com/vi/-H1js-lZhpc/default.jpg,https://www.youtube.com/watch?v=-H1js-lZhpc
sDhU6nWWja8,Reol - '煽げや尊し' Music Video,2022-07-27 12:00:08+00:00,2026-03-05T01:55:21.067914,7210574,118832,1799,PT4M12S,252,False,False,False,none,"■Reol - New Digital Single '煽げや尊し' OUT NOW
Listen Here
https://reol.lnk.to/Agitate

ZONe IMMERSIVE SONG PROJECT特設サイト
https://cp.zone-energy.jp/music/

Music＆Lyrics by Reol

Director: G2 辻本祐希(Yuki Tsujimoto)
Choreographer: Suichu-megane∞

Guest Dancers are
七瀬恋彩 from KOSÉ 8ROCKS
JUMPEI, KooDa, Kodai Harada, Hachi, かばお from YDK Apartment


言いたいことが渋滞している
やりたいことやっちまいな
明日が来る保証なんかないや
言いたいこと言っちまうか

さ、景気づけなんだ
囃してくれんか
皆々一蓮托生乗ってけ

宵闇に浮かぶ行灯
凡々祝えやこの百鬼夜行
詠み人は知れずアンノウン
安息頂戴　もと暗し

神輿担げば　騒ぎ出してら
かっぴらいた瞳孔の無情さ
極まっちゃうじゃんか

我々はなんかなんかに
寄っかかっては　酔いどれ
まあ笑ったりまあ怒ったり
ええじゃないか　それぞれ
本気ばっかじゃ遠慮ばっかじゃ
やってらんねな　それそれ

あゝ乱世に花　にべもなし

衝動的で無敵　まあいい感じじゃん
飄々として素敵　今かったるいことは抜き
もう踊っちまってどうぞ　君となら前途洋々
堂々ええじゃないか　尊し

いむなや　続け無窮動
歌えば　愉しいな暮し

人も歩けば　移ろいでいくわ
時は非情さ　進んじゃうもんな

我々もひっきりなし
空煽いでは気まぐれ
ああ曇ったり　ああ変わったり
ええじゃないか　晴れ晴れ
七転んでも　八揺らいでも
やってやらねば　それそれ

あゝ何でも御座れ　有難し

衝動的で無敵　さあいい感じじゃん
飄々として素敵　もうおっかないことは無し
極まっちまってどうぞ　君となら全部王道
堂々ええじゃないか

ひとり往く道　あなたに交差して浮き十字
ふっと懐かし　あの日においだれこの灯り
みんなおんなじ　あれもこれもなんだ縁じゃないか
よっしゃ極まったり　笑っちまうなら全部良しだわ

我々はなんかなんかに
寄っかかっては　酔いどれ
まあ笑ったりまあ怒ったり
ええじゃないか　それぞれ
本気ばっかじゃ遠慮ばっかじゃ
やってらんねな　それそれ

あゝ乱世に花　咲き誇れやさあ

我々はてんやわんやに
逢うて別れ　さめざめ
時にヒストリ　世を偲んだり
ええじゃないか　やれやれ
九迷っても　十暗んでも
やってやんのさ　それそれ

堂々ええじゃないか　煽げや

衝動的で無敵　飄々として素敵　
衝動的で無敵　いい感じじゃん
飄々として素敵　胸張ってさあさ愛し

■About Reol
歌手・作曲家・作詞家・音楽プロデューサー、Reol。
2018 年よりソロでのリリースを開始し、2019 年にはYouTube のチャンネル登録者数が日本人
女性ソロアーティスト史上初の100 万人を突破。
YouTube FanFest Japan 2019 にてゴールド・クリエイター・アワードを受賞。
2020 年、YouTube グローバルキャンペーン“Artist on the Rise” に日本人女性アーティストとして
初選出され、ボートレースCM ソング「第六感」がストリーミング再生1 億回を突破する大ヒット
を記録。
現在、YouTube 登録者数は148万人を突破。総再生回数は7 億回を超え、国内外から人気を集めている。

■Official Site
http://reol.jp

■Twitter
Reol：https://twitter.com/rrreol
Reol Official： https://twitter.com/rrreol_official

■Instagram
Reol：https://www.instagram.com/rrreol999/
Reol Official： https://www.instagram.com/rrreol_official/

#Reolや尊し #ぼんダンス",https://i.ytimg.com/vi/sDhU6nWWja8/default.jpg,https://www.youtube.com/watch?v=sDhU6nWWja8
Ecew-g3dUvs,Reol - Making of 赤裸裸,2022-07-13 12:00:14+00:00,2026-03-05T01:55:21.067927,61404,2392,78,PT2M41S,161,False,False,False,none,"Directed by koshi-kun

Reol - 赤裸裸 Music Video
https://www.youtube.com/watch?v=wmXczyb-3P0

■Reol - New Digital Single '赤裸裸' OUT NOW
Listen Here
https://reol.lnk.to/Sekirara

■Official Site
http://reol.jp

■Twitter
Reol：https://twitter.com/rrreol
Reol Official： https://twitter.com/rrreol_official

■Instagram
Reol：https://www.instagram.com/rrreol999/
Reol Official： https://www.instagram.com/rrreol_official/

#Reol #Reol赤裸裸 #赤裸裸",https://i.ytimg.com/vi/Ecew-g3dUvs/default.jpg,https://www.youtube.com/watch?v=Ecew-g3dUvs
_cThWJoL7Qo,Reol - 赤裸裸[Live at 激情アラート Tokyo],2022-06-20 13:00:13+00:00,2026-03-05T01:55:21.067942,329523,6938,259,PT2M39S,159,False,False,False,none,"■Reol - New Digital Single '赤裸裸' OUT NOW
Listen Here
https://reol.lnk.to/Sekirara

Live at Zepp Haneda, Tokyo 2022.05.13

Bass : Ryosuke Nikamoto
Drums : Shunsuke Uehara

Directed by Shuichi Bamba MAZRI Inc

■About Reol
歌手・作曲家・作詞家・音楽プロデューサー、Reol。
2018 年よりソロでのリリースを開始し、2019 年にはYouTube のチャンネル登録者数が日本人
女性ソロアーティスト史上初の100 万人を突破。
YouTube FanFest Japan 2019 にてゴールド・クリエイター・アワードを受賞。
2020 年、YouTube グローバルキャンペーン“Artist on the Rise” に日本人女性アーティストとして初選出され、ボートレースCM ソング「第六感」がストリーミング再生1 億回を突破する大ヒットを記録。
現在、YouTube 登録者数は147万人を突破。総再生回数は7 億回を超え、国内外から人気を集めている。

■Official Site
http://reol.jp

■Twitter
Reol：https://twitter.com/rrreol
Reol Official： https://twitter.com/rrreol_official

■Instagram
Reol：https://www.instagram.com/rrreol999/
Reol Official： https://www.instagram.com/rrreol_official/",https://i.ytimg.com/vi/_cThWJoL7Qo/default.jpg,https://www.youtube.com/watch?v=_cThWJoL7Qo
wmXczyb-3P0,Reol - '赤裸裸 / Naked' Music Video,2022-05-27 11:00:11+00:00,2026-03-05T01:55:21.067962,1653664,17564,395,PT2M37S,157,False,False,False,none,"■Reol - New Digital Single '赤裸裸' OUT NOW
Listen Here
https://reol.lnk.to/Sekirara

Music by Reol, ツミキ(Tsumiki)
Lyrics by Reol, ツミキ(Tsumiki)
Sound-Produced by ツミキ(Tsumiki)

Directed by 田辺秀伸(Hidenobu Tanabe)

Starring Reol

CAST: CHISE NINJA, Ericamai, Rion Watley

開演合図に耳を塞ぐなよ
もう随分前から鳴っている
これは幻想と現実で成す舞台
そんな混在したフィクシオンが
何れかも判らずに
永遠に今日を過ごしたいなんて御門違い
 
安心安全丈夫健康
そんな物差しは当てにならん
それは救済の錯覚を来すマジック
劣等感だとか愛情だとか誤魔化しては
スポットライト当たっちゃあ最後
びびって何も言えないだけだろう

なんなんだ　狂ってんのは
世の方じゃなかったんか？
なんてこった　信じられないわ
こんなんじゃやってらんないんだわ
まあ万が一　何があったって
愛が動機って思いたいだけ

最高って云って逝きてー、人生を！

あーもうこんな筈じゃないよ
代役は不在で定刻　激情の閃き
嗚呼、連れ去って連れ去って　この業から
逃れられない　あたしを


舞台上　張物の世相
堪能しろよサブテキスト
この題も大入りで毎度在り
そうアガリは金では買えぬ信頼と
この台詞だオーダーメイド
仕掛けは御無用　身一つ黙らす見世物

なんなんだ　狂ってんのは
世の方じゃなかったんか？
なんてこった　一寸たんま
こんなんやってらんないんだわ
その感傷わらっといて
いがみ合ったってしょうがないな

最低からしか見られない喜劇を！

誰かを信じられないなんて
そんな人生はくだらない　あたしはいらない
嗚呼、疑って疑って　きりないよな
わかりたいなら

何回やり直したってきっと
これ以外なんかありえないわ
あんた以外は務まんないわ
代えがきかない　この生き様
真っ向勝負！愛されたいなら愛すまでよ

ちゃちなプライドのない身軽さよ
我が為に幕が上がるだろう
暴いてくれ　さあ、あたしを

■About Reol
歌手・作曲家・作詞家・音楽プロデューサー、Reol。
2018 年よりソロでのリリースを開始し、2019 年にはYouTube のチャンネル登録者数が日本人
女性ソロアーティスト史上初の100 万人を突破。
YouTube FanFest Japan 2019 にてゴールド・クリエイター・アワードを受賞。
2020 年、YouTube グローバルキャンペーン“Artist on the Rise” に日本人女性アーティストとして初選出され、ボートレースCM ソング「第六感」がストリーミング再生1 億回を突破する大ヒットを記録。
現在、YouTube 登録者数は147万人を突破。総再生回数は7 億回を超え、国内外から人気を集めている。

■Official Site
http://reol.jp

■Twitter
Reol：https://twitter.com/rrreol
Reol Official： https://twitter.com/rrreol_official

■Instagram
Reol：https://www.instagram.com/rrreol999/
Reol Official： https://www.instagram.com/rrreol_official/",https://i.ytimg.com/vi/wmXczyb-3P0/default.jpg,https://www.youtube.com/watch?v=wmXczyb-3P0
nf8QjIlth0E,Reol 新曲「赤裸裸」絶賛配信中！,2022-05-25 12:00:57+00:00,2026-03-05T01:55:21.067972,47433,2987,31,PT16S,16,False,True,False,none,"■Reol - New Digital Single '赤裸裸' OUT NOW
Listen Here
https://reol.lnk.to/Sekirara",https://i.ytimg.com/vi/nf8QjIlth0E/default.jpg,https://www.youtube.com/watch?v=nf8QjIlth0E
0lZiBcPkDpE,RELEASEDプレイリストで「赤裸裸」をチェック⚡️#Shorts #YouTubeMusic #RELEASED,2022-05-20 12:00:00+00:00,2026-03-05T01:55:21.067984,33207,1932,17,PT16S,16,True,True,False,none,"■Reol - New Digital Single '赤裸裸' OUT NOW
Listen Here
https://reol.lnk.to/Sekirara

Reol - 赤裸裸 / NAKED Lyric Video
https://youtu.be/5qY9eSlEHsA

Music by Reol, ツミキ
Lyrics by Reol, ツミキ
Sound Produced by ツミキ

Movie Director 筆者
Supervisor お菊

■Official Site
http://reol.jp

■Twitter
Reol： https://twitter.com/rrreol
Reol Official： https://twitter.com/rrreol_official",https://i.ytimg.com/vi/0lZiBcPkDpE/default.jpg,https://www.youtube.com/watch?v=0lZiBcPkDpE
Au9bN0itZW4,YouTube MusicのRELEASEDプレイリストに「Reol」が登場！渋谷に屋外広告掲載中！ #Shorts #YouTubeMusic #RELEASED,2022-05-20 09:12:47+00:00,2026-03-05T01:55:21.067996,38755,1954,26,PT15S,15,True,True,False,none,"■Reol - New Digital Single '赤裸裸' OUT NOW
Listen Here
https://reol.lnk.to/Sekirara

■Reol - 赤裸裸 / NAKED Lyric Video
https://youtu.be/5qY9eSlEHsA

Music by Reol, ツミキ
Lyrics by Reol, ツミキ
Sound Produced by ツミキ

Movie Director 筆者
Supervisor お菊

■Official Site
http://reol.jp

■Twitter
Reol： https://twitter.com/rrreol
Reol Official： https://twitter.com/rrreol_official",https://i.ytimg.com/vi/Au9bN0itZW4/default.jpg,https://www.youtube.com/watch?v=Au9bN0itZW4
5qY9eSlEHsA,Reol - 赤裸裸 / NAKED Lyric Video,2022-05-17 15:00:09+00:00,2026-03-05T01:55:21.068008,762386,15755,527,PT2M41S,161,False,False,False,none,"■Reol - New Digital Single '赤裸裸' OUT NOW
Listen Here
https://reol.lnk.to/Sekirara

Music by Reol, ツミキ
Lyrics by Reol, ツミキ
Sound Produced by ツミキ

Movie Director 筆者
Supervisor お菊

■Official Site
http://reol.jp

■Twitter
Reol： https://twitter.com/rrreol
Reol Official： https://twitter.com/rrreol_official",https://i.ytimg.com/vi/5qY9eSlEHsA/default.jpg,https://www.youtube.com/watch?v=5qY9eSlEHsA
Ht83Jepq6as,Reol - '赤裸裸' Teaser Movie,2022-05-13 12:00:15+00:00,2026-03-05T01:55:21.068019,61924,3165,161,PT16S,16,False,True,False,none,"■Reol - New Digital Single '赤裸裸(NAKED)' 
2022.05.18(Wed) AM0:00　OUT

Music by Reol, ツミキ
Lyrics by Reol, ツミキ
Sound Produced by ツミキ


■Official Site
http://reol.jp

■Twitter
Reol： https://twitter.com/rrreol
Reol Official： https://twitter.com/rrreol_official",https://i.ytimg.com/vi/Ht83Jepq6as/default.jpg,https://www.youtube.com/watch?v=Ht83Jepq6as
h5QRiLsQiZ8,Reol - 'ミュータント' Music Video,2022-02-18 11:00:10+00:00,2026-03-05T01:55:21.068041,1108242,19471,351,PT4M10S,250,False,False,False,none,"■New release
\\\2021.12.15 miniAL「第六感」OUT

▽Listen Here / DL & Streaming
https://jvcmusic.lnk.to/THE_SIXTH_SENSE
▽全曲視聴XFD
https://youtu.be/xIM3Kh6_q2A

\\\ MV CREDIT
Illustration：河底9
Movie Director：お菊
Text Animation：ぽぷりか

Music by Reol,Geek Boy Al Swettenham
Lyrics by Reol
Sound Produced by Geek Boy Al Swettenham


ミュータント / mutant

「この夜は二度と繋がれない非現実」
サディストなあたしは今
合図を待つ、君にひれ伏す
痛みと快楽は違う？　今にも暴発してしまう
君はダーリン　青く同化する夜光虫

答を、アウフガーベ　迷いを正して
扁桃体の奥の奥へ仕舞い込んだ正体
悟られないよう横目で追うモーション
過覚醒　未体験　あたし君の目の前で
変わる 変わる　この儀式に興じた

同じだけ　君が　変わるだけ
今夜だけ　違って　欲しかった
似ていると　そうだと　思ってしまった
何も言えない　言えないでいる


旋律の向こう側から君の匂いがした
ミュータントになった　あたしにはわからない
涙がぽたぽたとまらなかった
記憶の中はいつも優しい

首都高速道路ふたりで
人熱れすり抜け埠頭へ
窓から睨んだ明後日
君との隔たりまた識るだけ

首都高速道路ふたりは
人熱れすり抜け埠頭へ
このまま何処かへ逃げたら
隔絶された世界線？

かしづいて　君に　笑われて
触れたくて　月の裏側さえ
醜いの　そうだよ　愛してくれるか
何も言わない　言わないでいて


時間は、アポトーシス　さあどうぞひとおもいに
揮発性を孕んだ空間に研ぎ澄ます注意
溢さぬよう端から端までをチューイング
過覚醒　未体験　いつか全部消えてなくなるなら
この波は、あの影は、あたしは


愛し合う　ふたり　騙されて
まやかしと　気付いて　しまうまで
此処にいて　いつか　変わってしまうの
何もいらない　いらないから　愛沙汰に酩酊して

今あたし変異して

I don't give a damn,I won't give a damn.
I don't care what you say.
I don't care what you think.


\\\ 2021.12.15 miniAL「第六感」
https://www.jvcmusic.co.jp/reol6/

\\\ライブ情報
【Reol Oneman Live 2022 -激情アラート-】

Zepp Nagoya
2022年4月27日(水) 開場 17:30/開演18:30

Zepp Osaka Bayside
2022年4月28日(木) 開場 17:30/開演18:30

Zepp Fukuoka
2022年5月2日(月)開場 17:30/開演18:30

仙台PIT
2022年5月8日(日)開場 17:00/開演18:00

Zepp Haneda（TOKYO）
2022年5月12日(木) ／2022年5月13日(金)
開場 17:30/開演18:30

全席指定 ¥6,800 / 別途ドリンク代

チケットFC会員先行受付中！
▷ツアー特設サイト
https://reol.jp/feature/tour2022
▷Legit入会ページ
https://reol.jp/feature/entry

■Official Site
http://reol.jp

■Twitter
Reol： https://twitter.com/rrreol
Reol Official： https://twitter.com/rrreol_official",https://i.ytimg.com/vi/h5QRiLsQiZ8/default.jpg,https://www.youtube.com/watch?v=h5QRiLsQiZ8
gl6B4ztnanM,Reol - 'ミュータント' Teaser Movie,2022-02-14 11:00:20+00:00,2026-03-05T01:55:21.068053,48201,2647,117,PT13S,13,False,True,False,none,"■Reol - 'ミュータント' Music Video
2022.02.18(Fri) PM8:00
https://youtu.be/h5QRiLsQiZ8

■New release
\\\2021.12.15 miniAL「第六感」OUT

▽Listen Here / DL & Streaming
https://jvcmusic.lnk.to/THE_SIXTH_SENSE
▽全曲視聴XFD
https://youtu.be/xIM3Kh6_q2A

■Official Site
http://reol.jp

■Twitter
Reol： https://twitter.com/rrreol
Reol Official： https://twitter.com/rrreol_official",https://i.ytimg.com/vi/gl6B4ztnanM/default.jpg,https://www.youtube.com/watch?v=gl6B4ztnanM
zK5hPYTMQN0,"Reol - 2nd mini album ""第六感 / THE SIXTH SENSE"" コメンタリー映像",2021-12-17 09:00:29+00:00,2026-03-05T01:55:21.068073,86714,2184,56,PT10M23S,623,False,False,False,none,"Dir. by koshi-kun

■New release
\\\2021.12.15 miniAL「第六感」OUT

▽Listen Here / DL & Streaming
https://jvcmusic.lnk.to/THE_SIXTH_SENSE
▽全曲視聴XFD
https://youtu.be/xIM3Kh6_q2A

2021年12月15日発売のminiAL「第六感」のコンセプトやクリエイティブへのこだわりなど、Reolのオーディオコメンタリーを公開。

\\\ Reol –  Streaming CP
https://www.jvcmusic.co.jp/-/News/A025153/107.html


Reol - Boy Music Video
https://youtu.be/O4oixjzvrZk

Reol - '白夜 / White Midnight' Music Video
https://youtu.be/YVIvnYFsfXM

Reol - 'Q?' Music Video
https://youtu.be/oBTxxpYre3g

Reol - '第六感 / THE SIXTH SENSE' Music Video
https://youtu.be/Ue6VQTcKPQo


■リリース情報
2nd miniAL「第六感」2021年12月15日発売

・初回限定盤A
CD＋Blu-ray ￥4,950(税込) VIZL-1961
・初回限定盤B
CD＋DVD ￥4,400(税込) VIZL-1962

収録内容：
＜CD＞※全形態共通
M1. 第六感 feat.東京ゲゲゲイ
M2. Q? 
M3. Ms.CONTROL
M4. 白夜
M5. ミュータント
M6. Nd60
M7. Boy

＜Blu-ray / DVD＞
Reol Installation Concert 2021 音沙汰 at Tokyo
M1. introduction -沙汰-
M2. un, deux, trois
M3. カルト
M4. 秋映
M5. 1LDK
M6. 真空オールドローズ
M7. ちるちる
M8. ハーメルン
M9. No title
M10. interlude -白夜-
M11. Behind The Night
M12. GRIMOIRE
M13. 染
M14. 失楽園
M15. Q?
M16. 平面鏡
M17. 第六感

＜Music Video＞
M1. 第六感
M2. Q?
M3. 白夜
M4. Boy

＜Bonus Movie＞

・ビクターオンラインストア限定盤 ※数量限定
CD＋Blu-ray＋GOODS ￥7,150(税込) NZS-865
※GOODS (Reol フローズンキーホルダー)
・ファンクラブ限定盤 ※数量限定 
CD＋Blu-ray＋GOODS ￥14,850 (税込) NZS-864
※GOODS (Reol 1/10フィギュア) 

■Official Site
http://reol.jp

■Twitter
Reol： https://twitter.com/rrreol
Reol Official： https://twitter.com/rrreol_official

#Reol6",https://i.ytimg.com/vi/zK5hPYTMQN0/default.jpg,https://www.youtube.com/watch?v=zK5hPYTMQN0
pmhCcL3I2t0,"Reol - Installation Concert 2021 ""音沙汰"" コメンタリー映像",2021-12-14 08:00:31+00:00,2026-03-05T01:55:21.068095,48598,1677,48,PT6M31S,391,False,False,False,none,"Dir. by koshi-kun

■New release
\\\2021.12.15 miniAL「第六感」OUT

▽Listen Here / DL & Streaming
https://jvcmusic.lnk.to/THE_SIXTH_SENSE
▽全曲視聴XFD
https://youtu.be/xIM3Kh6_q2A

2021年12月15日発売のminiAL「第六感」付属のDVD/Blu-rayに収録される、「Reol Installation Concert 2021 音沙汰 at Tokyo」ライヴ映像に合わせ、ライヴに込めた思いや映像化にあたってのこだわりなど、Reolのオーディオコメンタリーを公開。

\\\ Reol –  Pre-Add/Pre-Save
Apple Music/Spotify 事前ライブラリ追加特典：スペシャル待ち受け Pre-Add/Pre-Save
Apple Music/Spotify 事前ライブラリ追加特典：スペシャル待ち受け
https://www.toneden.io/v-dd/post/reol...


Reol - 白夜 [Live at 音沙汰 Tokyo]
https://youtu.be/m-9KqsnDOLA

Reol - Hameln [Live at OTOSATA Tokyo]
https://youtu.be/UFLxRQ-S374

Reol - GRIMOIRE [Live at 音沙汰 Tokyo]
https://youtu.be/pIZehDIH4W4

Reol - un, deux, trois [Live at 音沙汰 Tokyo]
https://youtu.be/PT0ShEWN3fE


■リリース情報
2nd miniAL「第六感」2021年12月15日発売

・初回限定盤A
CD＋Blu-ray ￥4,950(税込) VIZL-1961
・初回限定盤B
CD＋DVD ￥4,400(税込) VIZL-1962

収録内容：
＜CD＞※全形態共通
M1. 第六感 feat.東京ゲゲゲイ
M2. Q? 
M3. Ms.CONTROL
M4. 白夜
M5. ミュータント
M6. Nd60
M7. Boy

＜Blu-ray / DVD＞
Reol Installation Concert 2021 音沙汰 at Tokyo
M1. introduction -沙汰-
M2. un, deux, trois
M3. カルト
M4. 秋映
M5. 1LDK
M6. 真空オールドローズ
M7. ちるちる
M8. ハーメルン
M9. No title
M10. interlude -白夜-
M11. Behind The Night
M12. GRIMOIRE
M13. 染
M14. 失楽園
M15. Q?
M16. 平面鏡
M17. 第六感

＜Music Video＞
M1. 第六感
M2. Q?
M3. 白夜
M4. Boy

＜Bonus Movie＞

・ビクターオンラインストア限定盤 ※数量限定
CD＋Blu-ray＋GOODS ￥7,150(税込) NZS-865
※GOODS (Reol フローズンキーホルダー)
・ファンクラブ限定盤 ※数量限定 
CD＋Blu-ray＋GOODS ￥14,850 (税込) NZS-864
※GOODS (Reol 1/10フィギュア) 

■配信情報
2nd miniAL「第六感」
配信日：2021年12月15日

▼miniAL「第六感」から収録曲「Boy」先行配信中！
https://jvcmusic.lnk.to/reol_boy

■Official Site
http://reol.jp

■Twitter
Reol： https://twitter.com/rrreol
Reol Official： https://twitter.com/rrreol_official

#Reol6",https://i.ytimg.com/vi/pmhCcL3I2t0/default.jpg,https://www.youtube.com/watch?v=pmhCcL3I2t0
xIM3Kh6_q2A,"Reol 2nd mini album “第六感 / THE SIXTH SENSE"" XFDMovie",2021-12-07 09:00:25+00:00,2026-03-05T01:55:21.068121,150210,4951,211,PT8M50S,530,False,False,False,none,"Dir. by 中絲悠

■New release
\\\2021.12.15 miniAL「第六感」OUT

▽Listen Here / DL & Streaming
https://jvcmusic.lnk.to/THE_SIXTH_SENSE
▽全曲視聴XFD
https://youtu.be/xIM3Kh6_q2A

\\\ Reol – 2nd miniAL「第六感」 Pre-Add/Pre-Save
Apple Music/Spotify 事前ライブラリ追加特典：スペシャル待ち受け
https://www.toneden.io/v-dd/post/reol_the_sixth_sense


Reol - Boy Music Video
https://youtu.be/O4oixjzvrZk

Reol - '白夜 / White Midnight' Music Video
https://youtu.be/YVIvnYFsfXM

Reol - 'Q?' Music Video
https://youtu.be/oBTxxpYre3g

Reol - '第六感 / THE SIXTH SENSE' Music Video
https://youtu.be/Ue6VQTcKPQo


■リリース情報
2nd miniAL「第六感」2021年12月15日発売

・初回限定盤A
CD＋Blu-ray ￥4,950(税込) VIZL-1961
・初回限定盤B
CD＋DVD ￥4,400(税込) VIZL-1962

収録内容：
＜CD＞※全形態共通
M1. 第六感 feat.東京ゲゲゲイ
M2. Q? 
M3. Ms.CONTROL
M4. 白夜
M5. ミュータント
M6. Nd60
M7. Boy

＜Blu-ray / DVD＞
Reol Installation Concert 2021 音沙汰 at Tokyo
M1. introduction -沙汰-
M2. un, deux, trois
M3. カルト
M4. 秋映
M5. 1LDK
M6. 真空オールドローズ
M7. ちるちる
M8. ハーメルン
M9. No title
M10. interlude -白夜-
M11. Behind The Night
M12. GRIMOIRE
M13. 染
M14. 失楽園
M15. Q?
M16. 平面鏡
M17. 第六感

＜Music Video＞
M1. 第六感
M2. Q?
M3. 白夜
M4. Boy

＜Bonus Movie＞

・ビクターオンラインストア限定盤 ※数量限定
CD＋Blu-ray＋GOODS ￥7,150(税込) NZS-865
※GOODS (Reol フローズンキーホルダー)
・ファンクラブ限定盤 ※数量限定 
CD＋Blu-ray＋GOODS ￥14,850 (税込) NZS-864
※GOODS (Reol 1/10フィギュア) 

■配信情報
2nd miniAL「第六感」
配信日：2021年12月15日

▼miniAL「第六感」から収録曲「Boy」先行配信中！
https://jvcmusic.lnk.to/reol_boy

■Official Site
http://reol.jp

■Twitter
Reol： https://twitter.com/rrreol
Reol Official： https://twitter.com/rrreol_official

#Reol6",https://i.ytimg.com/vi/xIM3Kh6_q2A/default.jpg,https://www.youtube.com/watch?v=xIM3Kh6_q2A
4XXnravRHhc,Reol - Making of 'Boy',2021-11-25 11:00:02+00:00,2026-03-05T01:55:21.068133,140174,5302,161,PT4M13S,253,False,False,False,none,"Director : koshi-kun

Reol - Boy Music Video
https://youtu.be/O4oixjzvrZk

■New release
\\\2021.12.15 miniAL「第六感」OUT

▽Listen Here / DL & Streaming
https://jvcmusic.lnk.to/THE_SIXTH_SENSE
▽全曲視聴XFD
https://youtu.be/xIM3Kh6_q2A

■Official Site
http://reol.jp

■Twitter
Reol： https://twitter.com/rrreol
Reol Official： https://twitter.com/rrreol_official

#Reol6 #Boy",https://i.ytimg.com/vi/4XXnravRHhc/default.jpg,https://www.youtube.com/watch?v=4XXnravRHhc
O4oixjzvrZk,Reol - 'Boy' Music Video,2021-11-23 15:00:08+00:00,2026-03-05T01:55:21.068153,3011537,42911,965,PT4M13S,253,False,False,False,none,"■New release
\\\2021.12.15 miniAL「第六感」OUT

▽Listen Here / DL & Streaming
https://jvcmusic.lnk.to/THE_SIXTH_SENSE
▽全曲視聴XFD
https://youtu.be/xIM3Kh6_q2A

\\\ MV CREDIT
Director：Daiki Kamoshita

Music by Reol,Geek Boy Al Swettenham
Lyrics by Reol
Sound Produced by Geek Boy Al Swettenham


hey boy　ヒリヒリとしているんだ心臓が
君がいない違和感には慣れない　けど行かなくちゃ
何度だって間違えたの　何度だってやり直そう
君が否定したことをあたしは何度だって証明しよう

あたしたち秤の上でシーソー　測られるの幸運の所持量
終わりが近づく音、ドクドク鼓動がからかう督促状
互い違いの航路の交差点前で踊ろう
そう思いつくままにここへ来たあたしは！

君のためいつだって　君に似合いたかったんだ
なんでもできる君を思えば　理想すら邪魔だった
君が笑うならなんだって　道化にだってなりたくて
ああもう時間かな　明日が呼ぶんだよ
あたし笑って手を振って

トップスピード　愛の向く方へ
ライドオン、ライドオンナウ　昨日の向こうへ
愛向かう方へ


吐いた唾　落花枝に帰らず
断つ退路　さらば愛し日々よ
飽き足らず鳴らすならず者
後生さ身を焦がすマゾヒスト
確かめた瞬間　褪せる空は冷えて
最後シラベもなく喪失した　

「君のため」いつだって　それはあたしのためだった
壊れた破鏡　サルベージしてくれんの？　
わからないんだ、ごめんね
君が笑うならなんだって　そのすべて見合いたくて
口惜しいけど　涙も出ないんだ　出ないんだよ


ねぇ不在票　その後遺症
とても冷静ではいられないよ
故に交互に　このアイロニー
わかりたかった君だからだよ
焦燥　煽れ初期衝動
もっとくれよ不退転を
立ち上がるための理由を
幾つでも　幾度でも

愛を謳え
後悔した数以上　誰かを愛せるなら
あの日の約束は忘れて　君を送るための餞
最後のお願いひとつだけ　ごめんね、じゃあね
see you again.


君のためいつだって　君に似合いたかったんだ
なんでもできる君を思えば　理想すら邪魔だった
君が笑うならなんだって　道化にだってなりたくて
ああもう時間がないよ

廻れ廻れ、あたしのために今

何のため誰がため　終わる頃にはわかるのか
こんなどうしようもない生命体が　ひたすらに愛しくて　
最適解じゃなくたって　あたしはあたしになりたくて
ああもう時間だよ　どうなっても行こう今、最前線へ

トップスピード　愛の向く方へ
ライドオン、ライドオンナウ　昨日の向こうへ
憧れさえ追い越して


\\\ 2021.12.15 miniAL「第六感」
https://www.jvcmusic.co.jp/reol6/

■Official Site
http://reol.jp

■Twitter
Reol： https://twitter.com/rrreol
Reol Official： https://twitter.com/rrreol_official

#Reol6 #Boy",https://i.ytimg.com/vi/O4oixjzvrZk/default.jpg,https://www.youtube.com/watch?v=O4oixjzvrZk
eCJYrioYbmk,Reol - 'Boy' Teaser Movie,2021-11-17 12:00:40+00:00,2026-03-05T01:55:21.068164,105425,4449,179,PT19S,19,False,True,False,none,"■New release
\\\2021.11.24「Boy」OUT
https://jvcmusic.lnk.to/reol_boy 
※各サービスへのリンクは11月24日(水)0時より有効となります

\\\ 2021.12.15 miniAL「第六感」
https://www.jvcmusic.co.jp/reol6/


■Official Site
http://reol.jp

■Twitter
Reol： https://twitter.com/rrreol
Reol Official： https://twitter.com/rrreol_official

#Reol6 #Boy",https://i.ytimg.com/vi/eCJYrioYbmk/default.jpg,https://www.youtube.com/watch?v=eCJYrioYbmk
PT0ShEWN3fE,"Reol - un, deux, trois [Live at 音沙汰 Tokyo]",2021-11-04 15:00:10+00:00,2026-03-05T01:55:21.068179,310652,6594,174,PT4M2S,242,False,False,False,none,"■New release
\\\2021.12.15 miniAL「第六感」OUT

▽Listen Here / DL & Streaming
https://jvcmusic.lnk.to/THE_SIXTH_SENSE
▽全曲視聴XFD
https://youtu.be/xIM3Kh6_q2A

■Latest release
\\\ Stream & Download
https://jvcmusic.lnk.to/Reol_Kinjitou

\\\ LIVE CREDIT at.LINE CUBE SHIBUYA
Concertmaster :  Satoshi Setsune
Piano : Shunsuke Watanabe
Bass : Ryosuke Nikamoto
Drums : Riku Taira

Violin : Asuna
Viola : Naoko Kakutani
Cello : Masao Watanabe

mixing engineer : Takahiro Namekawa
director : Jun Iwasaki

■Official Site
http://reol.jp

■Twitter
Reol： https://twitter.com/rrreol
Reol Official： https://twitter.com/rrreol_official

#Reol #音沙汰 #Reol6",https://i.ytimg.com/vi/PT0ShEWN3fE/default.jpg,https://www.youtube.com/watch?v=PT0ShEWN3fE
pIZehDIH4W4,Reol - GRIMOIRE [Live at 音沙汰 Tokyo],2021-10-28 15:00:12+00:00,2026-03-05T01:55:21.068192,347716,8473,265,PT3M45S,225,False,False,False,none,"■New release
\\\2021.12.15 miniAL「第六感」OUT

▽Listen Here / DL & Streaming
https://jvcmusic.lnk.to/THE_SIXTH_SENSE
▽全曲視聴XFD
https://youtu.be/xIM3Kh6_q2A

■Latest release
\\\ Stream & Download
https://jvcmusic.lnk.to/Reol_Kinjitou

\\\ LIVE CREDIT at.LINE CUBE SHIBUYA
Concertmaster :  Satoshi Setsune
Piano : Shunsuke Watanabe
Bass : Ryosuke Nikamoto
Drums : Riku Taira

Violin : Asuna
Viola : Naoko Kakutani
Cello : Masao Watanabe

mixing engineer : Takahiro Namekawa
director : Jun Iwasaki

■Official Site
http://reol.jp

■Twitter
Reol： https://twitter.com/rrreol
Reol Official： https://twitter.com/rrreol_official

#Reol #音沙汰 #Reol6 #GRIMOIRE",https://i.ytimg.com/vi/pIZehDIH4W4/default.jpg,https://www.youtube.com/watch?v=pIZehDIH4W4
B_OtdX4ZmFE,Reol - Making of 白夜,2021-10-21 08:00:03+00:00,2026-03-05T01:55:21.068208,78270,3940,140,PT4M6S,246,False,False,False,none,"■New release
\\\2021.12.15 miniAL「第六感」OUT

▽Listen Here / DL & Streaming
https://jvcmusic.lnk.to/THE_SIXTH_SENSE
▽全曲視聴XFD
https://youtu.be/xIM3Kh6_q2A

\\\ Instrumental Download
https://jvcmusic.lnk.to/reol_whitemidnight_inst

Director : koshi-kun

Reol - 白夜 / White Midnight Music Video
https://youtu.be/YVIvnYFsfXM

白夜極光 (びゃくやきょっこう) テーマソング
公式アプリ：https://www.alchemystars.jp/?shortlink=9c33dda3&pid=JP-Artist&c=YouTube-17-June
公式YouTube：https://youtube.com/channel/UCFe3j0XAhPPjCYRx1GLni1w

■Official Site
http://reol.jp

■Twitter
Reol： https://twitter.com/rrreol
Reol Official： https://twitter.com/rrreol_official

#白夜 #ReolWM #白夜極光 #AlchemyStarts",https://i.ytimg.com/vi/B_OtdX4ZmFE/default.jpg,https://www.youtube.com/watch?v=B_OtdX4ZmFE
YVIvnYFsfXM,Reol - '白夜 / White Midnight' Music Video,2021-10-14 15:00:08+00:00,2026-03-05T01:55:21.068225,2025023,37000,809,PT4M8S,248,False,False,False,none,"■New release
\\\2021.12.15 miniAL「第六感」OUT

▽Listen Here / DL & Streaming
https://jvcmusic.lnk.to/THE_SIXTH_SENSE
▽全曲視聴XFD
https://youtu.be/xIM3Kh6_q2A

\\\ Instrumental Download
https://jvcmusic.lnk.to/reol_whitemidnight_inst

白夜極光 (びゃくやきょっこう) テーマソング

Music & Lyrics by Reol
Sound Produced by KOTONOHOUSE


白く融け出した夜半　逆さまに数えて4 3 2
生まれついての傾斜、これは疾患
みんな麻痺った　壊れた羅針盤

here we go? 此処ではないどこか
where to go? どこでもない、どうか
何がこんなに悲しいかがわからないんだ
なあ、君もそうだろうか

undo to undo to redo
強くなりたいよ、自分の為じゃなく
undo to undo to redo
この声が今も君を覚えている

失い続ける先にも
未だ見たい景色はあるのか？

痛みさえ白い夜に　僕たちは白を越え
叶わない願いなのかもしれない
それでも僕が祈るのは

生きるほど黒くなり　僕たちは白を行く
孤独を抱いた　傷も隠した
会いたいよ　いつか白い夜の向こうへ

不本意なYes　不条理は全部その声で覆せ
難だらけでも強くなれる　弱さあわせ飲み込んで
あの日僕のノスタルジア　大切だから食い違ったんだ
チグハグ脈打ついつも　四苦八苦譲れない理由を

undo to undo to あと幾つ越えたら交わる
redo to redo to 踏み鳴らすわ美化した昨日の上
止まるなよ　スロウでも
まだ此処じゃないから願う

今、今、色付き　僕たちはただ白々しく
あの日に泣いても今日に笑え
確かに僕は生きている

痛みなどくれてやる
そして生きろ、僕らは
孤独よ光れ　君の為に
また会おう　白夜を越えて

白く陽が差して夜半　せーの足を出す3 2 1
一秒前が溶暗、変化、白夜


■Official Site
http://reol.jp

■Twitter
Reol： https://twitter.com/rrreol
Reol Official： https://twitter.com/rrreol_official

#白夜 #ReolWM #白夜極光 #AlchemyStarts",https://i.ytimg.com/vi/YVIvnYFsfXM/default.jpg,https://www.youtube.com/watch?v=YVIvnYFsfXM
kAB_xoDDDqk,Reol - '白夜' Teaser Movie part.2,2021-10-14 03:00:25+00:00,2026-03-05T01:55:21.068238,75639,3545,120,PT26S,26,False,True,False,none,"\\\ Stream & Download
https://jvcmusic.lnk.to/reol_whitemidnight

白夜極光 (びゃくやきょっこう) テーマソング
公式アプリ：https://www.alchemystars.jp/?shortlink=9c33dda3&pid=JP-Artist&c=YouTube-17-June
公式YouTube：https://youtube.com/channel/UCFe3j0XAhPPjCYRx1GLni1w

■Official Site
http://reol.jp

■Twitter
Reol： https://twitter.com/rrreol
Reol Official： https://twitter.com/rrreol_official

#白夜 #ReolWM #白夜極光 #AlchemyStarts",https://i.ytimg.com/vi/kAB_xoDDDqk/default.jpg,https://www.youtube.com/watch?v=kAB_xoDDDqk
JLxtALi71Cg,Reol - '白夜' Teaser Movie,2021-10-13 10:00:18+00:00,2026-03-05T01:55:21.307913,45617,3371,158,PT26S,26,False,True,False,none,"\\\ Stream & Download
https://jvcmusic.lnk.to/reol_whitemidnight

白夜極光 (びゃくやきょっこう) テーマソング
公式アプリ：https://www.alchemystars.jp/?shortlink=9c33dda3&pid=JP-Artist&c=YouTube-17-June
公式YouTube：https://youtube.com/channel/UCFe3j0XAhPPjCYRx1GLni1w

■Official Site
http://reol.jp

■Twitter
Reol： https://twitter.com/rrreol
Reol Official： https://twitter.com/rrreol_official

#白夜 #ReolWM #白夜極光 #AlchemyStarts",https://i.ytimg.com/vi/JLxtALi71Cg/default.jpg,https://www.youtube.com/watch?v=JLxtALi71Cg
UFLxRQ-S374,Reol - Hameln [Live at OTOSATA Tokyo],2021-09-24 10:00:13+00:00,2026-03-05T01:55:21.307945,233291,6436,263,PT5M41S,341,False,False,False,none,"■New release
\\\2021.12.15 miniAL「第六感」OUT

▽Listen Here / DL & Streaming
https://jvcmusic.lnk.to/THE_SIXTH_SENSE
▽全曲視聴XFD
https://youtu.be/xIM3Kh6_q2A

\\\ LIVE CREDIT at.LINE CUBE SHIBUYA
Concertmaster :  Satoshi Setsune
Piano : Shunsuke Watanabe
Bass : Ryosuke Nikamoto
Drums : Riku Taira

Violin : Asuna
Viola : Naoko Kakutani
Cello : Masao Watanabe

mixing engineer : Takahiro Namekawa
director : Jun Iwasaki

■Official Site
http://reol.jp

■Twitter
Reol： https://twitter.com/rrreol
Reol Official： https://twitter.com/rrreol_official

#Reol #音沙汰 #Reol6 #ハーメルン",https://i.ytimg.com/vi/UFLxRQ-S374/default.jpg,https://www.youtube.com/watch?v=UFLxRQ-S374
m-9KqsnDOLA,Reol - 白夜 [Live at 音沙汰 Tokyo],2021-07-25 11:00:11+00:00,2026-03-05T01:55:21.307965,757288,18080,617,PT4M27S,267,False,False,False,none,"■New release
\\\2021.12.15 miniAL「第六感」OUT

▽Listen Here / DL & Streaming
https://jvcmusic.lnk.to/THE_SIXTH_SENSE
▽全曲視聴XFD
https://youtu.be/xIM3Kh6_q2A

白夜極光 (びゃくやきょっこう) テーマソング
公式アプリ：https://alchemystars.onelink.me/ojQB/9c33dda3
公式YouTube：https://www.youtube.com/channel/UCFe3j0XAhPPjCYRx1GLni1w/about

\\\ LIVE CREDIT at.LINE CUBE SHIBUYA
Concertmaster :  Satoshi Setsune
Piano : Shunsuke Watanabe
Bass : Ryosuke Nikamoto
Drums : Riku Taira

Violin : Asuna
Viola : Naoko Kakutani
Cello : Masao Watanabe

mixing engineer : Takahiro Namekawa
director : Jun Iwasaki

■Official Site
http://reol.jp

■Twitter
Reol： https://twitter.com/rrreol
Reol Official： https://twitter.com/rrreol_official

#白夜 #音沙汰 #Reol6 #ReolWM #白夜極光 #AlchemyStarts",https://i.ytimg.com/vi/m-9KqsnDOLA/default.jpg,https://www.youtube.com/watch?v=m-9KqsnDOLA
HLZS8JywNZ0,"Reol - Installation Concert 2021 ""音沙汰"" 予告映像",2021-04-24 12:00:15+00:00,2026-03-05T01:55:21.307982,118960,3353,188,PT51S,51,False,True,False,none,"有観客ライヴ「Reol Installation Concert 2021 音沙汰」開催決定

key art movie directed by お菊

・2021/6/26(sat) 東京・LINE CUBE SHIBUYA(渋谷公会堂)
・2021/6/27(sun) 大阪・フェニーチェ堺

料金：¥6,800(tax in)

※入場制限 : 3歳以上チケット必要　2歳以下入場不可
※申込制限：お一人様1申し込み最大4枚までお申込み可能(複数公演申込可能)

■先行予約情報
Reolオフィシャルファンクラブ「秘密結社L」会員優先予約
2021/4/24(sat) 21:00 〜 4/28(wed) 23:59

詳細・申し込みは下記よりご確認ください。
https://www.reol.jp/news/?id=10324

#Reol #音沙汰 #Reol6",https://i.ytimg.com/vi/HLZS8JywNZ0/default.jpg,https://www.youtube.com/watch?v=HLZS8JywNZ0
AeHuVMBPLQ0,Reol - たい [Live at ハーメルンの大号令 Tokyo],2020-12-22 15:00:09+00:00,2026-03-05T01:55:21.308006,898412,13997,522,PT4M10S,250,False,False,False,none,"2020年12月23日発売の初ライヴ映像集「Reol LIVE 2019-2020 ハーメルンの大号令 / 侵攻アップグレード」から「たい」を公開！

■リリース情報
初ライヴ映像集
「Reol LIVE 2019-2020 ハーメルンの大号令 / 侵攻アップグレード」  
2020.12.23 Release

・Blu-ray  ¥7,000(税抜)  VIXL-326
・DVD  ¥6,500(税抜)  VIBL-1006～1007

キャリア初の映像作品となる今作には、昨年開催された“Reol Oneman Live 2019 侵攻アップグレード”よりツアーファイナルにあたる新木場STUDIO COAST公演から本人がセレクトしたライヴシーンと、今年8月16日にLINE CUBE SHIBUYAで行われた配信ライヴ 「ハーメルンの大号令 -接続編-」の模様がノーカットで完全収録。


〈収録内容〉※全形態共通
■ハーメルンの大号令 at.LINE CUBE SHIBUYA(渋谷公会堂)　※副音声収録
01.Introduction of Hameln
02.ハーメルン
03.金字塔
04.Winners
05.LUVORATORRRRRY!!
06.極彩色
07.GRIMOIRE
08.ミラージュ
09.-ムーブのための試奏曲 Nr.4-
10.ギミアブレスタッナウ
11.ダリ
12.たい
13.HYPE MODE
14.ゆーれいずみー
15.insider
16.宵々古今
17.十中八九
18.1LDK
19.-ルネの小品 Nr.9-
20.un,deux,trois
21.-orderly-
22.サイサキ
23.第六感
24.激白
25.煩悩遊戯
26.No title

■侵攻アップグレード at.新木場STUDIO COAST
01.Introduction of 4050
02.ウテナ
03.ミッドナイトストロウラ
04.シンカロン
05.Lunatic
06.ヒビカセ
07.激白
08.ゆーれいずみー
09.mede:mede
10.失楽園
11.真空オールドローズ
12.平面鏡
13.たい
14.劣等上等
15.木綿のハンカチーフ
16.染
17.宵々古今

「侵攻アップグレード at.新木場STUDIO COAST」のダイジェスト映像はこちら：https://youtu.be/vBckinjlmco

■特典映像
・「Q?」Live at ハーメルンの大号令 Tokyo  
・Making of Hameln
・Anyo's of Hameln
・Anyo's of 4050　

ご予約はこちら：https://www.reol.jp/news/?id=10294

Digital Single「Q?」2020.11.4 Release
https://jvcmusic.lnk.to/reol_q

■Connect with Reol

Official Site
http://reol.jp
 
Twitter Reol： https://twitter.com/rrreol
Reol Official： https://twitter.com/rrreol_official

- - -
#Reol #ReolLIVE #ハーメルンの大号令 #たい #第六感 #Reol6　#ReolQ #Q #ArtistOnTheRise",https://i.ytimg.com/vi/AeHuVMBPLQ0/default.jpg,https://www.youtube.com/watch?v=AeHuVMBPLQ0
5yLuuZXDNbU,Reol - 金字塔 [Live at ハーメルンの大号令 Tokyo],2020-12-08 15:00:02+00:00,2026-03-05T01:55:21.308027,1018288,15466,566,PT3M35S,215,False,False,False,none,"2020年12月23日発売の初ライヴ映像集「Reol LIVE 2019-2020 ハーメルンの大号令 / 侵攻アップグレード」から「金字塔」を公開！


■リリース情報
初ライヴ映像集
「Reol LIVE 2019-2020 ハーメルンの大号令 / 侵攻アップグレード」  
2020.12.23 Release

・Blu-ray  ¥7,000(税抜)  VIXL-326
・DVD  ¥6,500(税抜)  VIBL-1006～1007

キャリア初の映像作品となる今作には、昨年開催された“Reol Oneman Live 2019 侵攻アップグレード”よりツアーファイナルにあたる新木場STUDIO COAST公演から本人がセレクトしたライヴシーンと、今年8月16日にLINE CUBE SHIBUYAで行われた配信ライヴ 「ハーメルンの大号令 -接続編-」の模様がノーカットで完全収録。


〈収録内容〉※全形態共通
■ハーメルンの大号令 at.LINE CUBE SHIBUYA(渋谷公会堂)　※副音声収録
01.Introduction of Hameln
02.ハーメルン
03.金字塔
04.Winners
05.LUVORATORRRRRY!!
06.極彩色
07.GRIMOIRE
08.ミラージュ
09.-ムーブのための試奏曲 Nr.4-
10.ギミアブレスタッナウ
11.ダリ
12.たい
13.HYPE MODE
14.ゆーれいずみー
15.insider
16.宵々古今
17.十中八九
18.1LDK
19.-ルネの小品 Nr.9-
20.un,deux,trois
21.-orderly-
22.サイサキ
23.第六感
24.激白
25.煩悩遊戯
26.No title

■侵攻アップグレード at.新木場STUDIO COAST
01.Introduction of 4050
02.ウテナ
03.ミッドナイトストロウラ
04.シンカロン
05.Lunatic
06.ヒビカセ
07.激白
08.ゆーれいずみー
09.mede:mede
10.失楽園
11.真空オールドローズ
12.平面鏡
13.たい
14.劣等上等
15.木綿のハンカチーフ
16.染
17.宵々古今

「侵攻アップグレード at.新木場STUDIO COAST」のダイジェスト映像はこちら：https://youtu.be/vBckinjlmco

■特典映像
・「Q?」Live at ハーメルンの大号令 Tokyo  
・Making of Hameln
・Anyo's of Hameln
・Anyo's of 4050　

ご予約はこちら：https://www.reol.jp/news/?id=10294

Digital Single「Q?」2020.11.4 Release
https://jvcmusic.lnk.to/reol_q

■Connect with Reol

Official Site
http://reol.jp
 
Twitter Reol： https://twitter.com/rrreol
Reol Official： https://twitter.com/rrreol_official

- - -
#Reol #ReolLIVE #ハーメルンの大号令 #第六感 #デジモン #Reol6 #ReolQ #digimon #Q #ArtistOnTheRise",https://i.ytimg.com/vi/5yLuuZXDNbU/default.jpg,https://www.youtube.com/watch?v=5yLuuZXDNbU
gYDdc43aJ7o,Reol LIVE 2019-2020 -ハーメルンの大号令 / 侵攻アップグレード- Trailer Movie,2020-11-29 11:00:11+00:00,2026-03-05T01:55:21.308047,205398,4931,242,PT6M1S,361,False,False,False,none,"2020年12月23日発売の初ライヴ映像集「Reol LIVE 2019-2020 ハーメルンの大号令 / 侵攻アップグレード」から、Trailer Movieを公開！


■リリース情報
初ライヴ映像集
「Reol LIVE 2019-2020 ハーメルンの大号令 / 侵攻アップグレード」  
2020.12.23 Release

・Blu-ray  ¥7,000(税抜)  VIXL-326
・DVD  ¥6,500(税抜)  VIBL-1006～1007

キャリア初の映像作品となる今作には、昨年開催された“Reol Oneman Live 2019 侵攻アップグレード”よりツアーファイナルにあたる新木場STUDIO COAST公演から本人がセレクトしたライヴシーンと、今年8月16日にLINE CUBE SHIBUYAで行われた配信ライヴ 「ハーメルンの大号令 -接続編-」の模様がノーカットで完全収録。


〈収録内容〉※全形態共通
■ハーメルンの大号令 at.LINE CUBE SHIBUYA(渋谷公会堂)　※副音声収録
01.Introduction of Hameln
02.ハーメルン
03.金字塔
04.Winners
05.LUVORATORRRRRY!!
06.極彩色
07.GRIMOIRE
08.ミラージュ
09.-ムーブのための試奏曲 Nr.4-
10.ギミアブレスタッナウ
11.ダリ
12.たい
13.HYPE MODE
14.ゆーれいずみー
15.insider
16.宵々古今
17.十中八九
18.1LDK
19.-ルネの小品 Nr.9-
20.un,deux,trois
21.-orderly-
22.サイサキ
23.第六感
24.激白
25.煩悩遊戯
26.No title

■侵攻アップグレード at.新木場STUDIO COAST
01.Introduction of 4050
02.ウテナ
03.ミッドナイトストロウラ
04.シンカロン
05.Lunatic
06.ヒビカセ
07.激白
08.ゆーれいずみー
09.mede:mede
10.失楽園
11.真空オールドローズ
12.平面鏡
13.たい
14.劣等上等
15.木綿のハンカチーフ
16.染
17.宵々古今

「侵攻アップグレード at.新木場STUDIO COAST」のダイジェスト映像はこちら：https://youtu.be/vBckinjlmco

■特典映像
・「Q?」Live at ハーメルンの大号令 Tokyo  
・Making of Hameln
・Anyo's of Hameln
・Anyo's of 4050　

ご予約はこちら：https://www.reol.jp/news/?id=10294

Digital Single「Q?」2020.11.4 Release
https://jvcmusic.lnk.to/reol_q

■Connect with Reol

Official Site
http://reol.jp
 
Twitter Reol： https://twitter.com/rrreol
Reol Official： https://twitter.com/rrreol_official

- - -
#Reol #ReolLIVE #第六感 #デジモン #Reol6　#ReolQ　#digimon #Q #ArtistOnTheRise",https://i.ytimg.com/vi/gYDdc43aJ7o/default.jpg,https://www.youtube.com/watch?v=gYDdc43aJ7o
APHQslyaalU,Reol Japan Tour 2020 A Great Order of Hameln -Interlinked- Digest Movie (Overseas),2020-11-29 11:00:02+00:00,2026-03-05T01:55:21.308069,101050,3937,190,PT6M9S,369,False,False,False,none,"Reol Japan Tour 2020 A Great Order of Hameln -Interlinked- Digest Movie (overseas)

- - -
Born on November 9, 1993. A singer-songwriter, as well as a multi-creator who self-produces all her artist activities.In 2018, she started activities under the name of “Reol”.

In January 2020, she has released the latest album “Kinjitou(金字塔)”, which includes the song “HYPE MODE” used in the advertisement of “App Store”. In July, she has been chosen as the first Japanese female artist for the YouTube's global campaign “Artist On The Rise”.“THE SIXTH SENSE（第六感）”, which is chosen as the theme song for the boat race advertisement, released on music streaming services on July. Reol has first live broadcast show without live audience “Reol Japan Tour 2020 Hameln no Daigourei -Setsuzoku Hen- （ Reol Japan Tour 2020 ハーメルンの大号令 -接続編-）” on YouTube on August 16th.

Currently, Reol’s YouTube Channel has exceeded 1.29 million subscribers and has surpassed 500 million views in total. She is popular in Japan as well as overseas.



■Connect with Reol　

Official Site
http://reol.jp
 
Twitter Reol： https://twitter.com/rrreol
Reol Official： https://twitter.com/rrreol_official

■Release Information
First Live Video Collection
「Reol LIVE 2019-2020 ハーメルンの大号令 / 侵攻アップグレード」  
 2020.12.23 Release 
Click here for reservation（Details）：https://www.reol.jp/news/?id=10294

Digital Single「Q?」2020.11.4 Release
https://jvcmusic.lnk.to/reol_q


#Reol #ReolLIVE #digimon #Reol6　#ReolQ #Q #ArtistOnTheRise #Hameln",https://i.ytimg.com/vi/APHQslyaalU/default.jpg,https://www.youtube.com/watch?v=APHQslyaalU
oBTxxpYre3g,Reol - 'Q?' Music Video,2020-11-04 11:00:14+00:00,2026-03-05T01:55:21.308087,3642938,64547,2025,PT3M16S,196,False,False,False,none,"■New release
\\\2021.12.15 miniAL「第六感」OUT

▽Listen Here / DL & Streaming
https://jvcmusic.lnk.to/THE_SIXTH_SENSE
▽全曲視聴XFD
https://youtu.be/xIM3Kh6_q2A

フジテレビ系TVアニメ 「デジモンアドベンチャー:」エンディング主題歌 

\\\ MV CREDIT
Director：MIZUNO CABBAGE

Music by Giga,Reol
Lyrics by Reol
Sound Produced by Giga


なぜ　いまこの手と手握って
たしかめた体温を　懐かしく思うのか
なぜ　五月雨の遊ぶ深淵
微笑んだその視線に　泣きたくなる

その声で僕を呼んでくれ

誰に言えぬこの弱さが
強く立つための軸だと思い知る
違うから愛おしくなる
ただわかりたい　君と僕を

生きるほど傷が増えていく
それでも探している僕らの理由を
重ねては美しくなる
今わかりたい　叫び出したい

I'm here, I'm here

You've paid for it.
Try to catch me
Why did it turn out like this?

I'm here, I'm here　

溢れるグロウ　分かれ、断つ先に宿るは
縁に、また或いは適宜にと騙し軽んじた僕らに
時は恐ろしいほどにとても静かだ
放棄した意識　罰を受ける様


断絶　同じ色だけ許して
違を詰った昨日でまだ殺めるのか
必然　見えすぎた解像で映し出した
痛みさえ愛と背乗りしては　もう君じゃないの

誰に言わぬこの意識は
コンクリートの深くまで秘するのです
違うから愛おしくなる
ただ求めたい　この事象を

哀しみすらも金にして
筆を執る姿こそ至高であると、言って


憂いてはゆらゆらと舞う静けさに酔う
椿もやがて落ちる
憂いては罰だけが僕ら責める
白夜をただ歩くよう

生の瞬間から僕らは知っている
最善だけを願ったはずだ
きっとどの過ちも

誰に言えぬその凡てが
知れば知るほどに僕らを青くして
違うこと愛おしくなる
ただわかりたい　君と僕を

生きるほど傷が増えていく
それを上書きするような結び目を
繋いでは美しくなれ
今わかりたい　叫び出したい


\\\ リリース情報
初ライヴ映像集 2020.12.23 RELEASE
「Reol LIVE 2019-2020 ハーメルンの大号令 / 侵攻アップグレード」
収録内容、ご予約はこちら：https://www.reol.jp/news/?id=10294

#Reol #ReolQ #デジモン #digimon #Q #ArtistOnTheRise",https://i.ytimg.com/vi/oBTxxpYre3g/default.jpg,https://www.youtube.com/watch?v=oBTxxpYre3g
LPHo_7kPv9Q,Reol - 'Q?' Teaser Movie,2020-11-02 11:00:06+00:00,2026-03-05T01:55:21.308100,107147,5443,268,PT14S,14,False,True,False,none,"フジテレビ系TVアニメ「デジモンアドベンチャー：」エンディング主題歌

■リリース情報
Digital Single「Q?」2020.11.04 Release
ストリーミングサービスおよびiTunes Store、レコチョク、moraなど主要ダウンロードサービスにて配信！

■Official Site
http://reol.jp

■Twitter
Reol： https://twitter.com/rrreol
Reol Official： https://twitter.com/rrreol_official

#Reol #ReolQ #デジモン #digimon #Q #ArtistOnTheRise",https://i.ytimg.com/vi/LPHo_7kPv9Q/default.jpg,https://www.youtube.com/watch?v=LPHo_7kPv9Q
WLE_wcVNOf0,Artist on the Rise: Reol,2020-10-16 11:00:10+00:00,2026-03-05T01:55:21.308115,2040793,29807,1391,PT6M36S,396,False,False,False,none,"本ドキュメンタリーはYouTube で活躍する話題のアーティストを紹介するキャンペーン「 Artist on the Rise 」の一貫として制作されました。
インターネットを通じて音楽活動をスタートした日から、ユニット REOL を経てソロアーティストの Reol になるまで、そして、初の無観客ライヴ「Reol Japan Tour 2020 ハーメルンの大号令 -接続編-」の開催に至るまでに Reol が辿った道のりとは？
「Reol」の等身大の姿を、育った環境、音楽へ対する想いなどから、紐解きます。

配信シングル「第六感」配信中
「BOAT RACE 2020」TVCMイメージソング
https://jvcmusic.lnk.to/reol_thesixthsense
 
Reol – 第六感 / THE SIXTH SENSE Music Video
https://youtu.be/Ue6VQTcKPQo
 
Reol Japan Tour 2020 ハーメルンの大号令 –接続編– SET LIST
https://jvcmusic.lnk.to/Reol_20200816

■Official Site
http://reol.jp

■Twitter
Reol： https://twitter.com/rrreol
Reol Official： https://twitter.com/rrreol_official

#YouTubeMusic #ArtistontheRise #YouTubeOriginals",https://i.ytimg.com/vi/WLE_wcVNOf0/default.jpg,https://www.youtube.com/watch?v=WLE_wcVNOf0
ieF_TtJhAxo,Reol - 第六感 / THE SIXTH SENSE [Live from YouTube FanFest 2020],2020-10-11 13:39:46+00:00,2026-03-05T01:55:21.308130,7037481,87273,2024,PT3M18S,198,False,False,False,none,"2020年10月11日に出演したYouTube FanFest 2020から「第六感」を公開！
https://www.youtubefanfest.com/intl/ALL_jp/events/2020-jp/

■New release
\\\2021.12.15 miniAL「第六感」OUT

▽Listen Here / DL & Streaming
https://jvcmusic.lnk.to/THE_SIXTH_SENSE
▽全曲視聴XFD
https://youtu.be/xIM3Kh6_q2A

Reol – 第六感 / THE SIXTH SENSE Music Video
https://youtu.be/Ue6VQTcKPQo
 
■Official Site
http://reol.jp

■Twitter
Reol： https://twitter.com/rrreol
Reol Official： https://twitter.com/rrreol_official


#Reol #第六感 #YTFF2020 #Reol6 #TheSixthSense 
#ArtistontheRise #YouTubeMusic #YouTubeOriginals #ReolYouTube",https://i.ytimg.com/vi/ieF_TtJhAxo/default.jpg,https://www.youtube.com/watch?v=ieF_TtJhAxo
EhxupcH4Z0w,Artist on the Rise: Reol Teaser,2020-10-11 12:30:00+00:00,2026-03-05T01:55:21.308145,211237,8818,291,PT16S,16,False,True,False,none,"本ドキュメンタリーはYouTube で活躍する話題のアーティストを紹介するキャンペーン「 Artist on the Rise 」の一貫として制作されました。
インターネットを通じて音楽活動をスタートした日から、ユニット REOL を経てソロアーティストの Reol になるまで、そして、初の無観客ライヴ「Reol Japan Tour 2020 ハーメルンの大号令 -接続編-」の開催に至るまでに Reol が辿った道のりとは？
「Reol」の等身大の姿を、育った環境、音楽へ対する想いなどから、紐解きます。

本編は、 10 月 16 日 (金) の 20 時からプレミア公開。
https://youtu.be/WLE_wcVNOf0

配信シングル「第六感」配信中
「BOAT RACE 2020」TVCMイメージソング
https://jvcmusic.lnk.to/reol_thesixthsense
 
Reol – 第六感 / THE SIXTH SENSE Music Video
https://youtu.be/Ue6VQTcKPQo
 
Reol Japan Tour 2020 ハーメルンの大号令 –接続編– SET LIST
https://jvcmusic.lnk.to/Reol_20200816

■Official Site
http://reol.jp

■Twitter
Reol： https://twitter.com/rrreol
Reol Official： https://twitter.com/rrreol_official

#YouTubeMusic #ArtistontheRise #YouTubeOriginals",https://i.ytimg.com/vi/EhxupcH4Z0w/default.jpg,https://www.youtube.com/watch?v=EhxupcH4Z0w
AXi27hMhuxQ,Reol - 第六感ラジオ Part.6,2020-09-04 13:53:15+00:00,2026-03-05T01:55:21.308161,173675,3486,120,PT1H44M46S,6286,False,False,False,none,"Reol　「第六感ラジオ」

新曲「第六感」の発売を記念したラジオ番組。 曲タイトル「第六感」にかけて全六回放送。

＜第六回＞
2020年9月4日（金）21:00～
パーソナリティ：Reol

*お便り募集中！
下記メールアドレスにラジオネーム／Reolへのメッセージや質問を添えてお送り下さい。
reol_cp＠ve.jvcmusic.co.jp

■リリース情報
・配信シングル「第六感」　NOW ON SALE
※「BOAT RACE 2020」TVCMイメージソング　
https://jvcmusic.lnk.to/reol_thesixthsense

Reol – 第六感 / THE SIXTH SENSE Music Video
https://youtu.be/Ue6VQTcKPQo

・配信シングル「Q?」　晩秋リリース予定
※アニメ「デジモンアドベンチャー：」エンディング　初回放送：9月6日　9:00～
https://www.reol.jp/news/?category_id=100　　

#Reol #第六感 #ArtistOnTheRise #Reol6 #YouTubemusic #TheSixthSense #BOATRACE2020",https://i.ytimg.com/vi/AXi27hMhuxQ/default.jpg,https://www.youtube.com/watch?v=AXi27hMhuxQ
5GxRqmwkAzA,Reol - 第六感ラジオ Part.5,2020-08-28 14:12:43+00:00,2026-03-05T01:55:21.308176,80207,2164,40,PT1H52M41S,6761,False,False,False,none,"Reol　「第六感ラジオ」

新曲「第六感」の発売を記念したラジオ番組。 曲タイトル「第六感」にかけて全六回を予定。

＜第五回＞
2020年8月28日（金）21:00～
GUEST：草野 華余子

*お便り募集中！
下記メールアドレスにラジオネーム／Reol・草野 華余子さんへのメッセージや質問を添えてお送り下さい。
reol_cp＠ve.jvcmusic.co.jp


■リリース情報
配信シングル「第六感」2020年7月29日発売
※「BOAT RACE 2020」TVCMイメージソング　
https://jvcmusic.lnk.to/reol_thesixth...

Reol – 第六感 / THE SIXTH SENSE Music Video
https://youtu.be/Ue6VQTcKPQo


■草野 華余子 Information
1st Band Oneman Live ""愛されたかったあの日の僕らへ""

2021年1月23日(土)東京・新宿 Zirco Tokyo
2021年1月31日(日)大阪 Live House ANIMA

https://kusanokayoko.com/


#Reol #第六感 #ArtistOnTheRise #Reol6 #YouTubemusic #TheSixthSense #BOATRACE2020 #草野華余子",https://i.ytimg.com/vi/5GxRqmwkAzA/default.jpg,https://www.youtube.com/watch?v=5GxRqmwkAzA
UbeG_GmPZlY,Reol - 第六感 / THE SIXTH SENSE [Live at ハーメルンの大号令 -接続編-],2020-08-27 10:00:26+00:00,2026-03-05T01:55:21.308191,656586,21155,660,PT1M59S,119,False,False,False,none,"2020年8月16日に開催したYouTube Live「Reol Japan Tour 2020 ハーメルンの大号令 -接続編-」から新曲「第六感」のライヴ映像を公開！
                                                                                                                     
■リリース情報
配信シングル「第六感」2020年7月29発売
「BOAT RACE 2020」TVCMイメージソング
https://jvcmusic.lnk.to/reol_thesixthsense
 
Reol – 第六感 / THE SIXTH SENSE Music Video
https://youtu.be/Ue6VQTcKPQo
 
Reol Japan Tour 2020 ハーメルンの大号令 –接続編– SET LIST
https://jvcmusic.lnk.to/Reol_20200816

■Official Site 
http://reol.jp 

■Twitter 
Reol： https://twitter.com/rrreol 
Reol Official： https://twitter.com/rrreol_official


#Reol #第六感 #ArtistOnTheRise #Reol6 #TheSixthSense #BOATRACE2020",https://i.ytimg.com/vi/UbeG_GmPZlY/default.jpg,https://www.youtube.com/watch?v=UbeG_GmPZlY
be2johz6-bI,Reol - 第六感ラジオ Part.4,2020-08-22 14:29:30+00:00,2026-03-05T01:55:21.308205,126167,3254,66,PT1H50M56S,6656,False,False,False,none,"Reol　「第六感ラジオ」

新曲「第六感」の発売を記念したラジオ番組。 曲タイトル「第六感」にかけて全六回を予定。

＜第四回＞
2020年8月22日（土）21:00～
GUEST：お菊

*お便り募集中！
下記メールアドレスにラジオネーム／Reol・お菊へのメッセージや質問を添えてお送り下さい。
reol_cp＠ve.jvcmusic.co.jp


■リリース情報
配信シングル「第六感」2020年7月29日発売
※「BOAT RACE 2020」TVCMイメージソング　
https://jvcmusic.lnk.to/reol_thesixthsense

Reol – 第六感 / THE SIXTH SENSE Music Video
https://youtu.be/Ue6VQTcKPQo


#Reol #第六感 #ArtistOnTheRise #Reol6 #YouTubemusic #TheSixthSense #BOATRACE2020 #お菊",https://i.ytimg.com/vi/be2johz6-bI/default.jpg,https://www.youtube.com/watch?v=be2johz6-bI
sThaAp2DuZE,Reol - 第六感ラジオ Part.3,2020-08-15 11:25:21+00:00,2026-03-05T01:55:21.308222,99417,2550,64,PT1H19M20S,4760,False,False,False,none,"Reol　「第六感ラジオ」

新曲「第六感」の発売を記念したラジオ番組。 曲タイトル「第六感」にかけて全六回を予定。

＜第三回＞
2020年8月15日（土）19:00～
GUEST：まあたそ
https://www.youtube.com/channel/UCxlsYyeri8MOpap3w3JbWSQ

*お便り募集中！
下記メールアドレスにラジオネーム／Reol・まあたそへのメッセージや質問を添えてお送り下さい。
reol_cp＠ve.jvcmusic.co.jp


■リリース情報
配信シングル「第六感」2020年7月29日発売
※「BOAT RACE 2020」TVCMイメージソング
https://jvcmusic.lnk.to/reol_thesixthsense

Reol – 第六感 / THE SIXTH SENSE Music Video
https://youtu.be/Ue6VQTcKPQo

■生配信ライヴ情報
YouTube Live 「Reol Japan Tour 2020 ハーメルンの大号令 –接続編– 」
配信日時：2020年8月16日（日）19:00～ 
配信URL： https://youtu.be/xjAQin0gZsU
詳細はこちら：https://www.jvcmusic.co.jp/reol/live_streaming/japanese/
※アーカイブやリピート配信は予定なし
※TICKET FREE


■まあたそ Information
「まあたそｘハンギョドン」　コラボグッズ＜第2弾＞
8月17日(月)18:00〜FANZにて販売開始
https://fanz.shop/creator/m591ts

#Reol #第六感 #ArtistOnTheRise #Reol6 #YouTubemusic #TheSixthSense #BOATRACE2020 #まあたそ",https://i.ytimg.com/vi/sThaAp2DuZE/default.jpg,https://www.youtube.com/watch?v=sThaAp2DuZE
XKOtUV_7izo,Reol - 第六感 / THE SIXTH SENSE Lyric Video,2020-08-10 10:00:07+00:00,2026-03-05T01:55:21.308241,3809337,46236,772,PT3M15S,195,False,False,False,none,"■「第六感 / THE SIXTH SENSE」配信リンクはこちらから(Streaming here)：https://jvcmusic.lnk.to/reol_thesixthsense

第六感 / THE SIXTH SENSE　「BOAT RACE 2020」イメージソング

Lyrics：Reol　Music：Reol,Giga　Arranged：Giga

いつか観ていた映画の中みたい
工事中の駅前　空へ背伸びしていくビルディング

ヒールが鳴らすリズムと命の音が揃う
あたしはまだ未完成で不完全
起死回生のハウトゥー　知ってるの

今が一番若いの　第六感、六感またがって
今日は年甲斐ないことしたいの
予定にないこと　第六感、六感おしえて
物足りないの　引き合いたいよ　偶然とハートしたい

 
さぁおいでませ誰彼（I got it）
道連れ世は情け（I got it）
ご覧召しませ　この手立て
弱さ凌ぐ一手　賢さにあり

いつか話した予想とは違っているものさ
そんな悲しまないでいいよ

今が一番早いの　第六感、六感あやかって
疾走るハート嘘はつけないよ
台詞にない言葉　交換、交換おしえて
そうくだらないを　言い合いたい　特別を感じたい


産声をあげた日は理由もなく泣いていたのに
今僕ら　泣くことすらうまくできずに
されどしかと死守せよ　品格と真似できぬプライドを
せーので手放せよ　感覚で胸を打つものそれ以外を

Crazy about this thing.

今が一番若いの　第六感、六感またがって
今日は年甲斐ないことしたいの
予定にないこと　第六感、六感おしえて

おしえて、おしえて

今最高潮なんです！　第六感、六感またがって
このまま何処までいけるの
途方も無いままで　六感、六感おしえて
もう揺るがないこの速度は　そう偶然とハートしたい


[Lyrics MV CREDIT]
Director：お菊

■リリース情報
配信シングル「第六感」2020年7月29日発売
※「BOAT RACE 2020」TVCMイメージソング
https://jvcmusic.lnk.to/reol_thesixthsense

■生配信ライヴ情報
YouTube Live 「Reol Japan Tour 2020 ハーメルンの大号令 –接続編– 」
配信日時：2020年8月16日（日）19:00～ 
配信URL： https://youtu.be/xjAQin0gZsU
詳細はこちら：https://www.jvcmusic.co.jp/reol/live_streaming/japanese/
※アーカイブやリピート配信は予定なし
※TICKET FREE

#Reol #第六感 #ArtistOnTheRise #Reol6 #YouTubemusic #TheSixthSense #BOATRACE2020",https://i.ytimg.com/vi/XKOtUV_7izo/default.jpg,https://www.youtube.com/watch?v=XKOtUV_7izo
LPNT1MbJSu0,Reol - 第六感ラジオ Part.2,2020-08-07 13:38:44+00:00,2026-03-05T01:55:21.308257,94376,3117,62,PT1H26M44S,5204,False,False,False,none,"Reol　「第六感ラジオ」

新曲「第六感」の発売を記念して、ラジオ番組がスタート！！ 曲タイトル「第六感」にかけて全六回を予定。

＜第ニ回＞
2020年8月7日(金）　21:00～
GUEST：MIKEY（東京ゲゲゲイ）
https://www.tokyogegegay.com/

*お便り募集中！
下記メールアドレスにラジオネーム／Reol・MIKEYさんへのメッセージや質問を添えてお送り下さい。
reol_cp＠ve.jvcmusic.co.jp


■リリース情報
配信シングル「第六感」2020年7月29日発売
※「BOAT RACE 2020」TVCMイメージソング
https://jvcmusic.lnk.to/reol_thesixthsense

Reol – 第六感 / THE SIXTH SENSE Music Video
https://youtu.be/Ue6VQTcKPQo

■ライブ情報
8月16日(日)　無観客ライヴ 「Reol Japan Tour 2020 ハーメルンの大号令 –接続編-」＠YouTube

■東京ゲゲゲイ Information
・Newシングル「BLACK LIP」デジタル配信&MV公開！

配信リリース：8月8日(土)0時　
Music Video：8月8日(土)21時〜YouTubeプレミア公開
ティザー動画：https://youtu.be/6AlHZeowj3w

・PARCO produce 東京ゲゲゲイ歌劇団vol.IV『キテレツメンタルワールド』開催
https://www.tokyogegegay.com/special/kiteretsumentalworld/tour.php

東京公演のゲストはコチラ ＞＞
https://www.tokyogegegay.com/news/?id=120

#Reol #第六感 #ArtistOnTheRise #Reol6 #YouTubemusic #TheSixthSense #BOATRACE2020 #東京ゲゲゲイ",https://i.ytimg.com/vi/LPNT1MbJSu0/default.jpg,https://www.youtube.com/watch?v=LPNT1MbJSu0
bixM1Es7WwU,"Reol - 第六感 / THE SIXTH SENSE ""MV EXPLAINED""",2020-08-02 11:00:16+00:00,2026-03-05T01:55:21.308271,296972,9170,547,PT3M35S,215,False,False,False,none,"新曲「第六感」のミュージックビデオをReolが解説！

■リリース情報
配信シングル「第六感」2020年7月29発売
「BOAT RACE 2020」TVCMイメージソング
https://jvcmusic.lnk.to/reol_thesixthsense

Reol – 第六感 / THE SIXTH SENSE Music Video
https://youtu.be/Ue6VQTcKPQo

■Official Site 
http://reol.jp 

■Twitter 
Reol： https://twitter.com/rrreol 
Reol Official： https://twitter.com/rrreol_official


#Reol #第六感 #ArtistOnTheRise #Reol6 #YouTubemusic #TheSixthSense #BOATRACE2020",https://i.ytimg.com/vi/bixM1Es7WwU/default.jpg,https://www.youtube.com/watch?v=bixM1Es7WwU
AlUjb5OWenc,Reol - Making of '第六感' part.2,2020-08-01 11:00:02+00:00,2026-03-05T01:55:21.308283,147401,4763,227,PT3M22S,202,False,False,False,none,"新曲「第六感」ミュージックビデオのメイキング映像 Part2 公開！


■リリース情報
配信シングル「第六感」2020年7月29発売
「BOAT RACE 2020」TVCMイメージソング
https://jvcmusic.lnk.to/reol_thesixthsense

Reol – 第六感 / THE SIXTH SENSE Music Video
https://youtu.be/Ue6VQTcKPQo

■Official Site 
http://reol.jp 

■Twitter 
Reol： https://twitter.com/rrreol 
Reol Official： https://twitter.com/rrreol_official


#Reol #第六感 #ArtistOnTheRise #Reol6 #YouTubemusic #TheSixthSense #BOATRACE2020",https://i.ytimg.com/vi/AlUjb5OWenc/default.jpg,https://www.youtube.com/watch?v=AlUjb5OWenc
gRDJKejaqoc,Reol - 第六感ラジオ Part.1,2020-07-31 13:26:23+00:00,2026-03-05T01:55:21.308295,152259,5950,132,PT1H20M3S,4803,False,False,False,none,"Reol　「第六感ラジオ」

新曲「第六感」の発売を記念して、ラジオ番組がスタート！！ 曲タイトル「第六感」にかけて全六回を予定。

＜第一回＞
2020年7月31日(金）　21:00～
GUEST：石田スイ

■リリース情報
配信シングル「第六感」2020年7月29日発売
※「BOAT RACE 2020」TVCMイメージソング
https://jvcmusic.lnk.to/reol_thesixthsense
  
■ライブ情報
8月16日(日)　無観客ライヴ 「Reol Japan Tour 2020 ハーメルンの大号令 –接続編-」＠YouTube

#Reol #第六感 #ArtistOnTheRise #Reol6 #YouTubemusic #TheSixthSense #BOATRACE2020",https://i.ytimg.com/vi/gRDJKejaqoc/default.jpg,https://www.youtube.com/watch?v=gRDJKejaqoc
0UB4nlq8tY4,Reol - Making of '第六感' part.1,2020-07-30 11:00:00+00:00,2026-03-05T01:55:21.308308,110019,5529,243,PT3M38S,218,False,False,False,none,"新曲「第六感」ミュージックビデオのメイキング映像 Part1 公開！

■リリース情報
配信シングル「第六感」2020年7月29発売
「BOAT RACE 2020」TVCMイメージソング
https://jvcmusic.lnk.to/reol_thesixthsense

■Reol – 第六感 / THE SIXTH SENSE Music Video
https://youtu.be/Ue6VQTcKPQo
                                                           　
■Official Site 
http://reol.jp 

■Twitter 
Reol： https://twitter.com/rrreol 
Reol Official： https://twitter.com/rrreol_official

#Reol #第六感 #ArtistOnTheRise #Reol6 #YouTubemusic #TheSixthSense #BOATRACE2020",https://i.ytimg.com/vi/0UB4nlq8tY4/default.jpg,https://www.youtube.com/watch?v=0UB4nlq8tY4
EGvwatioNQo,Reol - Artist On The Rise Spot Movie,2020-07-28 16:33:17+00:00,2026-03-05T01:55:21.308327,825970,11409,402,PT16S,16,False,True,False,none,"YouTubeが話題のアーティストを紹介するキャンペーン「 Artist On The Rise 」に Reolが決定！

■Reol
1993年11月9日生まれ。シンガーソングライターであり、自身のアーティスト活動全般をセルフ・プロデュースするマルチ・クリエイター。
2018年、“Reol”名義で活動を開始。
1stフルアルバム「事実上」をリリース後、アジアを含め全9都市を回る大規模なツアーを開催し大成功を収め、翌年リリースした「文明EP」はiTunes総合チャート1位・オリコン初登場7位と自身最高位を記録した。
2020年1月には「App Store」のCMに起用された楽曲「HYPE MODE」が収録された最新アルバム「金字塔」を発売し、同年7月YouTubeがグローバル規模で実施するキャンペーン “Artist On The Rise” に日本人女性アーティストとして初選出。
7月29日にボートレースCMソング「第六感」を配信リリース。8月16日には、初の無観客ライヴ「Reol Japan Tour 2020 ハーメルンの大号令 -接続編-」がYouTubeで生配信。
現在、YouTube登録者数は110万人を突破。総再生回数は4億回を超え、国内外から人気を集めている。

■リリース情報
Digital Single「第六感」
2020.7.29 Release
*「BOAT RACE 2020」TVCMイメージソング
*ストリーミングサービスおよびiTunes Store、レコチョク、moraなど主要ダウンロードサービスにて配信！
https://jvcmusic.lnk.to/reol_thesixthsense

■Music Video
Reol - 第六感 / THE SIXTH SENSE Music Video
https://youtu.be/Ue6VQTcKPQo

■Information
[Official Site]
http://reol.jp
[Twitter]
Reol： https://twitter.com/rrreol
Reol Official： https://twitter.com/rrreol_official

#Reol #第六感 #ArtistOnTheRise #Reol6 #YouTubemusic #TheSixthSense #BOATRACE2020",https://i.ytimg.com/vi/EGvwatioNQo/default.jpg,https://www.youtube.com/watch?v=EGvwatioNQo
Ue6VQTcKPQo,Reol - '第六感 / THE SIXTH SENSE' Music Video,2020-07-28 15:00:11+00:00,2026-03-05T01:55:21.308347,81497686,777846,18257,PT3M15S,195,False,False,False,none,"■New release
\\\2021.12.15 miniAL「第六感」OUT

▽Listen Here / DL & Streaming
https://jvcmusic.lnk.to/THE_SIXTH_SENSE
▽全曲視聴XFD
https://youtu.be/xIM3Kh6_q2A

「BOAT RACE 2020」イメージソング

\\\ MV CREDIT
Director：番場秀一 MAZRI Inc
Special Guest：東京ゲゲゲイ

Music by Reol,Giga
Lyrics by Reol
Sound Produced by Giga


いつか観ていた映画の中みたい
工事中の駅前　空へ背伸びしていくビルディング

ヒールが鳴らすリズムと命の音が揃う
あたしはまだ未完成で不完全
起死回生のハウトゥー　知ってるの

今が一番若いの　第六感、六感またがって
今日は年甲斐ないことしたいの
予定にないこと　第六感、六感おしえて
物足りないの　引き合いたいよ　偶然とハートしたい

 
さぁおいでませ誰彼（I got it）
道連れ世は情け（I got it）
ご覧召しませ　この手立て
弱さ凌ぐ一手　賢さにあり

いつか話した予想とは違っているものさ
そんな悲しまないでいいよ

今が一番早いの　第六感、六感あやかって
疾走るハート嘘はつけないよ
台詞にない言葉　交換、交換おしえて
そうくだらないを　言い合いたい　特別を感じたい


産声をあげた日は理由もなく泣いていたのに
今僕ら　泣くことすらうまくできずに
されどしかと死守せよ　品格と真似できぬプライドを
せーので手放せよ　感覚で胸を打つものそれ以外を

Crazy about this thing.

今が一番若いの　第六感、六感またがって
今日は年甲斐ないことしたいの
予定にないこと　第六感、六感おしえて

おしえて、おしえて

今最高潮なんです！　第六感、六感またがって
このまま何処までいけるの
途方も無いままで　六感、六感おしえて
もう揺るがないこの速度は　そう偶然とハートしたい


\\\ リリース情報
初ライヴ映像集12月23日発売
「Reol LIVE 2019-2020 ハーメルンの大号令 / 侵攻アップグレード」
収録内容、ご予約はこちら：https://www.reol.jp/news/?id=10294

\\\ ライブ情報
YouTube Live 「Reol Japan Tour 2020 ハーメルンの大号令 -接続編-」
配信日時：2020年8月16日(日) 19:00～
※アーカイブやリピート配信は予定なし　※TICKET FREE
詳細はこちら：https://www.jvcmusic.co.jp/reol/live_streaming/japanese/

Reol Japan Tour 2020 ハーメルンの大号令 –接続編– SET LIST
https://jvcmusic.lnk.to/Reol_20200816　
　　　　　　　　　　　　　　　                                    　　　　　　　　　　　　　　　　　　　　　　　　　　　　　　　　　　　　　　　　　　　　
#Reol #第六感 #ArtistOnTheRise #Reol6 #YouTubemusic #TheSixthSense #BOATRACE2020",https://i.ytimg.com/vi/Ue6VQTcKPQo/default.jpg,https://www.youtube.com/watch?v=Ue6VQTcKPQo
OC_FvydWZGc,Reol - 第六感オンライン試聴会,2020-07-27 10:36:19+00:00,2026-03-05T01:55:21.308361,225105,8094,240,PT33M39S,2019,False,False,False,none,"2020年7月27日　19:00～
Reol と一緒に新曲を試聴する「第六感オンライン試聴会」を生配信！
配信時はチャットボックスも開放されるので、ぜひリアルタイムでを感想を聞かせてください。
 
 
■リリース情報
Digital Single「第六感」
2020.7.29 Release
 
*「BOAT RACE 2020」TVCMイメージソング
*ストリーミングサービスおよびiTunes Store、レコチョク、moraなど主要ダウンロードサービスにて配信！
 
 
【Reol – 第六感 / THE SIXTH SENSE Music Video】
※7月29日(水)00:00よりプレミア公開
https://youtu.be/Ue6VQTcKPQo


#Reol #第六感 #ArtistOnTheRise #Reol6 #YouTubemusic #TheSixthSense #BOATRACE2020
 
■Official Site
http://reol.jp
 
■Twitter
Reol： https://twitter.com/rrreol
Reol Official： https://twitter.com/rrreol_official",https://i.ytimg.com/vi/OC_FvydWZGc/default.jpg,https://www.youtube.com/watch?v=OC_FvydWZGc
zMcmrrOtGbI,Reol – 第六感 /THE SIXTH SENSE Teaser Movie Part2,2020-07-27 03:00:12+00:00,2026-03-05T01:55:21.308375,111192,5713,252,PT28S,28,False,True,False,none,"Reol – 第六感 /THE SIXTH SENSE Teaser Movie Part2

「BOAT RACE 2020」TVCMイメージソング

■リリース情報
Digital Single「第六感」
2020.7.29 Release
ストリーミングサービスおよびiTunes Store、レコチョク、moraなど主要ダウンロードサービスにて配信！

【Reol – 第六感オンライン試聴会】
※7月27日(月)19:00スタート！
https://youtu.be/OC_FvydWZGc

【Reol – 第六感 / THE SIXTH SENSE Music Video】
※7月29日(水)00:00よりプレミア公開
https://youtu.be/Ue6VQTcKPQo

■Official Site
http://reol.jp

■Twitter
Reol： https://twitter.com/rrreol
Reol Official： https://twitter.com/rrreol_official

#Reol #第六感 #ArtistOnTheRise #Reol6 #YouTubemusic #TheSixthSense #BOATRACE2020",https://i.ytimg.com/vi/zMcmrrOtGbI/default.jpg,https://www.youtube.com/watch?v=zMcmrrOtGbI
xmveCjFDS7k,Reol – 第六感 / THE SIXTH SENSE Teaser Movie,2020-06-28 15:10:47+00:00,2026-03-05T01:55:21.308387,320885,15742,741,PT24S,24,False,True,False,none,"Reol – 第六感 / THE SIXTH SENSE Teaser Movie

「BOAT RACE2020」TVCM楽曲

#Reol #第六感 #ArtistOnTheRise #Reol6 #YouTubemusic #TheSixthSense #BOATRACE2020

■Official Site
http://reol.jp

■Twitter
Reol： https://twitter.com/rrreol
Reol Official： https://twitter.com/rrreol_official

#Reol #第六感 #ArtistOnTheRise #Reol6 #YouTubemusic #TheSixthSense #BOATRACE2020",https://i.ytimg.com/vi/xmveCjFDS7k/default.jpg,https://www.youtube.com/watch?v=xmveCjFDS7k
Mx2TMt8xLxk,[MV] Reol - '1LDK' Music Video,2020-03-21 14:00:11+00:00,2026-03-05T01:55:21.308442,2347619,43475,1003,PT4M3S,243,False,False,False,none,"\\\ Stream & Download
https://jvcmusic.lnk.to/Reol_Kinjitou

\\\ MV CREDIT
Director：番場秀一 MAZRI.inc
Starring：Reol
Dancer：根本紳平

1LDK
Music＆Lyrics：Reol
Arranged：Giga

新聞の一面に　僕の名前見出しで
あんたの気を惹きたい
今日じゃないと　絶対だめなんだよ
黄色い線の上　ギリギリのステップで踊っている
うまいこと染まれないよ　借りもんの個性的じゃ失点

面倒事にノックダウン　一人暮らしはまあキツいです
表参道から松濤　僕はダンサーインザダーク
安月給で惨敗　まだ工事終わんないし

好き嫌い　大都会

イヤフォンの向こうで　歌う声に焦がれている
劣等感、厭世的な気分で朝を待って
こんな思いを知っても　鼓膜の上であなたが
クソみたいな現実を一瞬光らせるから、超越した


ねぇ、表は危ないよ
センセーションなんざくそ喰らえだろ
あんたの卓越は若さやお金じゃはかれないのに
名声を強請って　無いもの見栄張ってる

着飾るばかり　都会

イヤフォンの向こうで　叫ぶ声に正されている
嫌悪感、肯定できない僕が嫌になって
こんな思いになって尚　""なんとか""を保てるのは
嘘みたいな理想の何処かあなたがいるから、超越してよ


五線譜の上のさばる本音　折れそうな僕は神頼みだ
本当は何も願っていない　うつった癖が直らない
芸術なんて音楽なんて歌をうたったからなんだって
絵を描いたって足しにならないから辞めちまえば

芸術なんて音楽なんて音楽なんて音楽なんて
音楽なんて音楽なんて音楽なんて　もうくたばれ
芸術なんて音楽なんてどうせいなくなって
価値をつけて選ばれなくて

憧れだけ


イヤフォンの向こうで　歌う声に焦がれている
劣等感、厭世的な気分で朝を待って　
こんな思いを知っても　鼓膜の上であなたと
クソみたいな現実から高飛びして

イヤフォンの向こうへ　三分と少しの間だけ
全能感、革命的な気分でいさせて
そういつだって指先ひとつで　""再生""
ありふれた生活に　殴り込んだあなたが
クソみたいな現実を　たった一小節で変えて

超越したの、1LDKで


■リリース情報
アルバム「金字塔」2020年1月22日発売

全曲視聴XFD：https://youtu.be/uY5xJZEOLAc
初回限定盤ライヴ映像Trailer：https://youtu.be/vBckinjlmco

・初回限定盤A
CD＋Blu-ray ¥4,800(税抜) VIZL-1712
・初回限定盤B
CD＋DVD ¥4,300(税抜) VIZL-1713

■ライブ情報
＜「Reol Japan Tour 2020 ハーメルンの大号令」振替公演-＞

・７月11日(土) 東京・LINE CUBE SHIBUYA(渋谷公会堂)　*3月21日分振替公演
開場17:00 / 開演 18:00
全席指定  6,200円(税込)
お問い合わせ  ディスクガレージ（TEL : 050-5533-0888）

・７月30日(木) 愛知・名古屋ダイアモンドホール　*2月29日分振替公演
開場18:00 / 開演 19:00
スタンディング 5,700円(税込)
お問い合わせ サンデーフォークプロモーション（TEL : 052-320-9100）

・8月13日(木)  大阪・なんばHatch　*3月7日分振替公演
開場18:00 / 開演 19:00
1階スタンディング  5,700円(税込)
2階指定席  6,200円(税込)
お問い合わせ  YUMEBANCHI （TEL : 06-6341-3525）

＜■Reol Japan Tour 2020 ハーメルンの大号令 -出港編-　振替公演　※追加公演＞
・８月21日(金)　神奈川・神奈川県民ホール　*4月4日分振替公演
開場18:00　/開演　19:00
全席指定　6,200円(税込)
お問合せ先：キョードー横浜　（045-671-9911）

▼詳細はコチラ 
https://www.reol.jp/schedule/

：：： 

■Official Site 
http://reol.jp 

■Twitter 
Reol： https://twitter.com/rrreol 
Reol Official： https://twitter.com/rrreol_official",https://i.ytimg.com/vi/Mx2TMt8xLxk/default.jpg,https://www.youtube.com/watch?v=Mx2TMt8xLxk
Prr_OU8NEJ4,Reol - ウテナ [Live at 侵攻アップグレード Tokyo],2020-02-26 12:00:11+00:00,2026-03-05T01:55:21.308472,1110452,17456,514,PT3M20S,200,False,False,False,none,"■2020年1月22日発売のアルバム「金字塔」初回盤から「ウテナ [Live at 侵攻アップグレード Tokyo] 」at.新木場STUDIO COASTを公開！

■リリース情報
アルバム「金字塔」2020年1月22日発売

全曲視聴XFD：https://youtu.be/uY5xJZEOLAc
初回限定盤ライヴ映像Trailer：https://youtu.be/vBckinjlmco

・初回限定盤A
CD＋Blu-ray ¥4,800(税抜) VIZL-1712
・初回限定盤B
CD＋DVD ¥4,300(税抜) VIZL-1713

収録内容：
＜CD＞※全形態共通
M1.金字塔
M2.HYPE MODE
M3.ゆーれいずみー
M4.-ムーブのための試奏曲 Nr.4-
M5.ハーメルン
M6.un, deux, trois
M7.insider
M8.ダリ
M9.-ルネの小品 Nr.9-
M10.GRIMOIRE
M11.1LDK

＜Blu-ray / DVD＞
 LIVE 2019 侵攻アップグレード at 新木場STUDIO COAST　
・ウテナ
・ゆーれいずみー
・真空オールドローズ
・たい
・劣等上等
・染

＜Music Video＞
・ウテナ
・失楽園
・ゆーれいずみー
・Making

■配信情報
2nd Full Album『金字塔』
配信日：2020年1月22日

ストリーミングサービスおよびiTunes Store、レコチョク、moraなど主要ダウンロードサービスにて1月22日より配信
https://jvcmusic.lnk.to/Reol_Kinjitou

※音楽ストリーミングサービス：Apple Music、LINE MUSIC、Amazon Music Unlimited、AWA、KKBOX、Rakuten Music、RecMusic、Spotify、YouTube Music
※ミュージックビデオはApple Music、YouTube Music、RecMusic、dTVでご覧いただけます。

■ライヴ情報
「Reol Japan Tour 2020 ハーメルンの大号令」

2/29(sat) 愛知・名古屋Diamond Hall
3/7(sat)  大阪・Namba Hatch
3/21(sat) 東京・LINE CUBE SHIBUYA(渋谷公会堂) Thank you SOLD OUT!!
4/4(sat)神奈川・神奈川県民ホール 追加公演決定!!

▼詳細はコチラ 
https://www.reol.jp/schedule/ 


：：： 

■Official Site 
http://reol.jp 

■Twitter 
Reol： https://twitter.com/rrreol 
Reol Official： https://twitter.com/rrreol_official",https://i.ytimg.com/vi/Prr_OU8NEJ4/default.jpg,https://www.youtube.com/watch?v=Prr_OU8NEJ4
K4pUnClQJNA,Reol - ゆーれいずみー / Phanto(me)  [Special Live from YouTube Space Tokyo],2020-02-19 12:00:04+00:00,2026-03-05T01:55:21.308493,651217,15404,512,PT3M56S,236,False,False,False,none,"■2020年1月22日に行われたYouTube Live「""金字塔 リリース記念ライヴ"" from YouTube Space Tokyo」より、「ゆーれいずみー / Phanto(me)」を公開！

■リリース情報
アルバム「金字塔」2020年1月22日発売

全曲視聴XFD：https://youtu.be/uY5xJZEOLAc
初回限定盤ライヴ映像Trailer：https://youtu.be/vBckinjlmco

・初回限定盤A
CD＋Blu-ray ¥4,800(税抜) VIZL-1712
・初回限定盤B
CD＋DVD ¥4,300(税抜) VIZL-1713
・通常盤　
CD only ¥2,800(税抜) VICL-65313

収録内容：
＜CD＞※全形態共通
M1.金字塔
M2.HYPE MODE
M3.ゆーれいずみー
M4.-ムーブのための試奏曲 Nr.4-
M5.ハーメルン
M6.un, deux, trois
M7.insider
M8.ダリ
M9.-ルネの小品 Nr.9-
M10.GRIMOIRE
M11.1LDK

＜Blu-ray / DVD＞
 LIVE 2019 侵攻アップグレード at 新木場STUDIO COAST　
・ウテナ
・ゆーれいずみー
・真空オールドローズ
・たい
・劣等上等
・染

＜Music Video＞
・ウテナ
・失楽園
・ゆーれいずみー
・Making

■配信情報
2nd Full Album『金字塔』
配信日：2020年1月22日

ストリーミングサービスおよびiTunes Store、レコチョク、moraなど主要ダウンロードサービスにて配信中！
https://jvcmusic.lnk.to/Reol_Kinjitou

※音楽ストリーミングサービス：Apple Music、LINE MUSIC、Amazon Music Unlimited、AWA、KKBOX、Rakuten Music、RecMusic、Spotify、YouTube Music
※ミュージックビデオはApple Music、YouTube Music、RecMusic、dTVでご覧いただけます。

■ライヴ情報
「Reol Japan Tour 2020 ハーメルンの大号令」

2/22(sat) 北海道・札幌PANNY LANE24
2/29(sat) 愛知・名古屋Diamond Hall
3/7(sat)  大阪・Namba Hatch
3/21(sat) 東京・LINE CUBE SHIBUYA(渋谷公会堂) Thank you SOLD OUT!!
4/4(sat)神奈川・神奈川県民ホール 追加公演決定!!

▼詳細はコチラ 
https://www.reol.jp/schedule/ 


：：： 

■Official Site 
http://reol.jp 

■Twitter 
Reol： https://twitter.com/rrreol 
Reol Official： https://twitter.com/rrreol_official",https://i.ytimg.com/vi/K4pUnClQJNA/default.jpg,https://www.youtube.com/watch?v=K4pUnClQJNA
15q8GTO69FQ,Reol – HYPE MODE [Special Live from YouTube Space Tokyo],2020-02-12 12:00:00+00:00,2026-03-05T01:55:21.308514,745874,20591,745,PT3M31S,211,False,False,False,none,"■2020年1月22日に行われたYouTube Live「""金字塔 リリース記念ライヴ"" from YouTube Space Tokyo」より、「HYPE MODE」を公開！

■リリース情報
アルバム「金字塔」2020年1月22日発売

全曲視聴XFD：https://youtu.be/uY5xJZEOLAc
初回限定盤ライヴ映像Trailer：https://youtu.be/vBckinjlmco

・初回限定盤A
CD＋Blu-ray ¥4,800(税抜) VIZL-1712
・初回限定盤B
CD＋DVD ¥4,300(税抜) VIZL-1713
・通常盤　
CD only ¥2,800(税抜) VICL-65313

収録内容：
＜CD＞※全形態共通
M1.金字塔
M2.HYPE MODE
M3.ゆーれいずみー
M4.-ムーブのための試奏曲 Nr.4-
M5.ハーメルン
M6.un, deux, trois
M7.insider
M8.ダリ
M9.-ルネの小品 Nr.9-
M10.GRIMOIRE
M11.1LDK

＜Blu-ray / DVD＞
 LIVE 2019 侵攻アップグレード at 新木場STUDIO COAST　
・ウテナ
・ゆーれいずみー
・真空オールドローズ
・たい
・劣等上等
・染

＜Music Video＞
・ウテナ
・失楽園
・ゆーれいずみー
・Making

■配信情報
2nd Full Album『金字塔』
配信日：2020年1月22日

ストリーミングサービスおよびiTunes Store、レコチョク、moraなど主要ダウンロードサービスにて配信中！
https://jvcmusic.lnk.to/Reol_Kinjitou

※音楽ストリーミングサービス：Apple Music、LINE MUSIC、Amazon Music Unlimited、AWA、KKBOX、Rakuten Music、RecMusic、Spotify、YouTube Music
※ミュージックビデオはApple Music、YouTube Music、RecMusic、dTVでご覧いただけます。

■ライヴ情報
「Reol Japan Tour 2020 ハーメルンの大号令」

2/8(sat) 広島・広島CLUB QUATTRO
2/9(sun) 福岡・Drum LOGOS
2/15(sat) 宮城・仙台 Rensa
2/22(sat) 北海道・札幌PANNY LANE24
2/29(sat) 愛知・名古屋Diamond Hall
3/7(sat)  大阪・Namba Hatch
3/21(sat) 東京・LINE CUBE SHIBUYA(渋谷公会堂) Thank you SOLD OUT!!
4/4(sat)神奈川・神奈川県民ホール 追加公演決定!!

▼詳細はコチラ 
https://www.reol.jp/schedule/ 


：：： 

■Official Site 
http://reol.jp 

■Twitter 
Reol： https://twitter.com/rrreol 
Reol Official： https://twitter.com/rrreol_official",https://i.ytimg.com/vi/15q8GTO69FQ/default.jpg,https://www.youtube.com/watch?v=15q8GTO69FQ
55z-WoHtwm4,Reol - 1LDK [Special Live from YouTube  Space Tokyo],2020-01-26 12:00:01+00:00,2026-03-05T01:55:21.308532,1108214,20200,685,PT3M54S,234,False,False,False,none,"■2020年1月22日に行われたYouTube Live「""金字塔 リリース記念ライヴ"" from YouTube Space Tokyo」より、「1LDK」を公開！

■リリース情報
アルバム「金字塔」2020年1月22日発売

全曲視聴XFD：https://youtu.be/uY5xJZEOLAc
初回限定盤ライヴ映像Trailer：https://youtu.be/vBckinjlmco

・初回限定盤A
CD＋Blu-ray ¥4,800(税抜) VIZL-1712
・初回限定盤B
CD＋DVD ¥4,300(税抜) VIZL-1713
・通常盤　
CD only ¥2,800(税抜) VICL-65313

収録内容：
＜CD＞※全形態共通
M1.金字塔
M2.HYPE MODE
M3.ゆーれいずみー
M4.-ムーブのための試奏曲 Nr.4-
M5.ハーメルン
M6.un, deux, trois
M7.insider
M8.ダリ
M9.-ルネの小品 Nr.9-
M10.GRIMOIRE
M11.1LDK

＜Blu-ray / DVD＞
 LIVE 2019 侵攻アップグレード at 新木場STUDIO COAST　
・ウテナ
・ゆーれいずみー
・真空オールドローズ
・たい
・劣等上等
・染

＜Music Video＞
・ウテナ
・失楽園
・ゆーれいずみー
・Making

■配信情報
2nd Full Album『金字塔』
配信日：2020年1月22日

ストリーミングサービスおよびiTunes Store、レコチョク、moraなど主要ダウンロードサービスにて配信中！
https://jvcmusic.lnk.to/Reol_Kinjitou

※音楽ストリーミングサービス：Apple Music、LINE MUSIC、Amazon Music Unlimited、AWA、KKBOX、Rakuten Music、RecMusic、Spotify、YouTube Music
※ミュージックビデオはApple Music、YouTube Music、RecMusic、dTVでご覧いただけます。

■ライヴ情報
「Reol Japan Tour 2020 ハーメルンの大号令」

2/8(sat) 広島・広島CLUB QUATTRO
2/9(sun) 福岡・Drum LOGOS
2/15(sat) 宮城・仙台 Rensa
2/22(sat) 北海道・札幌PANNY LANE24
2/29(sat) 愛知・名古屋Diamond Hall
3/7(sat)  大阪・Namba Hatch
3/21(sat) 東京・LINE CUBE SHIBUYA(渋谷公会堂) Thank you SOLD OUT!!
4/4(sat)神奈川・神奈川県民ホール 追加公演決定!!

▼詳細はコチラ 
https://www.reol.jp/schedule/ 


：：： 

■Official Site 
http://reol.jp 

■Twitter 
Reol： https://twitter.com/rrreol 
Reol Official： https://twitter.com/rrreol_official",https://i.ytimg.com/vi/55z-WoHtwm4/default.jpg,https://www.youtube.com/watch?v=55z-WoHtwm4
JhqtYOnNrTs,[MV] Reol - 'HYPE MODE' Music Video,2020-01-21 15:00:10+00:00,2026-03-05T01:55:21.308555,2250228,50954,1629,PT3M34S,214,False,False,False,none,"\\\ Stream & Download
https://jvcmusic.lnk.to/Reol_Kinjitou

\\\ MV CREDIT
Direction：Reol
Edit：Okiku
Cinematographer & Props：Akiko Isobe

HYPE MODE
Music＆Lyrics：Reol
Music＆Arranged：Giga

人生は無計画　なんでもありのBad girl
退屈いらねぇ　なあそうだろ
真似して歌いなよ

人生は不正確　愛のないやつWack,Wack
あいつの顔　蹴り飛ばして
今は笑ってよう

ほら見なまた世の中が真似する　あたしのセンスと声色
トップモード気にしてろ　やりたいことやるだけだろ
シャットアウト審美眼　わけもわからずに踊りゃいいさ
弾けないギターに群がるミーハー　いいけど
汚い足でそのライン越えないでね

you are Good Girl,yes Good Girl
そのまま死んでいくの？ Good Girl
I'm a Bad Girl そう Bad Girl
何処へでも行けるの Come on now


人生は無計画　なんでもありのBad girl
退屈いらねぇ　なあそうだろ
真似して歌いなよ

人生は不正確　愛のないやつWack,Wack
あいつの顔　蹴り飛ばして
今は笑ってよう


いつもの指輪で完全武装して
夜景の上　歩けばほら
とことん平気　あたしは天下無敵だ

涙をぶーん、とめたげる　一時のブームまた探す
愛が呼ぶ　愛を呼ぶ　愛が呼ぶ　愛を呼ぶ
音に乗るあたしがルールってわかってる？
真似をする　したくなる
したくなる　たまんないっしょ


ya at 東京渋谷
made in どこでもないところ
yes you know that?
beats by Giga おいバカ乗り遅れんな

失うものとか何もないから
あたしは天下無敵なんです

(HYPE MODE　これがHYPE MODE　HYPE MODE)
(HYPE MODE　かなりHYPE MODE)


人生は無計画　なんでもありのBad girl
退屈いらねぇ　なあそうだろ
真似して歌いなよ

人生は不正確　愛のないやつWack,Wack
あいつの顔　蹴り飛ばして
今は笑ってよう

人生は無計画　なんでもありのBad girl
人生は不正確　これがHYPE MODE
楽しい以外いらないよ　無様に踊ってよ

\\\ リリース情報
アルバム「金字塔」2020年1月22日発売

全曲視聴XFD：https://youtu.be/uY5xJZEOLAc
初回限定盤ライヴ映像Trailer：https://youtu.be/vBckinjlmco

・初回限定盤A
CD＋Blu-ray ¥4,800(税抜) VIZL-1712
・初回限定盤B
CD＋DVD ¥4,300(税抜) VIZL-1713

\\\ ライヴ情報
「Reol Japan Tour 2020 ハーメルンの大号令」

2/8(sat) 広島・広島CLUB QUATTRO
2/9(sun) 福岡・Drum LOGOS
2/15(sat) 宮城・仙台 Rensa
2/22(sat) 北海道・札幌PANNY LANE24
2/29(sat) 愛知・名古屋Diamond Hall
3/7(sat)  大阪・Namba Hatch
3/21(sat) 東京・LINE CUBE SHIBUYA(渋谷公会堂) Thank you SOLD OUT!!
4/4(sat)神奈川・神奈川県民ホール 追加公演決定!!

詳細はコチラ
https://www.reol.jp/schedule/ 

：：： 

\\\ Official Site 
http://reol.jp 

\\\ Twitter 
Reol： https://twitter.com/rrreol 
Reol Official： https://twitter.com/rrreol_official",https://i.ytimg.com/vi/JhqtYOnNrTs/default.jpg,https://www.youtube.com/watch?v=JhqtYOnNrTs
sI9p6CP14PM,Reol - 劣等上等 [Live at 侵攻アップグレード Tokyo] Midium ver,2020-01-20 12:00:08+00:00,2026-03-05T01:55:21.308575,8767609,113313,2748,PT2M47S,167,False,False,False,none,"■2020年1月22日発売のアルバム「金字塔」初回盤から「劣等上等 [Live at 侵攻アップグレード Tokyo] Midium ver」at.新木場STUDIO COASTを公開！

■リリース情報
アルバム「金字塔」2020年1月22日発売

全曲視聴XFD：https://youtu.be/uY5xJZEOLAc
初回限定盤ライヴ映像Trailer：https://youtu.be/vBckinjlmco

・初回限定盤A
CD＋Blu-ray ¥4,800(税抜) VIZL-1712
・初回限定盤B
CD＋DVD ¥4,300(税抜) VIZL-1713

収録内容：
＜CD＞※全形態共通
M1.金字塔
M2.HYPE MODE
M3.ゆーれいずみー
M4.-ムーブのための試奏曲 Nr.4-
M5.ハーメルン
M6.un, deux, trois
M7.insider
M8.ダリ
M9.-ルネの小品 Nr.9-
M10.GRIMOIRE
M11.1LDK

＜Blu-ray / DVD＞
 LIVE 2019 侵攻アップグレード at 新木場STUDIO COAST　
・ウテナ
・ゆーれいずみー
・真空オールドローズ
・たい
・劣等上等
・染

＜Music Video＞
・ウテナ
・失楽園
・ゆーれいずみー
・Making

■配信情報
2nd Full Album『金字塔』
配信日：2020年1月22日
iTunes Store特典：『金字塔』オリジナルデジタルブックレット

ストリーミングサービスおよびiTunes Store、レコチョク、moraなど主要ダウンロードサービスにて1月22日より配信
※Apple Music / Spotifyにてアルバム『金字塔』の先行ライブラリ追加、iTunes Storeでは予約注文受付中

▼『金字塔』から収録曲「１LDK」先行配信中！
https://jvcmusic.lnk.to/Reol_Kinjitou

※音楽ストリーミングサービス：Apple Music、LINE MUSIC、Amazon Music Unlimited、AWA、KKBOX、Rakuten Music、RecMusic、Spotify、YouTube Music
※ミュージックビデオはApple Music、YouTube Music、RecMusic、dTVでご覧いただけます。

■ライヴ情報
「Reol Japan Tour 2020 ハーメルンの大号令」

2/8(sat) 広島・広島CLUB QUATTRO
2/9(sun) 福岡・Drum LOGOS
2/15(sat) 宮城・仙台 Rensa
2/22(sat) 北海道・札幌PANNY LANE24
2/29(sat) 愛知・名古屋Diamond Hall
3/7(sat)  大阪・Namba Hatch
3/21(sat) 東京・LINE CUBE SHIBUYA(渋谷公会堂) Thank you SOLD OUT!!
4/4(sat)神奈川・神奈川県民ホール 追加公演決定!!

▼詳細はコチラ 
https://www.reol.jp/schedule/ 


：：： 

■Official Site 
http://reol.jp 

■Twitter 
Reol： https://twitter.com/rrreol 
Reol Official： https://twitter.com/rrreol_official",https://i.ytimg.com/vi/sI9p6CP14PM/default.jpg,https://www.youtube.com/watch?v=sI9p6CP14PM
vBckinjlmco,"Reol 2nd album ""金字塔 / Kinjitou"" Trailer Movie",2020-01-16 12:00:11+00:00,2026-03-05T01:55:21.308594,200067,7988,351,PT2M34S,154,False,False,False,none,"■2020年1月22日発売のアルバム「金字塔」のTrailer Movieを公開！

■リリース情報
アルバム「金字塔」2020年1月22日発売

全曲視聴XFD：https://youtu.be/uY5xJZEOLAc
初回限定盤ライヴ映像Trailer：https://youtu.be/vBckinjlmco

・初回限定盤A
CD＋Blu-ray ¥4,800(税抜) VIZL-1712
・初回限定盤B
CD＋DVD ¥4,300(税抜) VIZL-1713

収録内容：
＜CD＞※全形態共通
M1.金字塔
M2.HYPE MODE
M3.ゆーれいずみー
M4.-ムーブのための試奏曲 Nr.4-
M5.ハーメルン
M6.un, deux, trois
M7.insider
M8.ダリ
M9.-ルネの小品 Nr.9-
M10.GRIMOIRE
M11.1LDK

＜Blu-ray / DVD＞
 LIVE 2019 侵攻アップグレード at 新木場STUDIO COAST　
・ウテナ
・ゆーれいずみー
・真空オールドローズ
・たい
・劣等上等
・染

＜Music Video＞
・ウテナ
・失楽園
・ゆーれいずみー
・Making

■配信情報
2nd Full Album『金字塔』
配信日：2020年1月22日
iTunes Store特典：『金字塔』オリジナルデジタルブックレット

ストリーミングサービスおよびiTunes Store、レコチョク、moraなど主要ダウンロードサービスにて1月22日より配信
※Apple Music / Spotifyにてアルバム『金字塔』の先行ライブラリ追加、iTunes Storeでは予約注文受付中

▼『金字塔』から収録曲「１LDK」先行配信中！
https://jvcmusic.lnk.to/Reol_Kinjitou

※音楽ストリーミングサービス：Apple Music、LINE MUSIC、Amazon Music Unlimited、AWA、KKBOX、Rakuten Music、RecMusic、Spotify、YouTube Music
※ミュージックビデオはApple Music、YouTube Music、RecMusic、dTVでご覧いただけます。

■ライヴ情報
「Reol Japan Tour 2020 ハーメルンの大号令」

2/8(sat) 広島・広島CLUB QUATTRO
2/9(sun) 福岡・Drum LOGOS
2/15(sat) 宮城・仙台 Rensa
2/22(sat) 北海道・札幌PANNY LANE24
2/29(sat) 愛知・名古屋Diamond Hall
3/7(sat)  大阪・Namba Hatch
3/21(sat) 東京・LINE CUBE SHIBUYA(渋谷公会堂) Thank you SOLD OUT!!
4/4(sat)神奈川・神奈川県民ホール 追加公演決定!!

▼詳細はコチラ 
https://www.reol.jp/schedule/ 


：：： 

■Official Site 
http://reol.jp 

■Twitter 
Reol： https://twitter.com/rrreol 
Reol Official： https://twitter.com/rrreol_official",https://i.ytimg.com/vi/vBckinjlmco/default.jpg,https://www.youtube.com/watch?v=vBckinjlmco
uY5xJZEOLAc,"Reol 2nd album ""金字塔 / Kinjitou"" XFDMovie",2020-01-08 03:00:06+00:00,2026-03-05T01:55:21.308613,372966,13063,801,PT5M37S,337,False,False,False,none,"■2020年1月22日発売のアルバム「金字塔」のXFDMovieを公開！

Movie by お菊

■リリース情報
アルバム「金字塔」2020年1月22日発売

・初回限定盤A
CD＋Blu-ray ¥4,800(税抜) VIZL-1712
・初回限定盤B
CD＋DVD ¥4,300(税抜) VIZL-1713

収録内容：
＜CD＞※全形態共通
M1.金字塔
M2.HYPE MODE
M3.ゆーれいずみー
M4.-ムーブのための試奏曲 Nr.4-
M5.ハーメルン
M6.un, deux, trois
M7.insider
M8.ダリ
M9.-ルネの小品 Nr.9-
M10.GRIMOIRE
M11.1LDK

＜Blu-ray / DVD＞
 LIVE 2019 侵攻アップグレード at 新木場STUDIO COAST　
・ウテナ
・ゆーれいずみー
・真空オールドローズ
・たい
・劣等上等
・染

＜Music Video＞
・ウテナ
・失楽園
・ゆーれいずみー
・Making

■配信情報
2nd Full Album『金字塔』
配信日：2020年1月22日
iTunes Store特典：『金字塔』オリジナルデジタルブックレット

ストリーミングサービスおよびiTunes Store、レコチョク、moraなど主要ダウンロードサービスにて1月22日より配信
※Apple Music / Spotifyにてアルバム『金字塔』の先行ライブラリ追加、iTunes Storeでは予約注文受付中

▼『金字塔』から収録曲「１LDK」先行配信中！
https://jvcmusic.lnk.to/Reol_Kinjitou

※音楽ストリーミングサービス：Apple Music、LINE MUSIC、Amazon Music Unlimited、AWA、KKBOX、Rakuten Music、RecMusic、Spotify、YouTube Music
※ミュージックビデオはApple Music、YouTube Music、RecMusic、dTVでご覧いただけます。

■ライヴ情報
「Reol Japan Tour 2020 ハーメルンの大号令」

2/8(sat) 広島・広島CLUB QUATTRO
2/9(sun) 福岡・Drum LOGOS
2/15(sat) 宮城・仙台 Rensa
2/22(sat) 北海道・札幌PANNY LANE24
2/29(sat) 愛知・名古屋Diamond Hall
3/7(sat)  大阪・Namba Hatch
3/21(sat) 東京・LINE CUBE SHIBUYA(渋谷公会堂) Thank you SOLD OUT!!

▼詳細はコチラ 
https://www.reol.jp/schedule/ 


：：： 

■Official Site 
http://reol.jp 

■Twitter 
Reol： https://twitter.com/rrreol 
Reol Official： https://twitter.com/rrreol_official",https://i.ytimg.com/vi/uY5xJZEOLAc/default.jpg,https://www.youtube.com/watch?v=uY5xJZEOLAc
xz_7u96uai0,Reol - 'HYPE MODE' Teaser Movie,2019-12-30 09:00:16+00:00,2026-03-05T01:55:21.308633,353142,17019,840,PT46S,46,False,True,False,none,"■2020年1月22日発売のアルバム「金字塔」より、「HYPE MODE」のティザームービーを公開！

Full Music Video：https://youtu.be/JhqtYOnNrTs

Music＆Lyrics：Reol
Music＆Arranged：Giga
Movie：Reol × お菊 × Akiko Isobe

■リリース情報
アルバム「金字塔」2020年1月22日発売

全曲視聴XFD：https://youtu.be/uY5xJZEOLAc
初回限定盤ライヴ映像Trailer：https://youtu.be/vBckinjlmco

・初回限定盤A
CD＋Blu-ray ¥4,800(税抜) VIZL-1712
・初回限定盤B
CD＋DVD ¥4,300(税抜) VIZL-1713

収録内容：
＜CD＞※全形態共通
M1.金字塔
M2.HYPE MODE
M3.ゆーれいずみー
M4.-ムーブのための試奏曲 Nr.4-
M5.ハーメルン
M6.un, deux, trois
M7.insider
M8.ダリ
M9.-ルネの小品 Nr.9-
M10.GRIMOIRE
M11.1LDK

＜Blu-ray / DVD＞
 LIVE 2019 侵攻アップグレード at 新木場STUDIO COAST　
・ウテナ
・ゆーれいずみー
・真空オールドローズ
・たい
・劣等上等
・染

＜Music Video＞
・ウテナ
・失楽園
・ゆーれいずみー
・Making

■配信情報
2nd Full Album『金字塔』
配信日：2020年1月22日
iTunes Store特典：『金字塔』オリジナルデジタルブックレット

ストリーミングサービスおよびiTunes Store、レコチョク、moraなど主要ダウンロードサービスにて1月22日より配信
※Apple Music / Spotifyにてアルバム『金字塔』の先行ライブラリ追加、iTunes Storeでは予約注文受付中

▼『金字塔』から収録曲「１LDK」先行配信中！
https://jvcmusic.lnk.to/Reol_Kinjitou

※音楽ストリーミングサービス：Apple Music、LINE MUSIC、Amazon Music Unlimited、AWA、KKBOX、Rakuten Music、RecMusic、Spotify、YouTube Music
※ミュージックビデオはApple Music、YouTube Music、RecMusic、dTVでご覧いただけます。

■ライヴ情報
「Reol Japan Tour 2020 ハーメルンの大号令」

2/8(sat) 広島・広島CLUB QUATTRO
2/9(sun) 福岡・Drum LOGOS
2/15(sat) 宮城・仙台 Rensa
2/22(sat) 北海道・札幌PANNY LANE24
2/29(sat) 愛知・名古屋Diamond Hall
3/7(sat)  大阪・Namba Hatch
3/21(sat) 東京・LINE CUBE SHIBUYA(渋谷公会堂) Thank you SOLD OUT!!
4/4(sat)神奈川・神奈川県民ホール 追加公演決定!!

▼詳細はコチラ 
https://www.reol.jp/schedule/ 


：：： 

■Official Site 
http://reol.jp 

■Twitter 
Reol： https://twitter.com/rrreol 
Reol Official： https://twitter.com/rrreol_official",https://i.ytimg.com/vi/xz_7u96uai0/default.jpg,https://www.youtube.com/watch?v=xz_7u96uai0
KK2Bno_GXmk,Reol - 煩悩遊戯 [Live at MADE IN FACTION Tokyo],2019-09-14 00:29:04+00:00,2026-03-05T01:55:21.308647,1885360,25285,777,PT3M15S,195,False,False,False,none,"■発売中の「文明EP」初回限定盤より、「煩悩遊戯」のライヴ映像を公開！

煩悩遊戯 - Music＆Lyrics by Reol

監督：番場秀一
空間映像演出：お菊

■ライヴ情報
「Reol Japan Tour 2020 ハーメルンの大号令」

2/8(sat) 広島・広島CLUB QUATTRO
2/9(sun) 福岡・Drum LOGOS
2/15(sat) 宮城・仙台 Rensa
2/22(sat) 北海道・札幌PANNY LANE24
2/29(sat) 愛知・名古屋Diamond Hall
3/7(sat)  大阪・Namba Hatch
3/21(sat) 東京・LINE CUBE SHIBUYA(渋谷公会堂) Thank you SOLD OUT!!
4/4(sat)神奈川・神奈川県民ホール 追加公演決定!!


▼詳細はコチラ 
https://www.reol.jp/schedule/ 

：：： 

■Official Site 
http://reol.jp 

■Twitter 
Reol： https://twitter.com/rrreol 
Reol Official： https://twitter.com/rrreol_official",https://i.ytimg.com/vi/KK2Bno_GXmk/default.jpg,https://www.youtube.com/watch?v=KK2Bno_GXmk
3mUXwYx1CQs,[MV] Reol - 'ゆーれいずみー / Phanto(me)' Music Video,2019-08-20 10:00:01+00:00,2026-03-05T01:55:21.308669,6559394,95409,2080,PT4M7S,247,False,False,False,none,"\\\ Stream & Download
https://jvcmusic.lnk.to/Reol_Kinjitou

""金字塔""XFD：https://youtu.be/uY5xJZEOLAc
""金字塔""初回盤LIVE TRAILER：https://youtu.be/vBckinjlmco

\\\ MV CREDIT
Director：Jun Tamukai(CONNECTION)

ゆーれいずみー  Phanto(me)
Music：Giga,Reol
Lyrics：Reol 

ねぇ僕死んじゃったんかな
辟易とする浮世もポイ
なんでもインスタント
つまらんアヴァロン
右向け右する頭をポイ

似たり寄ったりおんなじ快楽
愛想笑い共感のドラッグ
骨も残らん満身創痍で！
中には誰もいないみたい

犯人が不在のミステリー
重版出来　お粗末なパロディ
巡り逢ひて別れて　さあ川を渡っておいで
四苦八苦ない世界へ　幽霊さん

ばいばい、無に還して

うらめしや　あんたからだ
シラフで飛べなきゃ嘘じゃんか
うらめしや　お互い様さ
真夜中三時に逢いたいなあ


ずっと見ていたよ　まるで恋だもん
好き嫌い違いはミリ
曖昧なミーマインはふらふらあ
彷徨う魂　生き血が一番恐ろしいな
on the 枕元　並ぶ君の顔

隠したい過去と成し得たい未来
甘い辛いは交互に
人の娯楽にはうってつけ
取って代わる世相のヒステリー

美味しく食べたいな　そんで笑いたいな
生き？息？もうギリギリ　ほうら聞こえた

うらめしや　あんたからだ
世に憚れ　一回きりじゃんか
うらめしや　お互い様さ
墓まで持ってけ大事なら

さあさ　歌え


ゆーれいずみー　のー　れいずみー
添加物満載　カラスが鳴いても還れない
ゆーれいずみー　そう　れいずみー
足んない愛搭載　そのからだ僕のもの

奪って　飽きたらポイして
いらっしゃーせ　かんたん売買
めんそーれ！これで幸せ、幸せだよ

誰でしょう　わかるかな
はやく気付いて　そう君だよ　

ya ya 死にたくなけりゃその手を上に
ポルターガイスト　ウィルオウィスプ
馬鹿な魂が淫らに食い付く
それだんだん　カウントダウン
ひふみよ　嗚呼

うらめしや　あんたからだ
シラフで飛べなきゃ嘘じゃんか
うらめしや　お互い様さ
真夜中三時に逢いたいなあ

うらめしや　あんたからだ
世に憚れ　一回きりじゃんか
うらめしや　お互い様さ
墓まで持ってけ大事なら


\\\ リリース情報
アルバム「金字塔」2020年1月22日発売

・初回限定盤A
CD＋Blu-ray ¥4,800(税抜) VIZL-1712
・初回限定盤B
CD＋DVD ¥4,300(税抜) VIZL-1713

\\\ ライヴ情報
「Reol Japan Tour 2020 ハーメルンの大号令」

2/8(sat) 広島・広島CLUB QUATTRO
2/9(sun) 福岡・Drum LOGOS
2/15(sat) 宮城・仙台 Rensa
2/22(sat) 北海道・札幌PANNY LANE24
2/29(sat) 愛知・名古屋Diamond Hall
3/7(sat)  大阪・Namba Hatch
3/21(sat) 東京・LINE CUBE SHIBUYA(渋谷公会堂) Thank you SOLD OUT!!
4/4(sat)神奈川・神奈川県民ホール 追加公演決定!!

詳細はコチラ 
https://www.reol.jp/schedule/ 

\\\ Official Site 
http://reol.jp 

\\\ Twitter 
Reol： https://twitter.com/rrreol 
Reol Official： https://twitter.com/rrreol_official",https://i.ytimg.com/vi/3mUXwYx1CQs/default.jpg,https://www.youtube.com/watch?v=3mUXwYx1CQs
EWj1F_gLB1Y,Reol - 'ゆーれいずみー' Teaser Movie,2019-07-23 14:58:15+00:00,2026-03-05T01:55:21.308686,234340,12860,406,PT1M17S,77,False,False,False,none,"■Reol New Single「ゆーれいずみー」 2019.07.24 Release!!

Digital：https://jvcmusic.lnk.to/reol_phantome 

Music：Giga,Reol
 Lyrics：Reol 
Trailer Movie：お菊

：：：

来年2020年初頭リリース予定のアルバムから、サマー・アンセム「ゆーれいずみー」を配信リリース！ 

タイトルの「ゆーれいずみー」とは、“私は幽霊”という[幽霊 is me]と“あなたのおかげ”という意味を持つ[You raise me]とのダブルミーニングになっており、マジョリティに殺されていく自我を歌っている。 ギガと共作されたサウンドはアップビートでReol史上最もキャッチーな楽曲に仕上がった。 

：：： 

■リリース情報 
Digital Single「ゆーれいずみー」 

iTunes Storeほか主要配信サイト、LINE MUSIC、Apple Music、dヒッツほか定額制聴き放題サービスで配信スタート！ 
https://jvcmusic.lnk.to/reol_phantome 

■ライヴ情報　NEW!!
「Reol Oneman Live 2019」 

＜大阪公演＞ 
日時：10月6日(sun) 17:00 OPEN / 18:00 START 
会場：大阪 松下IMPホール 

＜名古屋公演＞ 
日時：10月11日(fri) 17:30 OPEN / 18:30 START 
会場：名古屋 ReNY limited 

＜東京公演＞ 
日時：10月19日(sat) 17:00 OPEN / 18:00 START 
会場：新木場スタジオコースト 

▼詳細はコチラ 
https://www.reol.jp/schedule/ 

▼ファンクラブ「秘密結社L」にて、チケット最速先行受付中！ 
https://mb.reol.jp/ticket/201910live/ 
受付期間：7月24日(wed) 23:00まで 

：：： 

■Official Site 
http://reol.jp 

■Twitter 
Reol： https://twitter.com/rrreol 
Reol Official： https://twitter.com/rrreol_official",https://i.ytimg.com/vi/EWj1F_gLB1Y/default.jpg,https://www.youtube.com/watch?v=EWj1F_gLB1Y
qSyHAAvbBYs,Reol - 平面鏡 [Live at MADE IN FACTION Tokyo],2019-07-03 09:00:08+00:00,2026-03-05T01:55:21.308705,4636303,85992,2141,PT3M20S,200,False,False,False,none,"■発売中のNew EP「文明EP」の初回限定盤収録「平面鏡」のライブ映像を公開！

平面鏡 - Music＆Lyrics by Reol

歌詞はこちら：https://www.uta-net.com/song/242592/

■ライヴ情報
「Reol Japan Tour 2020 ハーメルンの大号令」

2/8(sat) 広島・広島CLUB QUATTRO
2/9(sun) 福岡・Drum LOGOS
2/15(sat) 宮城・仙台 Rensa
2/22(sat) 北海道・札幌PANNY LANE24
2/29(sat) 愛知・名古屋Diamond Hall
3/7(sat)  大阪・Namba Hatch
3/21(sat) 東京・LINE CUBE SHIBUYA(渋谷公会堂) Thank you SOLD OUT!!

▼詳細はコチラ 
https://www.reol.jp/schedule/ 

■Reol - 文明EP
通常盤CD：CD+ステッカー(初回生産分のみ) ¥1,800(税抜) VICL-65137
初回限定CD+DVD盤：CD+DVD ¥4,500(税抜) VIZL-1542
初回限定CD+Blu-ray盤：CD+Blu-ray ¥5,300(税抜) VIZL-1541 
ファンクラブ限定コンプリート盤：CD+Blu-ray+ライヴフォトブック ¥8,800(税抜) NZS-769 ※予約受付終了

＜CD＞
新規書き下ろし4曲を収録。

- 収録曲 -
01. ウテナ / lyrics: Reol music: Reol,Giga arrange: Giga 
02. たい / lyrics: Reol music: Reol,Giga arrange: Giga
03. シンカロン / lyrics: Reol music: Giga arrange: Giga
04. 失楽園 / lyrics&music:Reol arrange: Giga,Reol

＜DVD/Blu-ray＞
自身初となる映像作品。11月30日にZeppTokyoで開催された全国ツアー「Reol Japan Tour 2018 MADE IN FACTION」のライヴ映像を16曲分収録。オフショット映像には、当日のリハーサルと12月に開催した韓国ライヴの模様を収録。

-収録曲-
01. Intro / 02. サイサキ / 03. 十中八九 / 04. 極彩色 / 05. 真空オールドローズ
06. -MANDARA FACT- / 07. 幽居のワルツ / 08. エンド / 09. ミラージュ
10. 平面鏡 / 11. カルト / 12. 煩悩遊戯 / 13. 宵々古今 / 14. ROXY / 15. 激白
16. No title / 17. 秋映 / 18. オフショット映像（東京公演リハーサル&韓国ツアー）

＜ライヴフォトブック＞
11月30日にZeppTokyoで開催された全国ツアー「Reol Japan Tour 2018 MADE IN FACTION」のライヴ写真を掲載した全64Pのライヴフォトブック。
※ファンクラブ限定コンプリート盤は予約受付終了。

■Official Site
http://reol.jp",https://i.ytimg.com/vi/qSyHAAvbBYs/default.jpg,https://www.youtube.com/watch?v=qSyHAAvbBYs
7xuvTwRhk7o,[MV] Reol - 失楽園 / Lost Paradise Music Video,2019-06-04 14:58:16+00:00,2026-03-05T01:55:21.308723,2700266,44518,1107,PT4M15S,255,False,False,False,none,"\\\ Stream & Download
https://jvcmusic.lnk.to/Reol_Kinjitou

""文明EP""XFD：https://youtu.be/GOWVeAvVawQ
""文明EP""初回盤LIVE TRAILER：https://youtu.be/m3MuL18r_nk
 
\\\ MV CREDIT
Director：Okiku

失楽園 Lost Paradise
Music＆Lyrics：Reol 
Arrange：Giga,Reol

あたしノーベンバーならさわって
用無し、足す　センテンス　繋いで
したくなっちゃうこと大体が
悪いことなんだよ　ごめんね

握ったら終わる洋洋な関係
別に　本性　願望　そうじゃない
馬鹿げてんの　アイノウ、ラララ
清く正しく生きて死ね

都合がいいと不都合ですか？
執着と情　差はどこですか？
賢く老いて　子どもを持てば
床上手ですから愛され給うて

中途半端　立ち入りは禁止
侵しちゃだめ　わかってる倫理
あたし間違えてました
さあ、ご教授ください

強引な手付きでさわってよ
未練なく捨て去ってよ
これ以上もうだめだよ
どうしたって報われないんだよ
わかってるから終わらせてよ

失楽園


今日会えますかフライデー
それとなく偶然を仕込んだら
今更待ったはなしです
あーあ　また破綻しちゃった

その気になってく次第に
もう天国なんかには行けず仕舞い
最高　ライドオン　ダダダ
あたし悪くない　多分

強引な手付きでさわっても
未練だけが残るでしょう
これ以上もうだめだと
そう言ったってやめられないんだよ
ああどうやって終わらせるの

なんでもいいから言い訳を頂戴な
墜落してく果実　似合った赤
背中に回した爪で痕を残して
簡単な一言で片付けないで


強引な手付きでさわってよ
未練なく捨て去ってよ
これ以上立ち入らないで
どうすべきかはわかっているんだよ
わかったから一思いに終わらせてよ

なんでもいいから言い訳を頂戴な
墜落してく果実　似合った赤
背中に回した爪で痕を残して
簡単な一言でハッピーエンドね

不完全同士で愛し合った交配が
産み落とした四苦八苦　祝ったエゴ
あなたに出逢った一致を問い正して
わかんないな　指さして
幸せってどれだった？

誰にも占えないわけは
最初から意味なんかないの

失楽園


\\\ Official Site
http://reol.jp

\\\ Twitter
Reol： https://twitter.com/rrreol
Reol Official： https://twitter.com/rrreol_official",https://i.ytimg.com/vi/7xuvTwRhk7o/default.jpg,https://www.youtube.com/watch?v=7xuvTwRhk7o
GOWVeAvVawQ,"Reol New EP ""文明EP / Bunmei EP"" XFDMovie",2019-03-13 08:58:48+00:00,2026-03-05T01:55:21.308751,205220,8378,355,PT2M31S,151,False,False,False,none,"■3/20発売のNew EP「文明EP」XFDMovieを公開！映像制作は今作も盟友・お菊が担当。

[Lyrics]
01.ウテナ https://www.uta-net.com/song/264849/
02. たい https://www.uta-net.com/song/264848/
03. シンカロン https://www.uta-net.com/song/264847/
04. 失楽園 https://www.uta-net.com/song/264847/

amazon: https://www.amazon.co.jp/dp/B07MWRJM3Z/ref=cm_sw_r_tw_dp_U_x_XIFuCbZVFQ3H3
Worldwide Shipping Available At: http://www.cdjapan.co.jp/product/VIZL-1541

リリースに先駆け、全曲試聴XFDMovieを公開。リード曲「ウテナ」は本日よりiTunesプレオーダー＆先行配信開始。
https://itunes.apple.com/jp/album/id1454210265?app=itunes&ls=1 （プレオーダーURL）
https://jvcmusic.lnk.to/utena （配信URL）

Movied by お菊

Tr1 ウテナ https://youtu.be/aCT5mClB3yM

: : :

■Reol New EP「文明EP / Bunmei EP」2019.03.20 on sale!!

通常盤CD：CD+ステッカー(初回生産分のみ) ¥1,800(税抜) VICL-65137
初回限定CD+DVD盤：CD+DVD ¥4,500(税抜) VIZL-1542
初回限定CD+Blu-ray盤：CD+Blu-ray ¥5,300(税抜) VIZL-1541 
ファンクラブ限定コンプリート盤：CD+Blu-ray+ライヴフォトブック ¥8,800(税抜) NZS-769 ※予約受付終了

amazon：https://www.amazon.co.jp/dp/B07MWRJM3...
Worldwide Shipping Available At：http://www.cdjapan.co.jp/product/VIZL...

＜CD＞
新規書き下ろし4曲を収録。

- 収録曲 -
01. ウテナ / lyrics: Reol   music: Reol,Giga   arrange: Giga 
02. たい / lyrics: Reol   music:  Reol,Giga   arrange: Giga
03. シンカロン / lyrics: Reol   music: Giga   arrange: Giga
04. 失楽園 / lyrics&music:Reol   arrange: Giga,Reol

＜DVD/Blu-ray＞
自身初となる映像作品。11月30日にZeppTokyoで開催された全国ツアー「Reol Japan Tour 2018 MADE IN FACTION」のライヴ映像を16曲分収録。オフショット映像には、当日のリハーサルと12月に開催した韓国公演の模様を収録。

-収録曲-
01. Intro / 02. サイサキ / 03. 十中八九 / 04. 極彩色 / 05. 真空オールドローズ
06. -MANDARA FACT- / 07. 幽居のワルツ / 08. エンド / 09. ミラージュ
10. 平面鏡 / 11. カルト / 12. 煩悩遊戯 / 13. 宵々古今 / 14. ROXY / 15. 激白
16. No title / 17. 秋映 / 18. オフショット映像（東京公演リハーサル&韓国公演）

＜ライヴフォトブック＞
11月30日にZeppTokyoで開催された全国ツアー「Reol Japan Tour 2018 MADE IN FACTION」のライヴ写真を掲載した全64Pのライヴフォトブック。
※ファンクラブ限定コンプリート盤は予約受付終了。

: : :

■Reol Profile

1993年11月9日生まれ。シンガーソングライターであり、自身のアーティスト活動全般をセルフ・プロデュースするマルチ・クリエイター。

2012年頃よりインターネットを通じ音楽制作を始める。2015年、“れをる”名義でアルバム『極彩色』をリリース。この年のオリコン新人アーティストランキングで4位に選ばれる。

2016年、3人組ユニット“REOL”として活動を開始。アルバム『Σ』は、オリコン初登場8位を獲得。2017年10月、ラスト・ライヴ「終楽章」をもって、REOLを解散。

2018年、ソロ“Reol”名義によりCONNECTONEレーベルで活動を開始。10月17日にフルアルバム「事実上」をリリース。アルバム発売後には全国ツアーを国内5都市、アジア4都市で開催。

2019年、待望の新作「文明EP」を発売する。

: : :

■Official Site
http://reol.jp

■Twitter
Reol： https://twitter.com/rrreol
Reol Official： https://twitter.com/rrreol_official",https://i.ytimg.com/vi/GOWVeAvVawQ/default.jpg,https://www.youtube.com/watch?v=GOWVeAvVawQ
aCT5mClB3yM,[MV] Reol - ウテナ / Utena Music Video,2019-02-25 09:00:03+00:00,2026-03-05T01:55:21.308779,5040995,68955,2453,PT3M21S,201,False,False,False,none,"\\\ Stream & Download
https://jvcmusic.lnk.to/Reol_Kinjitou

""文明EP""XFD：https://youtu.be/GOWVeAvVawQ
""文明EP""初回盤LIVE TRAILER：https://youtu.be/m3MuL18r_nk

\\\ MV CREDIT
Director：Atsunori Toushi(A4A)
Starring：Reol
Choreography & Dance：MIKUNANA

ウテナ Utena
Music&Lyrics：Reol
Music&Arrange：Giga

ほらそこに横になって
壊して幾度でも再生
あなたと機械になって
御眼鏡通りさ　浮かぶ理想郷

さぁそこで前に倣え
壊せば幾度でも再生
あなたと機械になって
横文字整列　制御してよ　right now

Utena...
let me say,right now.


物事はすべて　濡れ場から生まれ
還る場所はどこ　特定して位置情報
もう疲れました　別れ話ばっか
上達して進化　僕は今お値打ちなんだ

買ってください一匁
答えを急がせる二問目
ビルの高さ競い合って
豊かな国　笑、笑
どこが上か曖昧だね
答え合わせを　パパママ

ほらそこに横になって
壊して幾度でも再生
あなたと機械になって
御眼鏡通りさ　浮かぶ理想郷

さぁそこで前に倣え
壊せば幾度でも再生
あなたと機械になって
横文字整列　制御してよ　right now

da lalalala...
Utena...
let me say,right now.

ねぇ　ウテナ
シストロンがお利口　ラ・ステラ
進化論　シャングリラの上は？
理屈じゃない遊戯
高い高いして　君は悪い子


交錯する　螺旋の塔はループ
満たし合う　満たされぬままは嫌

嫌　嫌

粗探し　あ　いやらし
次々に舐めとる蜜の味
君が愛しい　高らかに誘われたい

踊る　踊る　今

勝ち気な脳　前人未踏
アダムとイブのフェイバリット
エイトビート　心音が止まるまでのショービズ
要らんもんポイ　恥晒せ
僻事　理不尽だらけ
日毎入れ替わる細胞　僕はどこの子
死ぬまで打ち立てろウテナ　はい堂々

あー動じないな


Utena...
let me say,right now.

ねぇ　ウテナ
シストロンがお利口　ラ・ステラ
進化論　シャングリラの上は？
理屈じゃない遊戯
高い高いして　君は悪い子

さぁ　ウテナ
お目通り願う　ラ・ステラ
メメント　洒落頭　末は
上がる上がるわ

ほら、高い高いして　君は悪い子
高い高いして　僕が悪い子


\\\ MIKUNANA Profile

「KikiRara」としてダンス界で名を馳せた2人が、Vintomから「MIKUNANA」として2018年8月にデビュー。ダンサーとしては様々なコンテストで優勝。若くして数々の賞を受賞しており、人気実力ともに誰もが認める彼女たちが、ダンサーとしてだけではなくアーティストとして幅を広げるため活動をスタート。彼女たち2人の醸し出すCOOLでCUTEな世界観は、ダンサーの枠を超え世界的に高く評価されている。MIKUは「清水翔太」など、数々のアーティストのPVにも出演し、自身もモデルとしても活躍。NANAも今年配信された「Clean Bandit」のPV「Solo」に大抜擢され、YouTubeでは500万回再生を超えるほどの話題を呼んだ。格好良さと可愛らしさの2つの面を持つ、彼女達の世界感溢れる作品は見るものを魅了する。

HP：http://vintom.co.jp/mikunana/
Instagram：https://www.instagram.com/mikunana.official/

\\\ Follow Your Heart & Music Presented by RECRUIT

新たな一歩を踏み出そうとする若者を、音楽の力で応援する
「Follow Your Heart & Music Presented by RECRUIT」
https://www.recruit.co.jp/company/about/involvement/fyhm/

「Follow Your Heart」=「あなたの心に従おう」というリクルートの目指す世界観は、一人ひとり自らの心に従い、他の誰でもない“自分”で選択をすることです。その世界観に共感し、体現しているアーティストとしてReolがこのプロジェクトに参加しました。

\\\ Reol Profile

1993年11月9日生まれ。シンガーソングライターであり、自身のアーティスト活動全般をセルフ・プロデュースするマルチ・クリエイター。2012年頃よりインターネットを通じ音楽制作を始める。2015年、“れをる”名義でアルバム『極彩色』をリリース。この年のオリコン新人アーティストランキングで4位に選ばれる。2016年、3人組ユニット“REOL”として活動を開始。アルバム『Σ』は、オリコン初登場8位を獲得。2017年10月、ラスト・ライヴ「終楽章」をもって、REOLを解散。2018年、ソロ“Reol”名義によりCONNECTONEレーベルで活動を開始。10月17日にフルアルバム「事実上」をリリース。アルバム発売後には全国ツアーを国内5都市、アジア4都市で開催。2019年、待望の新作「文明EP」を発売する。

\\\ Official Site
http://reol.jp

\\\ Twitter
Reol： https://twitter.com/rrreol
Reol Official： https://twitter.com/rrreol_official",https://i.ytimg.com/vi/aCT5mClB3yM/default.jpg,https://www.youtube.com/watch?v=aCT5mClB3yM
Q5mnjmiRLrk,Reol - 激白 [Live at MADE IN FACTION Tokyo],2019-02-14 15:00:02+00:00,2026-03-05T01:55:21.308804,4829333,70016,1992,PT4M8S,248,False,False,False,none,"■Reol New EP「文明EP / Bunmei EP」2019.03.20 on sale!!

激白 - Music＆Lyrics by Reol

Lyrics：https://www.uta-net.com/song/257052/

Digital：https://jvcmusic.lnk.to/jjj
amazon：https://www.amazon.co.jp/dp/B07MWRJM3Z/ref=cm_sw_r_tw_dp_U_x_XIFuCbZVFQ3H3
Worldwide Shipping Available At：http://www.cdjapan.co.jp/product/VIZL-1541

今回のEPは""""通常盤""""に加えて、昨年開催された全国ツアー「Reol Japan Tour 2018 MADE IN FACTION」東京公演の映像が収録された""""初回限定CD+Blu-ray盤""""と""""初回限定CD+DVD盤""""も発売される。2/8に公開された「十中八九」( https://youtu.be/mYRIuZDupME )に続き、ライヴ本編最後の曲である「激白」を先行公開！

自身初となる今回のライヴ映像は「SAIREN」や「激白」のミュージックビデオを手がける番場秀一(MAZRI Inc.)が監督を担当。MV同様、今回も番場監督らしい色鮮やかで独創的な映像作品に仕上がっている。

Director：番場秀一 MAZRI Inc.

また、「激白」のライヴ映像公開と同時に、「文明EP」のチェーン別特典と共通特典が発表となった。今回はコラボアイテム以外の全てを盟友・お菊がデザイン。是非下記のURLから詳細をチェックしてほしい。
https://www.reol.jp/news/?id=10113

: : :

■Reol New EP「文明EP / Bunmei EP」
通常盤CD：CD+ステッカー(初回生産分のみ) ¥1,800(税抜) VICL-65137
初回限定CD+DVD盤：CD+DVD ¥4,500(税抜) VIZL-1542
初回限定CD+Blu-ray盤：CD+Blu-ray ¥5,300(税抜) VIZL-1541 
ファンクラブ限定コンプリート盤：CD+Blu-ray+ライヴフォトブック ¥8,800(税抜) NZS-769 ※予約受付終了

＜CD＞
新規書き下ろし4曲を収録。

- 収録曲 -
01. ウテナ　/　lyrics: Reol   music: Reol,Giga   arrange: Giga 
02. たい　/　lyrics: Reol   music:  Reol,Giga   arrange: Giga
03. シンカロン　/　lyrics: Reol   music: Giga   arrange: Giga
04. 失楽園　/　lyrics&music:Reol   arrange: Giga,Reol


＜DVD/Blu-ray＞
11月30日にZeppTokyoで開催された全国ツアー
「Reol Japan Tour 2018 MADE IN FACTION」のライヴ映像を16曲分収録。オフショット映像には、当日のリハーサルと12月に開催した韓国ライヴの模様を収録。

-収録曲-
01. Intro / 02. サイサキ / 03. 十中八九 / 04. 極彩色 / 05. 真空オールドローズ
06. -MANDARA FACT- / 07. 幽居のワルツ / 08. エンド / 09. ミラージュ
10. 平面鏡 / 11. カルト / 12. 煩悩遊戯 / 13. 宵々古今 / 14. ROXY / 15. 激白
16. No title / 17. 秋映 / 18. オフショット映像（東京公演リハーサル&韓国ツアー）

＜ライヴフォトブック＞
11月30日にZeppTokyoで開催された全国ツアー「Reol Japan Tour 2018 MADE IN FACTION」のライヴ写真を掲載した全64Pのライヴフォトブック。
※ファンクラブ限定コンプリート盤は予約受付終了。

■ライヴ情報
「Reol Japan Tour 2020 ハーメルンの大号令」

2/8(sat) 広島・広島CLUB QUATTRO
2/9(sun) 福岡・Drum LOGOS
2/15(sat) 宮城・仙台 Rensa
2/22(sat) 北海道・札幌PANNY LANE24
2/29(sat) 愛知・名古屋Diamond Hall
3/7(sat)  大阪・Namba Hatch
3/21(sat) 東京・LINE CUBE SHIBUYA(渋谷公会堂) Thank you SOLD OUT!!

▼詳細はコチラ 
https://www.reol.jp/schedule/ 

: : :

■Official Site
http://reol.jp

■Twitter
Reol： https://twitter.com/rrreol
Reol Official： https://twitter.com/rrreol_official",https://i.ytimg.com/vi/Q5mnjmiRLrk/default.jpg,https://www.youtube.com/watch?v=Q5mnjmiRLrk
pZXL3Er9gXU,Reol - 激白 [Live at MADE IN FACTION Tokyo] for Premium,2019-02-14 10:00:05+00:00,2026-03-05T01:55:21.308826,13196,446,32,PT3M58S,238,False,False,False,none,"■Reol New EP「文明EP / Bunmei EP」2019.03.20 on sale!!

【lyrics】
https://www.uta-net.com/song/257052/

https://jvcmusic.lnk.to/jjj

amazon：https://www.amazon.co.jp/dp/B07MWRJM3Z/ref=cm_sw_r_tw_dp_U_x_XIFuCbZVFQ3H3
Worldwide Shipping Available At：http://www.cdjapan.co.jp/product/VIZL-1541

今回のEPは""""通常盤""""に加えて、昨年開催された全国ツアー「Reol Japan Tour 2018 MADE IN FACTION」東京公演の映像が収録された""""初回限定CD+Blu-ray盤""""と""""初回限定CD+DVD盤""""も発売される。2/8に公開された「十中八九」( https://youtu.be/mYRIuZDupME )に続き、ライヴ本編最後の曲である「激白」を先行公開！

自身初となる今回のライヴ映像は「SAIREN」や「激白」のミュージックビデオを手がける番場秀一(MAZRI Inc.)が監督を担当。MV同様、今回も番場監督らしい色鮮やかで独創的な映像作品に仕上がっている。

Director：番場秀一 MAZRI Inc.

また、「激白」のライヴ映像公開と同時に、「文明EP」のチェーン別特典と共通特典が発表となった。今回はコラボアイテム以外の全てを盟友・お菊がデザイン。是非下記のURLから詳細をチェックしてほしい。
https://www.reol.jp/news/?id=10113

: : :

■Reol New EP「文明EP / Bunmei EP」
通常盤CD：CD+ステッカー(初回生産分のみ) ¥1,800(税抜) VICL-65137
初回限定CD+DVD盤：CD+DVD ¥4,500(税抜) VIZL-1542
初回限定CD+Blu-ray盤：CD+Blu-ray ¥5,300(税抜) VIZL-1541 
ファンクラブ限定コンプリート盤：CD+Blu-ray+ライヴフォトブック ¥8,800(税抜) NZS-769 ※予約受付終了

＜CD＞
新規書き下ろし4曲を収録。

- 収録曲 -
01. ウテナ　/　lyrics: Reol   music: Reol,Giga   arrange: Giga 
02. たい　/　lyrics: Reol   music:  Reol,Giga   arrange: Giga
03. シンカロン　/　lyrics: Reol   music: Giga   arrange: Giga
04. 失楽園　/　lyrics&music:Reol   arrange: Giga,Reol


＜DVD/Blu-ray＞
11月30日にZeppTokyoで開催された全国ツアー
「Reol Japan Tour 2018 MADE IN FACTION」のライヴ映像を16曲分収録。オフショット映像には、当日のリハーサルと12月に開催した韓国ライヴの模様を収録。

-収録曲-
01. Intro / 02. サイサキ / 03. 十中八九 / 04. 極彩色 / 05. 真空オールドローズ
06. -MANDARA FACT- / 07. 幽居のワルツ / 08. エンド / 09. ミラージュ
10. 平面鏡 / 11. カルト / 12. 煩悩遊戯 / 13. 宵々古今 / 14. ROXY / 15. 激白
16. No title / 17. 秋映 / 18. オフショット映像（東京公演リハーサル&韓国ツアー）

＜ライヴフォトブック＞
11月30日にZeppTokyoで開催された全国ツアー「Reol Japan Tour 2018 MADE IN FACTION」のライヴ写真を掲載した全64Pのライヴフォトブック。
※ファンクラブ限定コンプリート盤は予約受付終了。

: : :

■Official Site
http://reol.jp

■Twitter
Reol： https://twitter.com/rrreol
Reol Official： https://twitter.com/rrreol_official",https://i.ytimg.com/vi/pZXL3Er9gXU/default.jpg,https://www.youtube.com/watch?v=pZXL3Er9gXU
mYRIuZDupME,Reol - 十中八九 [Live at MADE IN FACTION Tokyo],2019-02-08 08:58:42+00:00,2026-03-05T01:55:21.308851,3176978,37199,1122,PT4M7S,247,False,False,False,none,"■Reol New EP「文明EP / Bunmei EP」2019.03.20 on sale!!

十中八九 - Music by Giga,Lyrics by Reol

Lyrics：https://www.uta-net.com/song/257051/

Digital：https://jvcmusic.lnk.to/jjj
amazon：https://www.amazon.co.jp/dp/B07MWRJM3Z/ref=cm_sw_r_tw_dp_U_x_XIFuCbZVFQ3H3
Worldwide Shipping Available At：http://www.cdjapan.co.jp/product/VIZL-1541

■ライヴ情報
「Reol Japan Tour 2020 ハーメルンの大号令」

2/8(sat) 広島・広島CLUB QUATTRO
2/9(sun) 福岡・Drum LOGOS
2/15(sat) 宮城・仙台 Rensa
2/22(sat) 北海道・札幌PANNY LANE24
2/29(sat) 愛知・名古屋Diamond Hall
3/7(sat)  大阪・Namba Hatch
3/21(sat) 東京・LINE CUBE SHIBUYA(渋谷公会堂) Thank you SOLD OUT!!

▼詳細はコチラ 
https://www.reol.jp/schedule/ 

今回のEPは""""通常盤""""に加えて、昨年開催された全国ツアー「Reol Japan Tour 2018 MADE IN FACTION」東京公演の映像が収録された""""初回限定CD+Blu-ray盤""""と""""初回限定CD+DVD盤""""も発売される。発売に先駆けて、初回限定版に収録される「十中八九」のライヴ映像を先行公開！

自身初となる今回のライヴ映像は「SAIREN」や「激白」のミュージックビデオを手がける番場秀一(MAZRI Inc.)が監督を担当。MV同様、今回も番場監督らしい色鮮やかで独創的な映像作品に仕上がっている。

Director：番場秀一 MAZRI Inc.

: : :

■Reol New EP「文明EP / Bunmei EP」
通常盤CD：CD+ステッカー(初回生産分のみ) ¥1,800(税抜) VICL-65137
初回限定CD+DVD盤：CD+DVD ¥4,500(税抜) VIZL-1542
初回限定CD+Blu-ray盤：CD+Blu-ray ¥5,300(税抜) VIZL-1541 
ファンクラブ限定コンプリート盤：CD+Blu-ray+ライヴフォトブック ¥8,800(税抜) NZS-769 ※予約受付終了

＜CD＞
新規書き下ろし4曲を収録。

Track list
1. ウテナ / Utena
lyrics: Reol   music: Reol,Giga   arrange: Giga
 
2. たい / wanna
lyrics: Reol   music: Reol,Giga   arrange: Giga
 
3. シンカロン / Think Alone
lyrics: Reol   music: Giga   arrange: Giga

4. 失楽園 / Lost Paradise
lyrics&music: Reol   arrange: Giga,Reol


＜DVD/Blu-ray＞
2018年11月30日開催されたZeppTokyo公演から16曲を収録。オフショット映像には、ライヴ当日のリハーサルと2018年12月に開催した韓国公演の模様を収録。

DVD/Blu-ray「Reol Japan Tour 2018 MADE IN FACTION」収録曲
01. Intro
02. サイサキ
03. 十中八九
04. 極彩色
05. 真空オールドローズ
06. -MANDARA FACT-
07. 幽居のワルツ
08. エンド
09. ミラージュ
10. 平面鏡
11. カルト
12. 煩悩遊戯
13. 宵々古今
14. ROXY
15. 激白
16. No title
17. 秋映
18. オフショット映像（東京公演リハーサル&韓国ツアー）


＜フォトブック＞
11月30日にZeppTokyoで開催された全国ツアー「Reol Japan Tour 2018 MADE IN FACTION」のライヴ写真を掲載した全64Pのライヴフォトブック。
※ファンクラブ限定コンプリート盤は予約受付終了。

: : :

■Official Site
http://reol.jp

■Twitter
Reol： https://twitter.com/rrreol
Reol Official： https://twitter.com/rrreol_official",https://i.ytimg.com/vi/mYRIuZDupME/default.jpg,https://www.youtube.com/watch?v=mYRIuZDupME
P1YK0IPfd1w,Reol - 十中八九 [Live at MADE IN FACTION Tokyo]  for Premium,2019-02-07 10:00:02+00:00,2026-03-05T01:55:21.308872,12448,472,22,PT3M57S,237,False,False,False,none,"■Reol New EP「文明EP / Bunmei EP」2019.03.20 on sale!!

https://jvcmusic.lnk.to/jjj

【lyrics】
https://www.uta-net.com/song/257051/

amazon：https://www.amazon.co.jp/dp/B07MWRJM3Z/ref=cm_sw_r_tw_dp_U_x_XIFuCbZVFQ3H3
Worldwide Shipping Available At：http://www.cdjapan.co.jp/product/VIZL-1541

今回のEPは""""通常盤""""に加えて、昨年開催された全国ツアー「Reol Japan Tour 2018 MADE IN FACTION」東京公演の映像が収録された""""初回限定CD+Blu-ray盤""""と""""初回限定CD+DVD盤""""も発売される。発売に先駆けて、初回限定版に収録される「十中八九」のライヴ映像を先行公開！

自身初となる今回のライヴ映像は「SAIREN」や「激白」のミュージックビデオを手がける番場秀一(MAZRI Inc.)が監督を担当。MV同様、今回も番場監督らしい色鮮やかで独創的な映像作品に仕上がっている。

Director：番場秀一 MAZRI Inc.

: : :

■Reol New EP「文明EP / Bunmei EP」
通常盤CD：CD+ステッカー(初回生産分のみ) ¥1,800(税抜) VICL-65137
初回限定CD+DVD盤：CD+DVD ¥4,500(税抜) VIZL-1542
初回限定CD+Blu-ray盤：CD+Blu-ray ¥5,300(税抜) VIZL-1541 
ファンクラブ限定コンプリート盤：CD+Blu-ray+ライヴフォトブック ¥8,800(税抜) NZS-769 ※予約受付終了

＜CD＞
新規書き下ろし4曲を収録。

Track list
1. ウテナ / Utena
lyrics: Reol   music: Reol,Giga   arrange: Giga
 
2. たい / wanna
lyrics: Reol   music: Reol,Giga   arrange: Giga
 
3. シンカロン / Think Alone
lyrics: Reol   music: Giga   arrange: Giga

4. 失楽園 / Lost Paradise
lyrics&music: Reol   arrange: Giga,Reol


＜DVD/Blu-ray＞
2018年11月30日開催されたZeppTokyo公演から16曲を収録。オフショット映像には、ライヴ当日のリハーサルと2018年12月に開催した韓国公演の模様を収録。

DVD/Blu-ray「Reol Japan Tour 2018 MADE IN FACTION」収録曲
01. Intro
02. サイサキ
03. 十中八九
04. 極彩色
05. 真空オールドローズ
06. -MANDARA FACT-
07. 幽居のワルツ
08. エンド
09. ミラージュ
10. 平面鏡
11. カルト
12. 煩悩遊戯
13. 宵々古今
14. ROXY
15. 激白
16. No title
17. 秋映
18. オフショット映像（東京公演リハーサル&韓国ツアー）


＜フォトブック＞
11月30日にZeppTokyoで開催された全国ツアー「Reol Japan Tour 2018 MADE IN FACTION」のライヴ写真を掲載した全64Pのライヴフォトブック。
※ファンクラブ限定コンプリート盤は予約受付終了。

: : :

■Official Site
http://reol.jp

■Twitter
Reol： https://twitter.com/rrreol
Reol Official： https://twitter.com/rrreol_official",https://i.ytimg.com/vi/P1YK0IPfd1w/default.jpg,https://www.youtube.com/watch?v=P1YK0IPfd1w
m3MuL18r_nk,"Reol New EP ""文明EP / Bunmei EP"" Trailer Movie",2019-01-25 08:58:15+00:00,2026-03-05T01:55:21.552158,340983,14681,673,PT2M1S,121,False,False,False,none,"■2019.03.20 wed Reol New EP「文明EP」リリース決定！

「Bunmei EP」03/20 on sale!!
amazon：https://www.amazon.co.jp/dp/B07MWRJM3Z/ref=cm_sw_r_tw_dp_U_x_XIFuCbZVFQ3H3
Worldwide Shipping Available At：http://www.cdjapan.co.jp/product/VIZL-1541

今回のEPは""""通常盤""""に加え、自身初の映像作品となる昨年開催された全国ツアー「Reol Japan Tour 2018 MADE IN FACTION」東京公演の映像が収録された""""初回限定CD+Blu-ray盤""""と""""初回限定CD+DVD盤""""も発売される。発売に先駆けて、Reolの盟友・お菊が制作したトレーラー映像を公開！

自身初となる今回のライヴ映像は「SAIREN」や「激白」のミュージックビデオを手がける番場秀一(MAZRI Inc.)が監督を担当。MV同様、今回も番場監督らしい色鮮やかで独創的な映像作品に仕上がっている。

Director：番場秀一 MAZRI Inc.
Trailer Movie：お菊

：：：

■Reol New EP「文明EP / Bunmei EP」2019.03.20 on sale

通常盤CD：CD+ステッカー(初回生産分のみ)  ¥1,800(税抜) VICL-65137
初回限定CD+DVD盤：CD+DVD ¥4,500(税抜) VIZL-1542
初回限定CD+Blu-ray盤：CD+Blu-ray ¥5,300(税抜) VIZL-1541 
ファンクラブ限定コンプリート盤：CD+Blu-ray+ライヴフォトブック ¥8,800(税抜) NZS-769

＜CD＞
新規書き下ろし4曲を収録予定。

＜DVD/Blu-ray＞
2018年11月30日開催されたZeppTokyo公演から16曲を収録。オフショット映像には、ライヴ当日のリハーサルと2018年12月に開催した韓国公演の模様を収録。

DVD/Blu-ray「Reol Japan Tour 2018 MADE IN FACTION」収録曲
01. Intro
02. サイサキ
03. 十中八九
04. 極彩色
05. 真空オールドローズ
06. -MANDARA FACT-
07. 幽居のワルツ
08. エンド
09. ミラージュ
10. 平面鏡
11. カルト
12. 煩悩遊戯
13. 宵々古今
14. ROXY
15. 激白
16. No title
17. 秋映
18. オフショット映像（東京公演リハーサル&韓国ツアー）

＜フォトブック＞
11月30日にZeppTokyoで開催された全国ツアー「Reol Japan Tour 2018 MADE IN FACTION」のライヴ写真を掲載した全64Pのライヴフォトブック。


“ファンクラブ限定コンプリート盤”の詳細はこちら▼
https://www.reol.jp/news/?category_id=100&id=10107

Worldwide Shipping Available At▼
http://www.cdjapan.co.jp/product/VIZL-1541

：：：

■Official Site
http://reol.jp

■Twitter
Reol： https://twitter.com/rrreol
Reol Official： https://twitter.com/rrreol_official",https://i.ytimg.com/vi/m3MuL18r_nk/default.jpg,https://www.youtube.com/watch?v=m3MuL18r_nk
EQF19szKfQg,[MV] Reol - '激白 / Gekihaku' Music Video,2018-12-19 09:00:00+00:00,2026-03-05T01:55:21.552194,5931239,85514,2230,PT3M32S,212,False,False,False,none,"\\\ Stream & Download
https://jvcmusic.lnk.to/reol_saisaki
""事実上""XFD：https://youtu.be/TMw0zYdcK9I

\\\ MV CREDIT
Director：Shuichi Bamba MAZRI Inc
Starring：Reol , Chiaki

激白 Gekihaku
Music & Lyrics：Reol
Music& Arranged：Giga

揺らす本能　火をつけろ
焦燥感にハウる衝動
僕は今すべてを知りたい

間違っていても
痛い思いをしても構わないよ
不幸も君とだけ


明け方には背いて
だめな遊びをもっと
冷蔵庫の中身が伽藍堂
君の吐くため息が聞きたいのさ

互い違う体を　逸る激情が
わかってほしいと
不揃いな脈がもどかしいよ
疑い合う頭も　嘘をつく喉も
今はいらないよ　君が

揺らす本能　火をつけろ
焦燥感にハウる衝動
僕は今すべてを知りたい

間違っていても
痛い思いをしてもいいと言えよ
不幸も君となら

早急にひらく瞳孔
今すぐに本当を
確かめるために生き急ぐ

変わらないでいてよ
このままでいようよ
確かなのは今だけでしょう


どうやって示したらいい
悩ましいんだ
否応ないがリモートじゃ
お決まりの疲労感さ

ほらこうやって平伏せば
道化になって
全部曖昧にして終わりだ
また君を押し倒した

澄まし顔で再試行中
つまらない嘘を言うなよ
騙し騙しと気付いてる
今更引き返せないよ
狡い魔法をかけて
汚されたくないのはお互い様


揺らす本能　火をつけろ
焦燥感にハウる衝動
僕は今すべてを知りたい

正しくなくても
意味などなくても構うなよ
絶望も君となら

だって誰にわかるの
勝手知った仮想と
君だけに晒す本性　このまま　

変わらないで言い切って
今　愛しているって
確かなのはここにいる君だけ

激白を君にだけ


\\\ Official Site]
http://reol.jp

\\\ Twitter]
Reol： https://twitter.com/rrreol
Reol Official：https://twitter.com/rrreol_official",https://i.ytimg.com/vi/EQF19szKfQg/default.jpg,https://www.youtube.com/watch?v=EQF19szKfQg
TMw0zYdcK9I,"Reol 1st album ""事実上"" XFDMovie",2018-10-10 09:00:07+00:00,2026-03-05T01:55:21.552222,611712,18226,1131,PT6M46S,406,False,False,False,none,"■2018.10.17wed  Reol 1st Full Album「事実上」リリース決定！

amazon: http://amzn.asia/d/4akkmUP
Worldwide Shipping Available At: http://www.cdjapan.co.jp/product/VIZL-1418?s_ssid=e359955b8771b5aed5

【lyrics】
M1. 幽居のワルツ(https://www.uta-net.com/song/257053/)
M2. サイサキ(https://www.uta-net.com/song/249189/)
M3. 激白(https://www.uta-net.com/song/257052/)
M4. 十中八九(https://www.uta-net.com/song/257051/)
M5. 煩悩遊戯(https://www.uta-net.com/song/257050/)
M6. -MANDARA FACT-
M7. 真空オールドローズ(https://www.uta-net.com/song/257049/)
M8. ミラージュ(https://www.uta-net.com/song/257048/)
M9. SAIREN(https://www.uta-net.com/song/252575/)
M10. 秋映(https://www.uta-net.com/song/257047/)

リリースに先駆け、全曲試聴XFDMovieを公開
アルバムリード曲「激白」含む3曲を先行配信中。
https://jvcmusic.lnk.to/gekihaku

Movie by お菊

Tr.2 サイサキ https://youtu.be/EFTV3IIjeNw
Tr.3 激白 https://youtu.be/EQF19szKfQg
Tr.9 SAIREN https://youtu.be/PW6QxMCqpc0

: : :

1st Full Album「事実上」2018.10.17 Release

■初回限定盤：CD+DVD+ブックレット VIZL-1418 ¥3,800（税抜）
特典①：初回限定盤特典DVD(エンド、サイサキ、SAIREN Music Video／事実上制作メイキング）
特典②：「事実上」オリジナル・コンセプトブック封入（全36P）Design by Reol

■通常盤：CD VICL-65037 ¥2,500（税抜）

＜収録曲＞
M1. 幽居のワルツ
M2. サイサキ
M3. 激白
M4. 十中八九
M5. 煩悩遊戯
M6. -MANDARA FACT-
M7. 真空オールドローズ
M8. ミラージュ
M9. SAIREN
M10. 秋映

-CD購入者限定ボーナストラック-
M11. mede:mede -JJJ Remix-

-ダウンロード版購入者限定ボーナストラック-
M11. 劣等上等

iTunes Storeほか主要配信サイト、LINE MUSIC、Apple Music、dヒッツほか定額制聴き放題サービスで、10/17より配信開始。10/10からiTunesプレオーダー（予約注文）が開始され、予約注文するとアルバムリード曲「激白」含む3曲を先行配信。
https://jvcmusic.lnk.to/gekihaku

: : :

■秋には初の全国ツアーが開催決定！

""Reol Japan Tour 2018 MADE IN FACTION""

10/26(fri) 大阪 Namba Hatch
11/3(sat) 札幌 PENNY LANE24
11/11(sun) 福岡 Drum LoGoS
11/17(sat) 名古屋 Reny limited
11/30(fri) 東京 Zepp Tokyo

詳細はこちら
https://www.reol.jp/schedule/


- - -

[Official Site]
http://reol.jp


[Twitter]
Reol： https://twitter.com/rrreol
Reol Official：https://twitter.com/rrreol_official",https://i.ytimg.com/vi/TMw0zYdcK9I/default.jpg,https://www.youtube.com/watch?v=TMw0zYdcK9I
PW6QxMCqpc0,[MV] Reol - 'SAIREN' Music Video,2018-08-17 09:00:03+00:00,2026-03-05T01:55:21.552241,4271500,53957,2039,PT4M1S,241,False,False,False,none,"\\\ Stream & Download
https://jvcmusic.lnk.to/reol_saisaki
""事実上""XFD：https://youtu.be/TMw0zYdcK9I

NHK Eテレアニメ「メジャーセカンド」EDテーマ

\\\ MV CREDIT
Director：Shuichi Bamba MAZRI Inc

SAIREN
Music＆Lyrics：Reol
Arrange：Satoshi Setsune

触れ合ってすべてが分かり合えるなら
言葉や態度なんて面倒な合図もいらないのに
凡庸な人間です
これぐらいのことすらもうまくできずに
必殺技を使えない僕が手に入れた痛み

試されて気遣って泣き疲れて
浪費する喜怒哀楽
うんざりだよ　もう見飽きたエラー
絶望希望交互に味わって裏表
天才にはなれそうにないから

ない才能を作れ
ありきたりな感性揺らして　飛ばして
もうあとひけないぐらいに
散々な明日でも君がいるならまだ戦えるよ


ねぇ愛しているさ
いつだって変わらないのは僕の方だそうだろ
フェンス越し見ていた　二死満塁
隣り合う夏の青さが欲しくて

同じ武器を選んで愛すだけで
思い知る　馬鹿をみる
それでもなぜもう一度を強請る
絶望希望交互に味わって裏返す
失うもの何ひとつないから

ない才能を作れ
しょうのないプライド捨てて
劣等のレッテルをはがせよ
嗚呼、焦燥かっ喰らって
散々な明日なら終わらせたいから警める


遠く遠くでサイレンが鳴っている
今すぐ決めろ　この身を投じろ


ない才能を作れ
ありきたりな感性揺らして　飛ばして
もうあとひけないぐらいに
散々な明日でも君がいるならまだ戦えるから

ない才能を作れ　何もない蹴り飛ばしてよ
無常や矛盾が降りかかれども一度立てるように
散々な明日でも変えられるからまだ戦えるよ

いつか笑えるまで


\\\ Official Site]
http://reol.jp

\\\ Twitter
Reol： https://twitter.com/rrreol
Reol Official：https://twitter.com/rrreol_official",https://i.ytimg.com/vi/PW6QxMCqpc0/default.jpg,https://www.youtube.com/watch?v=PW6QxMCqpc0
EFTV3IIjeNw,[MV] Reol - 'サイサキ / Saisaki' Music Video,2018-07-03 09:00:01+00:00,2026-03-05T01:55:21.552262,21560010,236988,6622,PT3M42S,222,False,False,False,none,"\\\ Stream & Download
https://jvcmusic.lnk.to/reol_saisaki
""事実上""XFD：https://youtu.be/TMw0zYdcK9I

専門学校HAL(東京・大阪・名古屋)2018年度CMソング

\\\ MV CREDIT
Director：Keisuke Tamura rendez-vous.inc

サイサキ Saisaki
Music＆Lyrics：Reol
Arrange：Giga

未だ見ない幸先へと
僕は只今あるき出したところ
至るまでの途上　超高層ビル
見上げすぎて首が痛いな

見ず知らずの他人同士だから
あなたと関わり合いたい
毎晩とる食事のようにただただ
変わることなく続くと思ってた

ぐるぐる貼られる口にガムテープ
ダブるフレーズ　トばす癖
僕はいつでも本当しか言えないし
とてもエゴイスティック

知ってるだろ

終わるには早すぎるから
荷物まとめて此処を出る
会いたい　期待したいまだ
ああ　僕の血を通ってる

泣いても変えられないとしても
それでも変えたいと願うのは
虚脱を壊す　今終わらす
薄志弱行な僕は

誰より誠実な味方はいつも
過去の自分と知ってるから
この身くたばる前に穿つ
怖いことなどない


また実らすため花ゆり落ちて
裏返るあの日の約束を果たそう
漂う煙草の煙に巻かれた
君の諦めすら蹴り上げる

何度殴られ罵られたって
君の言葉の掛目には満たない
ガソリンを撒け　さあ今すぐに
本能に跨っていけよ

引き返せないところまで来たみたい
諸行無常　愛すべき東京
見知らぬ昨日、人、思想、時代
乱雑無章　出会いたい表情
覆したい予想通りの先

たった一世紀無い命で
できること　守れるもの
あと幾つあるんだろう

泣いても変えられないとしても
それでも変えたいと願うなら
何が変わる？何か変わる？
手を下すのはいつも

誰でもない逃げられない
今此処にいる自分と知ってるから
この身くたばる前に繋ぐ


急行の田都で丸ノ内乗って
なんて身勝手な生活
君だってそうでしょう
手放しでハッピーエンド
何年使ってもなりきれない理想
不安定な明日を見越して
とりあえず今日をキスで凌ごう

先天性のズレ
およそ1.3億息づいた劣等感を
どうか抱きしめて終わりたい

ハイトーン　レスポール
ベッドに君が好き
また会える　巡り会える
そんな幸先なら　

泣いても変えられないとしても
それでも変えたいと願うから

どうか

足掻いても伝わらないよそれでも
僕らには言葉しかないから

歌い続けるよ


泣いても変えられないとしても
それでも変えたいと願うのは
虚脱を壊す　今終わらす
薄志弱行な僕は

誰より誠実な味方はいつも
過去の自分と知ってるから
この身くたばる前に穿つ

怖いことなどない
何一つないよ

\\\ Official Site 
http://reol.jp 

\\\ Twitter 
Reol： https://twitter.com/rrreol 
Reol Official： https://twitter.com/rrreol_official",https://i.ytimg.com/vi/EFTV3IIjeNw/default.jpg,https://www.youtube.com/watch?v=EFTV3IIjeNw
94Dt0qVPAAM,Reol - 'サイサキ / Saisaki' Teaser Movie,2018-06-01 13:00:02+00:00,2026-03-05T01:55:21.552277,643656,21040,931,PT46S,46,False,True,False,none,"\\\ Stream & Download
https://jvcmusic.lnk.to/reol_saisaki
""事実上""XFD：https://youtu.be/TMw0zYdcK9I

専門学校HAL(東京・大阪・名古屋)2018年度CMソング

\\\ Official Site 
http://reol.jp 

\\\ Twitter 
Reol： https://twitter.com/rrreol 
Reol Official： https://twitter.com/rrreol_official

\\\ リリース情報
2018年5月16日配信リリース、10月17日発売AL「事実上」収録
「サイサキ」 iTunes Store、Spotify他主要配信サイト
および定額制聴き放題サービスで同日配信開始

専門学校ＨＡＬ（東京・大阪・名古屋）2018年度TVCMソング
Reol書き下ろしの初のタイアップ楽曲。
”生まれ変われ、強いジブンに。”をテーマに制作されたTVCMは、
今年からソロアーティストとして新しい一歩を踏み出したReol自身の姿にもシンクロしている。

◇専門学校ＨＡＬ東京 https://www.hal.ac.jp/tokyo
◇専門学校ＨＡＬ大阪 https://www.hal.ac.jp/osaka
◇専門学校ＨＡＬ名古屋 https://www.hal.ac.jp/nagoya",https://i.ytimg.com/vi/94Dt0qVPAAM/default.jpg,https://www.youtube.com/watch?v=94Dt0qVPAAM
ZwJs5Zc9oFk,[MV] Reol - 'エンド / End' Music Video,2018-03-05 12:00:02+00:00,2026-03-05T01:55:21.552294,2461726,37087,1555,PT5M28S,328,False,False,False,none,"\\\ Stream & Download

""虚構集""XFD：https://youtu.be/18AQGiLKVs4

\\\ MV CREDIT
Director：Yutaka Kimura(Central67)

エンド End
Music＆Lyrics：Reol
Arrange：ミト(クラムボン) 

あれそれとなくし続けて
僕は一人で此処に突っ立っている
世辞と罵声が背中をおす
交ざる風を身に受け惑わされぬよう

気丈な演技を磨きます
竦む足に鞭をうって睨む
僕がいないかもしれない明日に
痕を残すため今爪を研ぐ

綴る言葉全て遺言です
君に伝わるように喋ります
守りたい　選べない　君以外

もしも愛なんてものに縋らなくても
僕らが幸せになれたなら
楽になれるだろうか
誰も知り得ぬいつかこの先がどんなでも
君がいればそれだけでいい

君がいればそれだけでいいのに


何が大切であるかを
これだけ生きてもまだ言い淀む
見極めようと凝視して
他の何かを見失いそうになる

恐れを知らなすぎたあの時みたいに
怖がらずに愛したい
世間知らずと言われても構わないから
疑わずに信じたい
約束破りも裏切りも
祈ってニルヴァーナ　すべて許したい

僕を好きだと言う君が大嫌い

もしも愛なんてものが
存在し得ないまやかしだとしたら
君を今求めていることの説明がつかない
孤独で不確かな此処でも
君といればそれだけで


終わりのない終わりを
果てのない果てを見たい
美しい地獄から
君にもう一度だけ


もしも愛なんてものに縋らなくても
僕らが幸せになれたなら
楽になれるだろうか
誰も知り得ぬいつかこの先が
どんなだとしても

守りたいものから失ってしまう
それでも諦められないのは
面倒な世界に僕は未だ絶望していないから
触って　叱って　愛して


\\\ Official Site
http://reol.jp

\\\ Twitter
Reol： https://twitter.com/rrreol
Reol Official：https://twitter.com/rrreol_official",https://i.ytimg.com/vi/ZwJs5Zc9oFk/default.jpg,https://www.youtube.com/watch?v=ZwJs5Zc9oFk
18AQGiLKVs4,"Reol mini album ""虚構集"" XFDMovie",2018-02-28 09:00:01+00:00,2026-03-05T01:55:21.552311,331790,11817,1024,PT4M45S,285,False,False,False,none,"3/14発売の1st mini album ""虚構集"" の全曲試聴XFDMovieを公開

【lyrics】
M1　エンド(https://www.uta-net.com/song/245488/)
M2　平面鏡(https://www.uta-net.com/song/242592/)
M3　ミッシング(https://www.uta-net.com/song/245487/)
M4　カルト(https://www.uta-net.com/song/245486/)
M5　あ可よろし(https://www.uta-net.com/song/245485/)

Reol 1st mini album「虚構集」
2018.3.14 Release 

通常盤：CD 　VICL-64954   ￥1,800（税抜）  
初回限定盤：CD+ブックレット　VIZL-1328   ￥2,500（税抜）

■初回限定盤特典（CD+book）
特典①『虚構集』オリジナル・コンセプトブック封入（全40P）
特典②東京・大阪ライブ先行抽選予約案内封入

■通常盤（CD）
東京・大阪ライブ先行抽選予約案内封入

＜収録曲＞
M1　エンド
M2　平面鏡
M3　ミッシング
M4　カルト
M5　あ可よろし

■先行配信シングル「平面鏡」
now on sale
https://jvcmusic.lnk.to/reol_heimenkyo

amazon: https://www.amazon.co.jp/dp/B079H6C3HY
Worldwide Shipping Available At: http://www.cdjapan.co.jp/product/VIZL-1328


- - -

[Official Site]
http://reol.jp


[Twitter]
Reol： https://twitter.com/rrreol
Reol Official：https://twitter.com/rrreol_official",https://i.ytimg.com/vi/18AQGiLKVs4/default.jpg,https://www.youtube.com/watch?v=18AQGiLKVs4
m85HJODlIYI,[MV] REOL - RE:,2016-12-09 08:30:00+00:00,2026-03-05T01:55:21.552333,6380555,80695,2431,PT3M34S,214,False,False,False,none,"2017年冬、REOL Oneman LIVE「テンカイ ノ コウシキ」、開催決定！
詳細、チケット情報はテンカイ ノ コウシキ特設サイトhttp://www.toysfactory.co.jp/artist/reol/official/live/tennkainokoushiki/ へ

: : :

'16/10/19リリースの1stアルバム""Σ""より、収録楽曲「RE:」のMusicVideoを公開

REOL 1st Album ""Σ"" 全曲試聴 XFDMovie https://youtu.be/Qmcda2wh-GA

Tr.2 ギミアブレスタッナウ https://youtu.be/n5CwXuyNfoc
Tr.3 宵々古今 https://www.youtu.be/8IK6eLTNV1k
Tr.8 ちるちる https://youtu.be/VVaNq9uSJgY

: : :

iTunes https://itunes.apple.com/jp/album/id1159663862
レコチョク https://recochoku.com/t0/1005294757

amazon http://amzn.to/2b3HX6a
Worldwide Shipping Available At:http://www.cdjapan.co.jp/tokuten/jpop_TFCC-86569

REOL Official Web Site http://www.toysfactory.co.jp/artist/reol/official/
REOL Official Twitter　https://twitter.com/REOL_INFO
REOL Official Face book　https://www.facebook.com/REOL.INFO/

: : :

Music,Lyrics&Vocal : Reol
Arranged : Giga
Movie : Okiku

: : :

REOL  - RE:

右手に携帯で左手には愛
受信するメッセージ　当然気付いてるよ
でもすぐに返事したりしちゃったら
ひかれちゃうかな　どうかな

そもそもこんなことばっかが巡ってる思考
ガラにもなくこんなにドキドキしてる心臓
君のこともっと好きになってしまいそう、いいの？
なんかありきたりなラブソングみたいで笑えるわ

頭の中そればっかで　やだなこんなんじゃまるで
こっちの方が好きみたいじゃん　ねぇ
勘付かれちゃうのは癪じゃん　自分ですら止められないの
本当にどうかしちゃったみたいね


例えばこれが負け戦でも泣きたくないな
歯止めがきかないのです神様
きっと間違いじゃないから

街の屋上　人すれ違い彷徨う
鳴らないベルが暗示してたの「さよなら」

こっちがその気になったって　君のことまだ掴めなくて
もどかしいよ　好きが相反して
君が思ってるよりたくさん　ほら、また伝えられないの
君とおんなじ気持ちでいたいの　ねぇ

頭の中そればっかで　やだなこんなんじゃまるで
こっちの方が好きみたいじゃん　ねぇ
勘付かれちゃうのは癪じゃん　自分ですら止められないの
本当にどうかしちゃったみたいね


ここから見える夜空が　僕らを飲み込んで
もう二度と会えないから　明日もどうだっていいの

知らないフリなら簡単で　どっち選んでみてもハズレ
君をすごく遠くに感じて
間違いだらけだった足し算　赤点問いかける最後
君とおんなじ気持ちが痛いよ　ねぇ",https://i.ytimg.com/vi/m85HJODlIYI/default.jpg,https://www.youtube.com/watch?v=m85HJODlIYI
Qmcda2wh-GA,"REOL 1st Album ""Σ"" XFDMovie",2016-10-10 12:26:19+00:00,2026-03-05T01:55:21.552349,1035753,23777,1737,PT7M11S,431,False,False,False,none,"2016.10.19、REOL 1st Full Album「Σ」(SIGMA)、リリース決定！
リリースに先駆け、全曲試聴XFD Movieを公開

Tr.2 ギミアブレスタッナウ https://youtu.be/n5CwXuyNfoc
Tr.3 宵々古今 https://www.youtu.be/8IK6eLTNV1k
Tr.8 ちるちる https://youtu.be/VVaNq9uSJgY

: : :

REOL　1st Album 「Σ」
初回盤(DVD付) TFCC-86569  ¥3,241＋税
通常盤 TFCC-86570  定価 ¥2,315＋税

iTunes https://itunes.apple.com/jp/album/id1159663862
レコチョク https://recochoku.com/t0/1005294757

amazon http://amzn.to/2b3HX6a
Worldwide Shipping Available At:http://www.cdjapan.co.jp/tokuten/jpop_TFCC-86569

REOL Official Web Site http://www.toysfactory.co.jp/artist/reol/official/
REOL Official Twitter　https://twitter.com/REOL_INFO
REOL Official Face book　https://www.facebook.com/REOL.INFO/

All prodeced by REOL
Music&Lyrics,Vocal : Reol
Music&Arranged,Chorus : Giga
Movie&Design : Okiku",https://i.ytimg.com/vi/Qmcda2wh-GA/default.jpg,https://www.youtube.com/watch?v=Qmcda2wh-GA
8IK6eLTNV1k,[MV] REOL - 宵々古今 / YoiYoi Kokon,2016-09-15 10:00:02+00:00,2026-03-05T01:55:21.552370,66494788,521239,8449,PT4M32S,272,False,False,False,none,"2016.10.19、REOL 1st Full Album「Σ」(SIGMA)、リリース決定！

REOL 1st Album ""Σ"" 全曲試聴 XFDMovie https://youtu.be/Qmcda2wh-GA

Tr.2 ギミアブレスタッナウ https://youtu.be/n5CwXuyNfoc
Tr.8 ちるちる https://youtu.be/VVaNq9uSJgY

: : :

iTunes https://itunes.apple.com/jp/album/id1159663862
レコチョク https://recochoku.com/t0/1005294757

amazon http://amzn.to/2b3HX6a
Worldwide Shipping Available At:http://www.cdjapan.co.jp/tokuten/jpop_TFCC-86569

REOL Official Web Site http://www.toysfactory.co.jp/artist/reol/official/
REOL Official Twitter　https://twitter.com/REOL_INFO
REOL Official Face book　https://www.facebook.com/REOL.INFO/

: : :

Music,Lyrics&Vocal : Reol
Music,Arranged : Giga
Movie : Okiku

初回盤DVDへの収録物と一部映像が異なります

: : :

REOL - 宵々古今 / YoiYoi Kokon

らっしゃいな　平は成り
時が来た　正しい夢現　夜もすがら
変わりゆくことに恐れなし
のっぴきならないのは御免

手毬唄歌い　君達が誘う
悪人に後ろ髪を惹かれても
進むべきなり

流行り廃りの憂き世なら
信ずる者はただ、君だけと

踊れ騒げや　呑めや歌えや
案ずることなどないな
此の世人の世は恨めしい
雪駄はちゃらちゃら　愛し
縋って眩んで満身創痍で

それそれそれそれ

今を嘆いて昔を粧しても
君の心の内　流る涙川
それじゃ敵わん　何処にいても
めくるめく舞台に君を連れて


あまりてなどか人ぞ悲しき
身勝手なのが世の理か
万人持つ理想　虚像の偶像
俗な答えなどはあらざらむ

僕ら巡りあうこと　まさに一期一会
酸いも甘いも試練　連れ添ってこの手握って

生きづらい此処、浮き世から
旗を掲げよ　宵闇が明く

酔いどれアガれや　寝れば忘るる
昔も今も変わらず
浮世人の世嘆かわしい
いつだってちゃんちゃら　をかし
荒んで笑って合縁奇縁で

それそれそれそれ

深まる春も凍てつく雪の日も
日出ずるすべての瞬きを君と見よう
彩る色　何処までも
空前なる見晴らしを眺めて


負けて花一匁　欲しがる欲しがる欲しがる声
勝って恨んで買って選んで　呆気ないって泣いて
猿真似の何番煎じじゃ満ち足りないない

未だ進む道半ば哉
如何なる時も歩を前へ出せ


流行り廃りの憂き世なら
信ずる者はただ、君だけと

踊れ騒げや　呑めや歌えや
案ずることなどないな
此の世人の世は恨めしい
雪駄はちゃらちゃら　愛し
縋って眩んで満身創痍で

それそれそれそれ

今を嘆いて昔を粧しても
君の心の内　流る涙川
それじゃ敵わん　何処にいても
めくるめく舞台は宵々、君を連れて


あまりてなどか人ぞ恋しき
身勝手なのが世の理か
移ろうは古今　航路なら堂々
恐るることなどはあらざらむ",https://i.ytimg.com/vi/8IK6eLTNV1k/default.jpg,https://www.youtube.com/watch?v=8IK6eLTNV1k
n5CwXuyNfoc,[MV] REOL - ギミアブレスタッナウ/ Give me a break Stop now,2016-08-18 08:59:00+00:00,2026-03-05T01:55:21.552392,21525384,225160,11279,PT3M48S,228,False,False,False,none,"2016.10.19、REOL 1st Full Album「Σ」(SIGMA)、リリース決定！

REOL 1st Album ""Σ"" 全曲試聴 XFDMovie https://youtu.be/Qmcda2wh-GA

Tr.3 宵々古今 https://www.youtu.be/8IK6eLTNV1k
Tr.8 ちるちる https://youtu.be/VVaNq9uSJgY

: : :

iTunes https://itunes.apple.com/jp/album/id1159663862
レコチョク https://recochoku.com/t0/1005294757

amazon http://amzn.to/2b3HX6a
Worldwide Shipping Available At:http://www.cdjapan.co.jp/tokuten/jpop_TFCC-86569

REOL Official Web Site http://www.toysfactory.co.jp/artist/reol/official/
REOL Official Twitter　https://twitter.com/REOL_INFO
REOL Official Face book　https://www.facebook.com/REOL.INFO/

: : :

Lyrics&Vocal : Reol
Music&Arranged : Giga
Movie Director&Planner : Okiku

Movie Director : Toshitaka Shinoda[Amana Ijigen]

: : :

REOL  - ギミアブレスタッナウ / Give me a break Stop now

今風の女の子がハマる恋愛ソングも
わたしの恋とは重ならない Na babe?
よくある枠組み詰め込んだカテゴライズ
下らない、いらない　うんざりだ

こんがらがるアイジェイ C'n ビービー
騙され気味　逃れ逃れ　自己解釈
I agree, I see.からまるっとCheck開始
騙し合い　テレビもネットも当てにならない

したいこともわからない
けどけど誰かに言われたくない
したいことはわからない
でも決められたくない

Give me a break! Stop now!


量産型エフェクトの自撮り
加工ブス達のごますりに
結構ほら満更でもない？
いい加減にしてもう　ギミアブレイク

No ダメ　もうダメ
「こんなままじゃダメだ」
って本当にわかってんの？
Like a PON-P-P-P-P-P-P-POP CORN!

弾ける　大抵がFreaky？
焼き増しに意味なんてない
呆気ない　すぐさまポイ捨てでオーライ
乗り換えてじゃあねバイバイじゃ黙れない
めんどいから結局大事なのは愛

言いたいこともわからない
知ったかぶりふり　いい加減な具合
言いたいことはわからない
駆け引きはいらない

Give me a break! Stop now!

(いい加減にして)
(Cut it out!Give me a break!)
(もう聞き飽きた)

(いい加減にして)
(Cut it out!Give me a break!)
(もう飽き飽きだ)


お手手繋いでるカップル
仲良しいいけど道塞いでるFxxk off
道端に唾吐きかけてるおじさん
汚いからやめてほしい
歩きながらインスタ用の自撮りを撮るな
それわたしの顔まで写ってるから
もうダメだ　やめだ　ストレスばかり連打
耐えらんないい加減にしてよもう

Give me a break! Stop now!

(いい加減にして)
(Cut it out!Give me a break!)
(もう聞き飽きた)

(いい加減にして)
(Cut it out!Give me a break!)
(もう飽き飽きだ)

ギミアブレスタッナウ",https://i.ytimg.com/vi/n5CwXuyNfoc/default.jpg,https://www.youtube.com/watch?v=n5CwXuyNfoc
VVaNq9uSJgY,[MV] REOL - ちるちる / ChiruChiru,2016-06-30 09:00:10+00:00,2026-03-05T01:55:21.552423,13606371,131703,2515,PT3M18S,198,False,False,False,none,"2016.10.19、REOL 1st Full Album「Σ」(SIGMA)、リリース決定！

REOL 1st Album ""Σ"" 全曲試聴 XFDMovie https://youtu.be/Qmcda2wh-GA

Tr.2 ギミアブレスタッナウ https://youtu.be/n5CwXuyNfoc
Tr.3 宵々古今 https://youtu.be/8IK6eLTNV1k

: : :

iTunes https://itunes.apple.com/jp/album/id1159663862
レコチョク https://recochoku.com/t0/1005294757

amazon http://amzn.to/2b3HX6a
Worldwide Shipping Available At:http://www.cdjapan.co.jp/tokuten/jpop_TFCC-86569

REOL Official Web Site http://www.toysfactory.co.jp/artist/reol/official/
REOL Official Twitter　https://twitter.com/REOL_INFO
REOL Official Face book　https://www.facebook.com/REOL.INFO/

: : :

Lyrics&Choreography,Vocal : Reol
Music&Arranged : Giga
Movie : Okiku

: : :

REOL - ちるちる / ChiruChiru

こんなに大事なことなのになぜ
教科書にのらぬ人の秘め事
君との心的距離が測れない
大分難解過ぎている事情

チェルシーホテルで幕が閉じていくの
シドとナンシーも恋の被害者だわ
きっとこれで射程距離は堂々圏内
なんて案外見せかけだけ

知れば知るほど苦しい
それでもなぜ、知りたいの
秘めた祈り　ゼロ距離まで程遠く遠く切ない模様

知れば知るほど苦しい
それでもなぜ、知りたいの
言えば散るアンバランスな事情
なんでか君に言えないのです


他所見　垣間見　まだ到底無理
どうなの？　度Ｃも熱暴走気味
低気圧が連れてくる頭痛が痛いの
前線停滞　本日も不履行

スコープ越しでも直視できなくて
ボニークライドばりの危険過ぎる罠
ちるちる届かぬわたしの電波
ぐずってフェードアウト　それでいいの

見れば見るほどに不思議
こんなにもなぜ、惹かれるの
言えない想いめぐりめぐる
心トクトク　悩ましいのよ

見れば見るほどに不思議
こんなにもなぜ、惹かれるの
散れば散る　NOT スランプな事情
ならこのままでいたいのです


悪化の一途を辿る不治の病　
解明されてない　
病状戦況とても詰めが甘い
もっと甘いのがいい　教えて

知れば知るほど苦しい
それでもなぜ、知りたいの
秘めた祈り　ゼロ距離まで程遠く遠く切ない模様

知れば知るほど苦しい
それでもなぜ、知りたいの
言えば散るアンバランスな事情
なんでか君に言えないのです
君とこのままでいたいのです",https://i.ytimg.com/vi/VVaNq9uSJgY/default.jpg,https://www.youtube.com/watch?v=VVaNq9uSJgY
LSxMaomjUPw,ECHO / Reol(れをる) Cover,2016-05-13 07:59:21+00:00,2026-03-05T01:55:21.552437,11328397,133721,3238,PT4M6S,246,False,False,False,none,"Original Crusher-P feat GUMI English
https://youtu.be/cQKGUgOfD8U

Covered Vocal : Reol from REOL
Chorus,Mixing Engineer : Giga from REOL

niconico http://www.nicovideo.jp/watch/sm28836144",https://i.ytimg.com/vi/LSxMaomjUPw/default.jpg,https://www.youtube.com/watch?v=LSxMaomjUPw
ohVvgB560Lk,Nintendo Acapella Medley,2016-04-12 11:51:28+00:00,2026-03-05T01:55:21.552448,723849,19571,941,PT6M53S,413,False,False,False,none,"Acapella Arrange : Giga (@GigaMozuku) from REOL
Movie : Okiku (@__Lizel) from REOL
Special Thanks : Reol (@RRReol) from REOL

niconico http://www.nicovideo.jp/watch/sm28625024",https://i.ytimg.com/vi/ohVvgB560Lk/default.jpg,https://www.youtube.com/watch?v=ohVvgB560Lk
qQxnStmGcTM,クラブ＝マジェスティ / Reol(れをる) Cover,2016-02-07 11:59:16+00:00,2026-03-05T01:55:21.552459,2625343,27348,790,PT3M38S,218,False,False,False,none,"Original nyanyannya feat Len Kagamine
https://youtu.be/jTHP5J61ekY

Covered Vocal : Reol
Mixing Engineer : Giga
Special THX : Friends

niconico http://www.nicovideo.jp/watch/sm28169465",https://i.ytimg.com/vi/qQxnStmGcTM/default.jpg,https://www.youtube.com/watch?v=qQxnStmGcTM
UZxgZA9D_a4,脳内革命ガール / Reol(れをる)+ill.bell Cover,2015-11-22 09:13:13+00:00,2026-03-05T01:55:21.552481,11314761,95959,2221,PT3M39S,219,False,False,False,none,"Original by MARETU feat Miku Hatsune
https://youtu.be/sjr-tPFADpM

Covered Vocal,Additional Lyrics : Reol
Rap,Additional Lyrics : ill.bell
Mixing Engineer : Giga
Movie : Okiku

niconico http://www.nicovideo.jp/watch/sm27643036


ココロは心じゃなく脳　だから革命を心じゃなく脳　高らかに
「これは男女の互いの感じ方の違いなんだから致し方がない。」

言い訳、始まりました、また始まりました。　はぁ？
それはさあ･･･それはさあ、それがさあ！　逃げ切ったつもりなの？
見下し、在り在りですか、物足りないですか。　ねぇ？
これがさ･･･これがさ、これがさ！　「タカラモノ」ってどーゆーことさ･･･？

くだらない、あんたらしーね、とことんやらしいね。　はぁ？
それはさあ･･･それはさあ、それはさあ！　ただ狂った bot だ、
無駄が無いなら正しいね、只々哀しいね。　ねぇ？
これかな･･･あれかな、それかな？　妄想と想像、どうぞ。

止まった針に目を瞑って。
散々つまらない夢をみて。

あー、ニンゲンじゃないみたいだ、素顔隠して。
空振りの理想論、騒ぎ立てる名無しさん。
感じとれないみたいだ、キミの音は。
一粒の期待なんて　泣き濡れて染みになって、
ありふれた唄になっていった。

It's so round-a-bout, the bothering border
Just like scatterin' the boredom in the bottom
""Vitamin department"" found in the environment
""By the way, pardon me?"" and ""What!?""

What the f**k is goin' on
目の前の我が子　より大好きなiPh**e　なんて可哀相

ありません万能細胞　嘘が一番の才能
Crrrrracks in da brain　喰らっとけ

言われっかな　誰かさんの劣化版 (wha?)
Forget about the fake, i gotta recover (wha?)
Did it again, did it again, dididididitagain
「嫌いじゃないよ」ッテ　ヒト　リ　ツイート (so what?)

ハイリスク脳罹患 Brain-dead bodies
脳廃る自意識の Blinded party
(Guess why) keep it goin' 蹴りまくるverse

Break down!!

失敗でまた失態晒し　苦い思いをいっぱいしても
実際　君の期待　敗れたり　なりたい　素直さが　たりない？
でたらめな期待だ、未だにそう。
素直になりたいだけだ、素直になりたいんだけど、

ニンゲンじゃないみたいだ、息を殺して。
なけなしの理想論、可哀想な名無しさん。
感じとれないみたいだ、キミの音は。
一粒の期待なんて　泣き濡れて染みになって、
ありふれた唄になっていった。

　デタラメ脳内(脳内)
　そういつだって後悔(後悔)
　あたしこんなんじゃない！
　曲 by maretu 脳内革命ガール

　MIX by ギガ
　動画 by お菊
　RAP by いるべる
　そんで　れをる

言い訳、始まりました、また始まりました。　はぁ？
それはさあ･･･それはさあ、それがさあ！　言い負かしたつもりなの？
いい加減、諦めました。さらば未来。明日。　ねぇ？
これがさ･･･あれがさ、それがさ！　「タカラモノ」ってどーゆーことさ･･･？

Special THX  MARETU",https://i.ytimg.com/vi/UZxgZA9D_a4/default.jpg,https://www.youtube.com/watch?v=UZxgZA9D_a4
36SxEHQeDi8,WAVE / Reol(れをる)+niki+EZFG Arrange Cover,2015-10-20 09:23:17+00:00,2026-03-05T01:55:21.552493,3355198,32496,614,PT3M24S,204,False,False,False,none,"クリエイター×クリエイター×ボーカリストの三位一体コンピレーションCD
2015.12.30(wed) Release ニコラボ に収録されます
特設サイトはこちらから：http://d-ue.jp/nicollabo/

Original by niki feat Lily
https://youtu.be/Tjoq6bhKyHg

Coverd vocal : Reol
Arrange,Movie,Mixing engineer : EZFG

niconico　http://www.nicovideo.jp/watch/sm27408763",https://i.ytimg.com/vi/36SxEHQeDi8/default.jpg,https://www.youtube.com/watch?v=36SxEHQeDi8
-vZeGRBeE3U,頓珍漢の宴 / Reol(れをる) Cover,2015-09-30 15:58:17+00:00,2026-03-05T01:55:21.552504,3386938,33229,847,PT3M56S,236,False,False,False,none,"Original by PinokioP feat Hatsune Miku
https://youtu.be/D6dwEFGL_KI

Coverd Vocal : Reol
Mixing Engineer : Giga

niconico　http://www.nicovideo.jp/watch/sm27269828",https://i.ytimg.com/vi/-vZeGRBeE3U/default.jpg,https://www.youtube.com/watch?v=-vZeGRBeE3U
AwfhX1REZ50,"れをる 1st Album ""極彩色"" XFD Movie",2015-07-17 11:00:39+00:00,2026-03-05T01:55:21.552518,360672,6498,463,PT11M56S,716,False,False,False,none,"2015.07.29(Wed)
1stソロアルバム「極彩色」をリリース致します

：：：

Music＆Arranged,Mixing Engineer by Giga
Jacket,All illustration by Key Mochizuki
Movie＆All Design by Okiku

All Produced by Reol
Official Site：http://reol.jp/

：：：

Tr.02 極彩色 https://www.youtube.com/watch?v=5vebKoO__8A
Tr.06 ロジックエージェント  https://www.youtube.com/watch?v=WwX5E63wGF4

販売店別初回特典：http://www.jvcmusic.co.jp/reol/tokuten/
amazon：http://www.amazon.co.jp/dp/B00Y85LNR2/

2015.10.23(Fri) 1stワンマンライブ開催決定！
「極彩色 High Fidelity 東の宴」：http://goo.gl/XQkjXm

7/29よりカラオケLIVE DAMにて配信開始！
http://www.jvcmusic.co.jp/-/Information/A025153.html",https://i.ytimg.com/vi/AwfhX1REZ50/default.jpg,https://www.youtube.com/watch?v=AwfhX1REZ50
kMlWIFca6B4,メリュー / Reol(れをる) Cover,2015-06-11 11:30:41+00:00,2026-03-05T01:55:21.552529,3161666,29928,613,PT3M39S,219,False,False,False,none,"Original by n-buna feat Hatsune Miku
https://youtu.be/Jak2qiq_jJo

Coverd Vocal : Reol
Mixing Engineer : Giga
Encode : Okiku

niconico　http://www.nicovideo.jp/watch/sm26464664",https://i.ytimg.com/vi/kMlWIFca6B4/default.jpg,https://www.youtube.com/watch?v=kMlWIFca6B4
5vebKoO__8A,[MV] れをる - 極彩色 / Gokusaishiki,2015-05-25 10:30:04+00:00,2026-03-05T01:55:21.552543,11073198,73963,1384,PT4M48S,288,False,False,False,none,"2015.07.29(Wed)リリース、1stソロアルバム""極彩色""より
リードトラック「極彩色」のMusic Videoを公開

：：：

Lyrics&Vocal by Reol
Music&Arranged by Giga 
Illust by Key Mochizuki
Movie by Okiku

：：：

れをる - 極彩色 / Gokusaishiki

確かなことならば両の目が映してる　唯、「今」それだけ
耳を逆撫でるつまらない戯言　興味がないのさ
君を傷つけた痛み　溢した涙はきっと君の明日を潤す
誰よりそう強く　踏みしめていけ　この世を彼方まで

呼応した　思いと願いが
ただ聴こえてる　まだ歌える　うたた心揺らせ

今一瞬を謳歌して　誰より奏でて
この命を彩る色　染める色は　極めて鮮やか
迎撃せよ　凛々しく明日を射て


僕らはそう　誰もが日和見主義だから移ろいでしまう
過ぎ去った日々や人をどう咎めても仕方がないのさ
何を信じ生きる　右も左もわからないことだらけの世界に
迷える時代に先手を打つため　得てきたものすべて　

交差した　妬み羨みに耳を貸すな
そう君だけは君自身の味方であれ

今一瞬駆け抜けて　追い風にのって
思うよりもずっと短く儚い「生」　臆することなく
逆襲せよ　この世に灯せ
命の熱で伝える　心にある激情を　


今一瞬を謳歌して　誰より奏でて
この命を彩る色　染める色は　極めて鮮やか

今一瞬駆け抜けて　追い風にのって
この命に息づくもの　愛しいもの　すべて抱きしめて
迎撃せよ　眩しい明日へ射て",https://i.ytimg.com/vi/5vebKoO__8A/default.jpg,https://www.youtube.com/watch?v=5vebKoO__8A
7XhUAO8JUQk,システマティック・ラヴ / Reol(れをる) Cover,2015-05-04 14:34:50+00:00,2026-03-05T01:55:21.552555,5182765,38219,751,PT4M59S,299,False,False,False,none,"Original by Kameria×Satsuki ga Tenkomori feat Hatsune Miku
https://www.nicovideo.jp/watch/sm19626042

Coverd vocal : Reol
Mixing Engineer : Giga
Encode : Okiku

niconico　http://www.nicovideo.jp/watch/sm26180345",https://i.ytimg.com/vi/7XhUAO8JUQk/default.jpg,https://www.youtube.com/watch?v=7XhUAO8JUQk
WwX5E63wGF4,[MV] niki feat れをる - ロジックエージェント / Logic Agent,2015-04-03 09:00:13+00:00,2026-03-05T01:55:21.552565,4241835,37539,960,PT3M35S,215,False,False,False,none,"2015.07.29(Wed)リリース、1stソロアルバム""極彩色""より
「ロジックエージェント」のMusic Videoを公開

：：：

Music&Lyrics by niki
Vocal by Reol
Mixing Engineer by Giga
Movie by Okiku

：：：",https://i.ytimg.com/vi/WwX5E63wGF4/default.jpg,https://www.youtube.com/watch?v=WwX5E63wGF4
lYo4jUqGqAQ,妄想税 / Reol(れをる)+nqrse Cover,2015-03-20 12:35:08+00:00,2026-03-05T01:55:21.552576,23906137,171297,2151,PT3M36S,216,False,False,False,none,"Original by DECO*27 feat Miku Hatsune
https://youtu.be/sWvZfwY8beg

Covered Vocal : Reol
Rap(Remix) : nqrse
Mixing Engineer : Giga
Sp thx (Movie Edit) : Okiku

niconico　http://www.nicovideo.jp/watch/sm25833043",https://i.ytimg.com/vi/lYo4jUqGqAQ/default.jpg,https://www.youtube.com/watch?v=lYo4jUqGqAQ
B776HM2cZWM,アストロノーツ / Reol(れをる) Cover,2015-02-22 15:49:04+00:00,2026-03-05T01:55:21.552591,10147662,77896,1548,PT7M14S,434,False,False,False,none,"Original by Shiina Mota feat Miku Hatsune
http://www.nicovideo.jp/watch/nm14629738

Covered Vocal : Reol
Mixing Engineer : Giga
Encode : Okiku

niconico http://www.nicovideo.jp/watch/sm25640893",https://i.ytimg.com/vi/B776HM2cZWM/default.jpg,https://www.youtube.com/watch?v=B776HM2cZWM
DtSSkyyCdiE,ストリーミングハート / Reol(れをる) Cover,2014-11-23 15:56:27+00:00,2026-03-05T01:55:21.552603,7737950,57871,987,PT3M,180,False,False,False,none,"Original by DECO*27 feat Miku Hatsune
https://youtu.be/9DD6JvY06Ok

Covered Vocal : Reol
Mixing Engineer : Giga

niconico　http://www.nicovideo.jp/watch/sm24978835

！Reproduction prohibited./無断転載はご遠慮ください

12/10Release「Upload feat.Vocalist」収録カヴァーです
Official Web Site：http://www.miku-vocalist.com",https://i.ytimg.com/vi/DtSSkyyCdiE/default.jpg,https://www.youtube.com/watch?v=DtSSkyyCdiE
LfephiFN76E,[MV] REOL - No title,2014-10-13 10:05:04+00:00,2026-03-05T01:55:21.552619,79612093,687378,18783,PT4M7S,247,False,False,False,none,"あにょすぺにょすゃゃ（サークル名）です
夏コミ3日目(8月17日)東ラ-32bで頒布予定の
「No title＋」「No title－」収録楽曲です

Amazon：
No title+ http://amzn.to/1sIbYvQ
No title- http://amzn.to/Va6H3Y

Digital：https://t.co/latPbqgTVn
Streaming：https://tf.lnk.to/SMfYA

：：：

Music＆Lyrics,Vocal by Reol
Arranged,Chorus by Giga
Movie,Chorus by Okiku

REOL - No title

ずっと夢見てた僕になれたかな とうに帰れないとこまで来たみたい
自分の足で二段飛ばしてそうもっと先へ駆けていけるはずだからrun away
深くなる傷を縫い付け 繋ぐパス軸に廻りだす
慣れた痛み、焦る呼吸とビート 気付かないふりしてまた一人

何が正当？ないな永劫 誰が間違った対価払うの
あんたが嫌いなあいつはきっとただ「それだけ」で不正解なんだ
０点だって提言したって全然納得できない理由も
最前線はいつだってここだった 最善策は最初からなかった

緩やかに崩れ壊れてく
ゆるりゆるり首を締めるように昨日までの僕が殺されていく
緩やかに離れ離れ飽く
ぐらりんり君にきこえるのは僕が知らない声になってく


幼い頃から 気付いたら傍にいた
まるで空気のようだ 僕は君とぎゅっと手を繋いで
楽しいことも涙も 僕は君に話して聞かせた
僕を笑う人や貶す声が聞こえぬように君は歌った

この声を君が受信 また夜毎投影されてく憂い
使い捨てだっていって腐っても止まらないハイファイ、ツァイトガイスト
一周巡る間のたった一瞬だけでも交わる鼓動、音、繋ぐ色
次は僕が君に歌歌うから

緩やかに崩れ壊れてく
ゆるりゆるり首を締めるように昨日までの僕が殺されていく
緩やかに離れ離れ飽く
ぐらりんり君にきこえるのは僕が知らない声になってく


いつか君に届くかな いやそんな日はきっと来ないだろうな
声も体も持たぬ君に 救われた何億人の一人
赤青合わせ彩った音で世界が溢れた
巡り巡り出会ったこの音を聴くすべてが「　　　」

緩やかに崩れ壊れてく
ゆるりゆるり首を締めるように昨日までの僕が殺されていく
緩やかに離れ離れ飽く
ぐらりんり君にきこえるのは僕が知らない声になってく",https://i.ytimg.com/vi/LfephiFN76E/default.jpg,https://www.youtube.com/watch?v=LfephiFN76E
qYAmduGAwBQ,【鏡音リン・レン】おこちゃま戦争【オリジナル】,2014-10-06 10:01:31+00:00,2026-03-05T01:55:21.552630,19688480,281819,4162,PT3M34S,214,False,False,False,none,"Music,Arrange : Giga
Lyrics : Reol
Illust : △○□×
Movie : Okiku

niconico http://www.nicovideo.jp/watch/sm22349544",https://i.ytimg.com/vi/qYAmduGAwBQ/default.jpg,https://www.youtube.com/watch?v=qYAmduGAwBQ
ckXMvrFlmKY,レッド・パージ！！！ / Reol(れをる) Cover,2014-10-02 18:39:05+00:00,2026-03-05T01:55:21.552640,6494919,42635,1051,PT5M46S,346,False,False,False,none,"Original by Music&Lyrics:P.I.N.A feat Rin Kagamine,Len Kagamine
https://youtu.be/7TtvPQmtyBU

Covered Vocal : Reol 
Mixing Engineer : Soraru
Encode:Okiku

niconico　http://www.nicovideo.jp/watch/sm24604247",https://i.ytimg.com/vi/ckXMvrFlmKY/default.jpg,https://www.youtube.com/watch?v=ckXMvrFlmKY
UC_qla6FQwM,[MV] REOL - ヒビカセ / Hibikase,2014-09-23 15:13:25+00:00,2026-03-05T01:55:21.552656,46931813,389465,7464,PT4M16S,256,False,False,False,none,"あにょすぺにょすゃゃ（サークル名）です
夏コミ3日目(8月17日)東ラ-32bで頒布予定の
「No title＋」「No title－」収録楽曲です

Amazon：
No title+ http://amzn.to/1sIbYvQ
No title- http://amzn.to/Va6H3Y

Digital：https://t.co/latPbqgTVn
Streaming：https://tf.lnk.to/SMfYA

：：：

Lyrics,Vocal by Reol
Music,Arrange by Giga
Illust by Key Mochizuki
Movie by Okiku

：：：

REOL - ヒビカセ / Hibikase

真夜中に告ぐ 音の警告 協和音に酔う 午前零時   
あなたが触れる 光 増す熱 指先に踊らされ

感覚 即 体感
寝静まる夜 二人だけの密
体感 即 快感
重なる波形に魅了されていく

忘れないでね わたしの声を
画面越しでいい ちゃんと愛して
ヴァーチャルだって 突き放さないで
あなたの音に まだ溺れていたい

覚えていてね わたしの声を
あなたがくれた この身すべてを
見つめ合う あなたと二人
重ねた息と音とヒビカセ


真夜中に問う 冷え切った熱
待ち続けてる 午前零時
鏡写しに飽和していく
知らない音が伝う

感覚 即 体感
寝静まる夜と息遣い揃う
体感 即 快感
錆びたロジック 「今一度」を焦がれる

忘れないでね わたしの声を
次元も越えて 飛ばすシグナル
ヴァーチャルだなんて言わないで
あなたの音に まだ愛されていたい

覚えていてね わたしの声を
あなたがくれた この身すべてを
言の葉と初の音が交わる
この息と音とヒビカセ

あなたの生んだ音に ただ恋をしていたの
悲しみ怒り甘心 すべて打ち鳴らす


絶えず叫ぶ 声連ねる
余熱交ぜる 愛、絶 艶めく


魅了されていく

忘れないでね わたしの声を
画面越しでいい ちゃんと愛して
ヴァーチャルだって 突き放さないで
あなたの音に まだ溺れていたい

覚えていてね わたしの声を
あなたがくれた この身すべてを
見つめ合う あなたと二人
重ねた息と音を響かせ

あなたの初の音　この声聴かせ 
オトヒビカセ",https://i.ytimg.com/vi/UC_qla6FQwM/default.jpg,https://www.youtube.com/watch?v=UC_qla6FQwM
TkroHwQYpFE,【初音ミク】 ヒビカセ 【オリジナル】,2014-09-23 15:09:44+00:00,2026-03-05T01:55:21.552672,30340568,309226,6855,PT4M16S,256,False,False,False,none,"あにょすぺにょすゃゃ（サークル名）です
夏コミ3日目(8月17日)東ラ-32bで頒布予定の
「No title＋」「No title－」収録楽曲です

Amazon：
No title+ http://amzn.to/1sIbYvQ
No title- http://amzn.to/Va6H3Y

Digital：https://t.co/latPbqgTVn
Streaming：https://tf.lnk.to/SMfYA

：：：

Lyrics by Reol
Music,Arrange by Giga
Illust by Key Mochizuki
Movie by Okiku

：：：

REOL - ヒビカセ / Hibikase

真夜中に告ぐ 音の警告 協和音に酔う 午前零時   
あなたが触れる 光 増す熱 指先に踊らされ

感覚 即 体感
寝静まる夜 二人だけの密
体感 即 快感
重なる波形に魅了されていく

忘れないでね わたしの声を
画面越しでいい ちゃんと愛して
ヴァーチャルだって 突き放さないで
あなたの音に まだ溺れていたい

覚えていてね わたしの声を
あなたがくれた この身すべてを
見つめ合う あなたと二人
重ねた息と音とヒビカセ


真夜中に問う 冷え切った熱
待ち続けてる 午前零時
鏡写しに飽和していく
知らない音が伝う

感覚 即 体感
寝静まる夜と息遣い揃う
体感 即 快感
錆びたロジック 「今一度」を焦がれる

忘れないでね わたしの声を
次元も越えて 飛ばすシグナル
ヴァーチャルだなんて言わないで
あなたの音に まだ愛されていたい

覚えていてね わたしの声を
あなたがくれた この身すべてを
言の葉と初の音が交わる
この息と音とヒビカセ

あなたの生んだ音に ただ恋をしていたの
悲しみ怒り甘心 すべて打ち鳴らす


絶えず叫ぶ 声連ねる
余熱交ぜる 愛、絶 艶めく


魅了されていく

忘れないでね わたしの声を
画面越しでいい ちゃんと愛して
ヴァーチャルだって 突き放さないで
あなたの音に まだ溺れていたい

覚えていてね わたしの声を
あなたがくれた この身すべてを
見つめ合う あなたと二人
重ねた息と音を響かせ

あなたの初の音　この声聴かせ 
オトヒビカセ",https://i.ytimg.com/vi/TkroHwQYpFE/default.jpg,https://www.youtube.com/watch?v=TkroHwQYpFE
ScKuza3I1_Q,ようかい体操第一  / Reol(れをる)+お菊 Cover,2014-08-29 08:20:01+00:00,2026-03-05T01:55:21.552682,1023813,12269,416,PT1M35S,95,False,False,False,none,"Original by dream5

Covered Vocal : Reol,Okiku
Mixing Engineer : Taramassu

niconico http://www.nicovideo.jp/watch/sm24345489",https://i.ytimg.com/vi/ScKuza3I1_Q/default.jpg,https://www.youtube.com/watch?v=ScKuza3I1_Q
-RGctbcrfk8,C86 / No title -XFD-,2014-08-10 06:00:08+00:00,2026-03-05T01:55:21.552695,579996,10339,494,PT5M51S,351,False,False,False,none,"あにょすぺにょすゃゃ(サークル名)です
C86 3日目('14/8/17)東ラ-32bにて頒布するアルバム
「No title＋」「No title－」のXFDです

Amazon：
No title+ http://amzn.to/1sIbYvQ
No title- http://amzn.to/Va6H3Y

Digital：https://t.co/latPbqgTVn
Streaming：https://tf.lnk.to/SMfYA

：：：

All produced by ANYO'S PENYO'S YAYA
Music＆Lyric,Vocal by Reol(@RRReol)
Music＆Arranged by Giga(@GigaMozuku)
Movie＆CD Design by Okiku(@__Lizel)

Guest Art Work by Key Mochiduki(@key_999)
Special Thanks nqrse(#3),L.Petty(#9),△○□×(#10)",https://i.ytimg.com/vi/-RGctbcrfk8/default.jpg,https://www.youtube.com/watch?v=-RGctbcrfk8
9eyyhtOrKPI,[MV] REOL - drop pop candy,2014-07-19 06:46:18+00:00,2026-03-05T01:55:21.552711,44635797,476784,13326,PT3M48S,228,False,False,False,none,"あにょすぺにょすゃゃ（サークル名）です
夏コミ3日目(8月17日)東ラ-32bで頒布予定の
「No title＋」「No title－」収録楽曲です

Amazon：
No title+ http://amzn.to/1sIbYvQ
No title- http://amzn.to/Va6H3Y

Digital：https://t.co/latPbqgTVn
Streaming：https://tf.lnk.to/SMfYA

：：：

Lyrics,Vocal by Reol
Music,Arrange by Giga
Illust by Key Mochizuki
Movie by Okiku

：：：

REOL - drop pop candy

雨降りでも傘はささないの
(初めましてと猫は鳴く)
お気に入りのヒールを濡らすの

何気ないような日常が今ほら
変わりたいと藍色に染まりだす
水たまりに映る一秒間
ただ一度この目で見てみたいだけなの

踊るよ 世界が 揺らいで 廻るの！
届くよ 速度を上げて

駆け出したいの 明日まで ひとっ飛び
昨日の彼も 朝焼けもいないけど それでいいの

ずっと続いてく きっと進んでる
もっと愛してる！ 日々を君を
いっそ七転んで 何回起き上がって
そうやってまた今日を想い合えてる

頬を伝う彼女の雫は
(みてみぬふり猫は鳴く)
俯いたsink 退屈並べた

優しさで紡がれた嘘でも
悲しみに彩られた実でも
水たまりに騒ぐ雨粒の
ふちをそっと指先でなぞるよう

描いて 奏でて きらめく 願いが 叶うよ！
届くよ 高度を上げて

駆け抜けたいの 宇宙まで ひとっ飛び
浮かべた星も 月にも会えないけど それでいいの

ずっと続いてく きっと進んでる
もっと愛してる！ 日々と君と
いっそうずくまって 何回泣きじゃくって
そうやってまた今日と巡りあえてる

僕を照らしてブルームーン
長い夢からもう覚めた
明日の方角へ連れてってよ！
速度を上げて

駆け出したいの 明日まで ひとっ飛び
昨日の彼も 夕焼けもいないけど それでいいの

ずっと続いてく きっと進んでる
もっと愛してる！ 日々も君も
いっそ七転んで 何回起き上がって
そうやってまた今日も巡り合えてる
想い合っていく これからずっと",https://i.ytimg.com/vi/9eyyhtOrKPI/default.jpg,https://www.youtube.com/watch?v=9eyyhtOrKPI
4sq2lPNxi7M,【Rin＊Luka】drop pop candy【オリジナル】,2014-07-19 06:41:54+00:00,2026-03-05T01:55:21.552727,11093091,196977,5145,PT3M48S,228,False,False,False,none,"あにょすぺにょすゃゃ（サークル名）です
夏コミ3日目(8月17日)東ラ-32bで頒布予定の
「No title＋」「No title－」収録楽曲です

niconico：http://www.nicovideo.jp/watch/sm24029703

Amazon：
No title+ http://amzn.to/1sIbYvQ
No title- http://amzn.to/Va6H3Y

Digital：https://t.co/latPbqgTVn
Streaming：https://tf.lnk.to/SMfYA

：：：

Lyrics,Vocal by Reol
Music,Arrange by Giga
Illust by Key Mochizuki
Movie by Okiku

：：：

REOL - drop pop candy

雨降りでも傘はささないの
(初めましてと猫は鳴く)
お気に入りのヒールを濡らすの

何気ないような日常が今ほら
変わりたいと藍色に染まりだす
水たまりに映る一秒間
ただ一度この目で見てみたいだけなの

踊るよ 世界が 揺らいで 廻るの！
届くよ 速度を上げて

駆け出したいの 明日まで ひとっ飛び
昨日の彼も 朝焼けもいないけど それでいいの

ずっと続いてく きっと進んでる
もっと愛してる！ 日々を君を
いっそ七転んで 何回起き上がって
そうやってまた今日を想い合えてる

頬を伝う彼女の雫は
(みてみぬふり猫は鳴く)
俯いたsink 退屈並べた

優しさで紡がれた嘘でも
悲しみに彩られた実でも
水たまりに騒ぐ雨粒の
ふちをそっと指先でなぞるよう

描いて 奏でて きらめく 願いが 叶うよ！
届くよ 高度を上げて

駆け抜けたいの 宇宙まで ひとっ飛び
浮かべた星も 月にも会えないけど それでいいの

ずっと続いてく きっと進んでる
もっと愛してる！ 日々と君と
いっそうずくまって 何回泣きじゃくって
そうやってまた今日と巡りあえてる

僕を照らしてブルームーン
長い夢からもう覚めた
明日の方角へ連れてってよ！
速度を上げて

駆け出したいの 明日まで ひとっ飛び
昨日の彼も 夕焼けもいないけど それでいいの

ずっと続いてく きっと進んでる
もっと愛してる！ 日々も君も
いっそ七転んで 何回起き上がって
そうやってまた今日も巡り合えてる
想い合っていく これからずっと",https://i.ytimg.com/vi/4sq2lPNxi7M/default.jpg,https://www.youtube.com/watch?v=4sq2lPNxi7M
OqeRY0uYc18,abnormalize / Reol(れをる) Band Arrange Cover,2014-07-12 13:00:35+00:00,2026-03-05T01:55:21.552738,2376376,21761,611,PT3M42S,222,False,False,False,none,"！Reproduction prohibited./無断転載はご遠慮ください

Original by 凛として時雨
Covered Vocal:Reol  MAD Movie:お菊
Guitar:中西  Bass:H.J.Freaks  Drums:山葵 from 和楽器バンド


■niconico■ http://www.nicovideo.jp/watch/sm23986776",https://i.ytimg.com/vi/OqeRY0uYc18/default.jpg,https://www.youtube.com/watch?v=OqeRY0uYc18
nCMFMvSmp_I,女子高生チェーンソウデイズ / Reol(れをる) Cover,2014-04-18 12:31:16+00:00,2026-03-05T01:55:21.552749,1854268,13320,226,PT3M37S,217,False,False,False,none,"Original by Music&Lyrics:藤本薪
https://www.nicovideo.jp/watch/sm19109528

Covered Vocal:Reol  Mixing:L.Petty
Illust:Rocoru from HoneyWorks  Movie:Okiku

■niconico■ http://www.nicovideo.jp/watch/sm23350355",https://i.ytimg.com/vi/nCMFMvSmp_I/default.jpg,https://www.youtube.com/watch?v=nCMFMvSmp_I
6HGLeUqoUf8,+♂ver れをる,2014-03-20 14:29:03+00:00,2026-03-05T01:55:21.552767,24673997,365791,10874,PT3M37S,217,False,False,False,none,"Lyrics&Vocal by Reol
Music＆Arranged by Giga
Illust by △○□×
Movie by Okiku

：：：

niconico http://www.nicovideo.jp/watch/sm23133906
アルスマグナ様への書下ろし楽曲です
アルスマグナ公式HP http://ars-magna.jp/

：：：

＋♂ / Plus Danshi

ととと隣のクラス最近ちょっと気になってるあの子
プリティトキメキラメキすまいる「ｷｬﾜｲｲ↑」
いやいやいやいや別に好きとかそんなんじゃないよ？
ただちょっとちょっとちょっと目で追いかけちゃってるだけだってばぁ！
とかいってもうほら君に結構メロメロなんだって
勉強も全然頭に入って来なくてもうやっべー

君に因数分解(されたい！)妄想で公式展開(解！解！)
こうなったら次元の果てまで超えてけれりごー
君ん中直接残さずイってきmaaaaaaath！

pipipiピースで飛ばしますRe:Say一心自制心
ノってくてっテクの波したいたい盛り
なんかなんかなんかなんかドキっとしちゃう
君の君の君の君の ふぁっきん！

見せて見せてもっと見せて見せてちゃんと
見せて魅せてみて ABCDイイやづ
だってガマンちょっとガマンやっぱガマンできない
したいしたい思春期です おとこのこだもん…


さささ三学年の美人で大人で博識やさしい先輩
そんなに顔近づけられたらもうドキドキとまらなくって
Yシャツ襟の隙間チラ見して スカート5cm折ったら最高
見ちゃったが最後「どこみてんのよ！」平手打ち a.k.a ご褒美

今夜のおかずはサンマ？(ノンノン) 
豚肉の生姜焼き？(ノンノン)
Q.先輩に描く放物線 A.上に凸と下に凸
πr2して出した
公式と青春と煩悩 とめらんない本能
俺の×××(shit!shit!) Say Good Bye

pipipiピークで飛ばしますRe:Say一心自制心
ノってくてっテクノBreaking いちぬけアガり
だめだめだめだめクラっとしちゃう
俺の俺の俺の俺の ふぁっきん！

超えて超えてもっと超えて超えて
ちゃんと超えて声あげて ABCDイイやづ
だって聞いてちょっと聞いてやっぱ危険BPM
したいしたい年頃です おとこのこの…

ちょっとだけねぇちょっとだけ見せて
ちょっとだけほら「ちょっと男子～！？」
ちょっとだけねぇちょっとだけ見せて
ちょっとだけ…あとLINEやってる？笑


pipipiピースで飛ばしますRe:Say一心自制心
ノってくてっテクの波したいたい盛り
なんかなんかなんかなんかドキっとしちゃう
君の君の君の君の ふぁっきん！

見せて見せてもっと見せて見せて
ちゃんと見せて魅せてみて ABCDイイやづ
だってガマンちょっとガマンやっぱガマンできない
したいしたい思春期です おとこのこだもん！

M・O・Z・U・K・U　HIJIKI！",https://i.ytimg.com/vi/6HGLeUqoUf8/default.jpg,https://www.youtube.com/watch?v=6HGLeUqoUf8
RIA-vEJB1Aw,【鏡音レン君feat.女子】＋♂【オリジナル】,2014-03-20 14:16:08+00:00,2026-03-05T01:55:21.552784,27080381,533429,14764,PT3M37S,217,False,False,False,none,"Lyrics by Reol
Music＆Arranged by Giga
Illust by △○□×
Movie by Okiku

：：：

niconico http://www.nicovideo.jp/watch/sm23133906
アルスマグナ様への書下ろし楽曲です
アルスマグナ公式HP http://ars-magna.jp/

：：：

＋♂ / Plus Danshi

ととと隣のクラス最近ちょっと気になってるあの子
プリティトキメキラメキすまいる「ｷｬﾜｲｲ↑」
いやいやいやいや別に好きとかそんなんじゃないよ？
ただちょっとちょっとちょっと目で追いかけちゃってるだけだってばぁ！
とかいってもうほら君に結構メロメロなんだって
勉強も全然頭に入って来なくてもうやっべー

君に因数分解(されたい！)妄想で公式展開(解！解！)
こうなったら次元の果てまで超えてけれりごー
君ん中直接残さずイってきmaaaaaaath！

pipipiピースで飛ばしますRe:Say一心自制心
ノってくてっテクの波したいたい盛り
なんかなんかなんかなんかドキっとしちゃう
君の君の君の君の ふぁっきん！

見せて見せてもっと見せて見せてちゃんと
見せて魅せてみて ABCDイイやづ
だってガマンちょっとガマンやっぱガマンできない
したいしたい思春期です おとこのこだもん…


さささ三学年の美人で大人で博識やさしい先輩
そんなに顔近づけられたらもうドキドキとまらなくって
Yシャツ襟の隙間チラ見して スカート5cm折ったら最高
見ちゃったが最後「どこみてんのよ！」平手打ち a.k.a ご褒美

今夜のおかずはサンマ？(ノンノン) 
豚肉の生姜焼き？(ノンノン)
Q.先輩に描く放物線 A.上に凸と下に凸
πr2して出した
公式と青春と煩悩 とめらんない本能
俺の×××(shit!shit!) Say Good Bye

pipipiピークで飛ばしますRe:Say一心自制心
ノってくてっテクノBreaking いちぬけアガり
だめだめだめだめクラっとしちゃう
俺の俺の俺の俺の ふぁっきん！

超えて超えてもっと超えて超えて
ちゃんと超えて声あげて ABCDイイやづ
だって聞いてちょっと聞いてやっぱ危険BPM
したいしたい年頃です おとこのこの…

ちょっとだけねぇちょっとだけ見せて
ちょっとだけほら「ちょっと男子～！？」
ちょっとだけねぇちょっとだけ見せて
ちょっとだけ…あとLINEやってる？笑


pipipiピースで飛ばしますRe:Say一心自制心
ノってくてっテクの波したいたい盛り
なんかなんかなんかなんかドキっとしちゃう
君の君の君の君の ふぁっきん！

見せて見せてもっと見せて見せて
ちゃんと見せて魅せてみて ABCDイイやづ
だってガマンちょっとガマンやっぱガマンできない
したいしたい思春期です おとこのこだもん！

M・O・Z・U・K・U　HIJIKI！",https://i.ytimg.com/vi/RIA-vEJB1Aw/default.jpg,https://www.youtube.com/watch?v=RIA-vEJB1Aw
p-o_bMkzOW0,[MV] LUVORATORRRRRY! ver Reol(れをる) feat.nqrse,2014-03-09 09:36:26+00:00,2026-03-05T01:55:21.552806,92092502,776256,17557,PT3M26S,206,False,False,False,none,"17.10.11リリース、REOL「エンドレスEP」収録　https://itunes.apple.com/jp/album/id1290128838?l=ja&ls=1&app=itunes 

! There were some mistakes in this movie.
! 映像内の歌詞テロップミスがございます。

Music&Lyrics,Vocal by Reol
Music&Arranged by Giga
Featuring Rap by nqrse

：：：

REOL - LUVORATORRRRRY!

振り切ったメータープログラミング
「好き」なんてねお決まりの文句
ボルト？ナット？そんなんじゃBad！
君に視線 戦況は危険！

高鳴ってく鼓動 射止めてよyou know？
色仕掛けのフロウでおとすのよメロウ
君君だけSICKさせちゃうverse KICK！
ねぇこっち向いてGive us kiss！

嘘つきな唇で もっとあたしを騙してみせてよ
君じゃなきゃヤダなんて ワガママももっと言わせて？

[Reol verse]
Q.トレンドは？ A.勿論 You＆I yes!
ご名答 名はもう宇宙にだって！
全思想 射抜く電子脳、制御
逸らすフォーカスも捕獲トラップ

[nqrse verse]
君と2人で秘密の Danse!
耳凝らしてListen up！ Clap！
「意味もなく息漏らすくらいなら踊ろう」
恋はまるでfree fall


恋は連覇、百戦錬磨とか
嘘ついて嘯いて傾いてfall down
君はいつも通りの困り顔向けて
「はいはい」「ちょっと聞いてるの！？」
でもそんなとこも憎めないから
一枚上な君にうたれちゃうから
言い返せない とても言えない！
君に見せる怒ったface は fake

Wow...yeah...Wow...

もっとあたしに縋ってよ　More More　欲しがってよ
(Love me Love me Love me Do!)
(Give me Give me Give me Hug!)
もっとあたしに困ってよ　Wanna Wanna Be　せがんでよ
(Love me Love me Love me Do!)
(Give me Give me Give me Hug!)

Love Me Baby Baby
Give Me Very Very
息吐く間もないほどにどうぞやっちゃって

Beasty Gimmick Gimmick
Knock Out Gimmi Gimmi
このまま壊されたいKnock Down

Love Me Baby Baby
Give Me Very Very
息もできないようなやつかましてやって

Beasty Gimmick Gimmick
Knock Out Gimmi Gimmi
このまま壊されたいKnock Down

あたしの声をもっと聴いて
君の言葉で惑わせてよBaby
プログラムされたんじゃ意味がない
欲しいのはI(あたし)だけに向けた「愛」
強がってばっかなのmy mind
ほんとは気付いてんでしょ？my Daring
エンタルピー変わって「Why!?」もうわかんないよ
ただ君が傍にいればいいのに…

[nqrse verse]
もうバックアップ無視で大人のコマンドPush
一生増すコアの電圧　オーバークロック
全部好みのパーツにカスタマイズ
した俺にGirlsからの微かな合図
とっくにcrazy　空の頭の中で不定期
に起こりうるイベント　爆音散らすracing
メーターなんてもう振り切ってる
この胸の鼓動 like a boomin'system

Love Me Baby Baby
Give Me Very Very
息吐く間もないほどにどうぞやっちゃって

Beasty Gimmick Gimmick
Knock Out Gimmi Gimmi
このまま壊されたいKnock Down

Love Me Baby Baby
Give Me Very Very
息もできないようなやつかましてやって

Beasty Gimmick Gimmick
Knock Out Gimmi Gimmi
このまま壊されたいKnock Down",https://i.ytimg.com/vi/p-o_bMkzOW0/default.jpg,https://www.youtube.com/watch?v=p-o_bMkzOW0
LHdlw9F3KP4,【GUMI&RINオリジナル】LUVORATORRRRRY!【ボカラボ】,2014-02-22 09:07:44+00:00,2026-03-05T01:55:21.552827,3225507,62331,1284,PT3M28S,208,False,False,False,none,"! There were some mistakes in this movie.
! 映像内の歌詞テロップミスがございます。

Music&Lyrics,Vocal by Reol
Music&Arranged by Giga

：：：

LUVORATORRRRRY!

振り切ったメータープログラミング
「好き」なんてねお決まりの文句
ボルト？ナット？そんなんじゃBad！
君に視線 戦況は危険！

高鳴ってく鼓動 射止めてよyou know？
色仕掛けのフロウでおとすのよメロウ
君君だけSICKさせちゃうverse KICK！
ねぇこっち向いてGive us kiss！

嘘つきな唇で もっとあたしを騙してみせてよ
君じゃなきゃヤダなんて ワガママももっと言わせて？

[Reol verse]
Q.トレンドは？ A.勿論 You＆I yes!
ご名答 名はもう宇宙にだって！
全思想 射抜く電子脳、制御
逸らすフォーカスも捕獲トラップ

[nqrse verse]
君と2人で秘密の Danse!
耳凝らしてListen up！ Clap！
「意味もなく息漏らすくらいなら踊ろう」
恋はまるでfree fall


恋は連覇、百戦錬磨とか
嘘ついて嘯いて傾いてfall down
君はいつも通りの困り顔向けて
「はいはい」「ちょっと聞いてるの！？」
でもそんなとこも憎めないから
一枚上な君にうたれちゃうから
言い返せない とても言えない！
君に見せる怒ったface は fake

Wow...yeah...Wow...

もっとあたしに縋ってよ　More More　欲しがってよ
(Love me Love me Love me Do!)
(Give me Give me Give me Hug!)
もっとあたしに困ってよ　Wanna Wanna Be　せがんでよ
(Love me Love me Love me Do!)
(Give me Give me Give me Hug!)

Love Me Baby Baby
Give Me Very Very
息吐く間もないほどにどうぞやっちゃって

Beasty Gimmick Gimmick
Knock Out Gimmi Gimmi
このまま壊されたいKnock Down

Love Me Baby Baby
Give Me Very Very
息もできないようなやつかましてやって

Beasty Gimmick Gimmick
Knock Out Gimmi Gimmi
このまま壊されたいKnock Down

あたしの声をもっと聴いて
君の言葉で惑わせてよBaby
プログラムされたんじゃ意味がない
欲しいのはI(あたし)だけに向けた「愛」
強がってばっかなのmy mind
ほんとは気付いてんでしょ？my Daring
エンタルピー変わって「Why!?」もうわかんないよ
ただ君が傍にいればいいのに…

[nqrse verse]
もうバックアップ無視で大人のコマンドPush
一生増すコアの電圧　オーバークロック
全部好みのパーツにカスタマイズ
した俺にGirlsからの微かな合図
とっくにcrazy　空の頭の中で不定期
に起こりうるイベント　爆音散らすracing
メーターなんてもう振り切ってる
この胸の鼓動 like a boomin'system

Love Me Baby Baby
Give Me Very Very
息吐く間もないほどにどうぞやっちゃって

Beasty Gimmick Gimmick
Knock Out Gimmi Gimmi
このまま壊されたいKnock Down

Love Me Baby Baby
Give Me Very Very
息もできないようなやつかましてやって

Beasty Gimmick Gimmick
Knock Out Gimmi Gimmi
このまま壊されたいKnock Down",https://i.ytimg.com/vi/LHdlw9F3KP4/default.jpg,https://www.youtube.com/watch?v=LHdlw9F3KP4
sg6FzveEYr8,DOGS / Reol(れをる)+96猫 Cover,2014-02-21 18:07:12+00:00,2026-03-05T01:55:21.552838,3090195,23578,487,PT3M58S,238,False,False,False,none,"Original by Music&Lyrics:yukkedolce
https://youtu.be/wopI3ZeMyXQ

Covered Vocal:Reol,96猫  Mixing:Giga
Illust:砂糖イルノ  Movie:Okiku

！Reproduction prohibited./無断転載はご遠慮ください",https://i.ytimg.com/vi/sg6FzveEYr8/default.jpg,https://www.youtube.com/watch?v=sg6FzveEYr8
N96FtqmeFNk,毒占欲 / Reol(れをる) Cover,2014-02-21 09:34:11+00:00,2026-03-05T01:55:21.552848,4369599,27030,434,PT4M29S,269,False,False,False,none,"Original by DECO*27
https://youtu.be/3bEikMqDd3M

Covered Vocal:Reol
Mixing Engineer:Giga　

！Reproduction prohibited./無断転載はご遠慮ください",https://i.ytimg.com/vi/N96FtqmeFNk/default.jpg,https://www.youtube.com/watch?v=N96FtqmeFNk
K3G00S1vaw8,サイバーサンダーサイダー / Reol(れをる) Cover,2014-02-09 15:41:55+00:00,2026-03-05T01:55:21.552859,3721577,26287,544,PT3M23S,203,False,False,False,none,"！Reproduction prohibited./無断転載はご遠慮ください

Original by EZFG
https://www.nicovideo.jp/watch/sm15440067

Coverd Vocal:Reol
Mixing:Giga",https://i.ytimg.com/vi/K3G00S1vaw8/default.jpg,https://www.youtube.com/watch?v=K3G00S1vaw8
6177L73_DNY,リモコン / Reol(れをる)+kradness Cover,2014-02-03 01:42:49+00:00,2026-03-05T01:55:21.552870,9911586,72437,1556,PT5M20S,320,False,False,False,none,"！Reproduction prohibited./無断転載はご遠慮ください

Original by Music&Lyrics:じーざすP from ワン☆オポ
https://youtu.be/1st0XSY0VKQ

Covered Vocal:Reol,kradness
Mixing:Giga

■Original■ http://www.youtube.com/watch?v=1st0XSY0VKQ
■niconico■ http://www.nicovideo.jp/watch/sm22788209",https://i.ytimg.com/vi/6177L73_DNY/default.jpg,https://www.youtube.com/watch?v=6177L73_DNY
JES55S-l5RM,一心不乱 / Reol(れをる)+ill.bell+nqrse Cover,2013-12-22 10:34:19+00:00,2026-03-05T01:55:21.552881,32091872,247526,4426,PT3M19S,199,False,False,False,none,"Original by Music&Lyrics:梅とら
https://youtu.be/6Lv2j2y0_cw

Covered Vocal:Reol  Rap:ill.bell,nqrse
Mixing:Giga  Illust:Key  Movie:Okiku",https://i.ytimg.com/vi/JES55S-l5RM/default.jpg,https://www.youtube.com/watch?v=JES55S-l5RM
o5go3Es8gA8,ジッタードール / Reol(れをる) Cover,2013-10-20 22:00:55+00:00,2026-03-05T01:55:21.552891,10751610,93938,2481,PT4M1S,241,False,False,False,none,"Original by niki feat Lily
https://youtu.be/tHYDGMt15dE

Covered Vocal:Reol　Mixing:Giga
Illust:Key　Movie:Okiku

！Reproduction prohibited./無断転載はご遠慮ください",https://i.ytimg.com/vi/o5go3Es8gA8/default.jpg,https://www.youtube.com/watch?v=o5go3Es8gA8
14ZCG4cmeyo,8HIT 歌ってみた / Reol(れをる)+ななひら Cover,2013-09-27 03:04:22+00:00,2026-03-05T01:55:21.552902,793785,5851,97,PT4M,240,False,False,False,none,"！Reproduction prohibited./無断転載はご遠慮ください

Original by じーざすP feat.Rin Kagamine,Len Kagamine
https://youtu.be/UDskSD_F9KA

Coverd Vocal:Reol,Nanahira
Mixing:Reol",https://i.ytimg.com/vi/14ZCG4cmeyo/default.jpg,https://www.youtube.com/watch?v=14ZCG4cmeyo
PDLyBGZZH7g,聖槍爆裂ボーイ / Reol(れをる) Cover,2013-09-02 11:20:06+00:00,2026-03-05T01:55:21.552912,2906185,22881,655,PT3M30S,210,False,False,False,none,"！Reproduction prohibited./無断転載はご遠慮ください

Original by れるりり feat.Len Kagamine
https://youtu.be/MqNmKnCNLyM

Coverd Vocal:Reol
Mixing:nqrse　Mastering:Giga",https://i.ytimg.com/vi/PDLyBGZZH7g/default.jpg,https://www.youtube.com/watch?v=PDLyBGZZH7g
vWqml00cjvw,パレットには君がいっぱい / Reol(れをる) Cover,2013-08-22 15:50:23+00:00,2026-03-05T01:55:21.697911,1170167,10236,180,PT3M42S,222,False,False,False,none,"！Reproduction prohibited./無断転載はご遠慮ください

Original by 椎名もた feat.Miku Hatsune
https://youtu.be/jXei_HiYzR4

Coverd Vocal:Reol
Mixing:L.Petty",https://i.ytimg.com/vi/vWqml00cjvw/default.jpg,https://www.youtube.com/watch?v=vWqml00cjvw
z2xd9_MZtvQ,cLick cRack ver NORISHIO味,2013-07-22 09:20:32+00:00,2026-03-05T01:55:21.697941,1222181,13634,274,PT4M37S,277,False,False,False,none,"■niconico■ http://www.nicovideo.jp/watch/sm21402937
■同時UP■ http://www.nicovideo.jp/watch/sm21403089

✶ 7/24リリース「ぎがばなな ざ べすと」に収録
　　クロスフェード http://www.nicovideo.jp/watch/sm21337204
　　詳細はこちらhttp://p.tl/mJnC
2013.07.21",https://i.ytimg.com/vi/z2xd9_MZtvQ/default.jpg,https://www.youtube.com/watch?v=z2xd9_MZtvQ
TXzyozsxA5k,【リンレンGUMIルカミク】cLick cRack【オリジナル】,2013-07-22 09:08:32+00:00,2026-03-05T01:55:21.697956,532323,10545,189,PT4M37S,277,False,False,False,none,"！Reproduction prohibited./無断転載はご遠慮ください

■nico nico■ http://www.nicovideo.jp/watch/sm21403089
■同時UP■ http://www.nicovideo.jp/watch/sm21402937

✶ 7/24リリース「ぎがばなな ざ べすと」に収録
　　クロスフェード http://www.nicovideo.jp/watch/sm21337204
　　詳細はこちら http://p.tl/gsgQ
2013.07.21",https://i.ytimg.com/vi/TXzyozsxA5k/default.jpg,https://www.youtube.com/watch?v=TXzyozsxA5k
GfsYZ_FRJLA,ラズベリー＊モンスター / Reol(れをる) Cover,2013-06-21 14:25:14+00:00,2026-03-05T01:55:21.697969,1662779,11521,177,PT2M57S,177,False,False,False,none,"Original by Gom from HoneyWorks feat Miku Hatsune
https://youtu.be/P4dhSf8pEeE

Coverd Vocal:Reol
Mixing:Gom from HoneyWorks",https://i.ytimg.com/vi/GfsYZ_FRJLA/default.jpg,https://www.youtube.com/watch?v=GfsYZ_FRJLA
ZOaerF49taY,ロストワンの号哭 / Reol(れをる) Cover,2013-05-24 15:39:24+00:00,2026-03-05T01:55:21.697982,9652691,81409,1346,PT3M38S,218,False,False,False,none,"！Reproduction prohibited. 他サイトへの無断転載はご遠慮ください

Original by Neru feat Rin Kagamine
https://youtu.be/8oBV3jPTW4s

Covered Vocal : Reol　Mixing Engineer : L.Petty",https://i.ytimg.com/vi/ZOaerF49taY/default.jpg,https://www.youtube.com/watch?v=ZOaerF49taY
gfSPeQkuyZ4,【リンちゃんfeat.レンくん】ぴんこすてぃっくLuv【オリジナル】,2013-04-19 10:14:19+00:00,2026-03-05T01:55:21.697996,484218,9201,218,PT3M29S,209,False,False,False,none,"！Reproduction prohibited./無断転載はご遠慮ください

■niconico■ http://www.nicovideo.jp/watch/sm20644278
■同時UP■ http://www.nicovideo.jp/watch/sm20644295

♥6/26にぎがばななのメジャーアルバム
「ぎがばなな　ざ　べすと　～USUSHIO味～」出まーす
ぴんこすてぃっくLuvも入ってるよ 詳細→http://p.tl/gsgQ　　 
2013/04/19",https://i.ytimg.com/vi/gfSPeQkuyZ4/default.jpg,https://www.youtube.com/watch?v=gfSPeQkuyZ4
Txohsn6bHns,ぴんこすてぃっくLuv ver れをる,2013-04-19 10:08:24+00:00,2026-03-05T01:55:21.698008,2531216,22239,459,PT3M29S,209,False,False,False,none,"■niconico■ http://www.nicovideo.jp/watch/sm20644295
■同時UP■ http://www.nicovideo.jp/watch/sm20644278

♥　6/26にぎがばななメジャーアルバム
「ぎがばなな　ざ　べすと　～USUSHIO味～」リリース決定！
ぴんこすてぃっくLuvも収録　詳細→http://p.tl/gsgQ
2013/04/19",https://i.ytimg.com/vi/Txohsn6bHns/default.jpg,https://www.youtube.com/watch?v=Txohsn6bHns
T2vH1LVu_7M,Sweet Devil / Reol(れをる) Cover,2013-03-26 13:35:02+00:00,2026-03-05T01:55:21.698019,24271803,151287,2379,PT4M9S,249,False,False,False,none,"！Reproduction prohibited. 他サイトへの無断転載はご遠慮ください

Original by Hachiouji p feat.Miku Hatsune
https://youtu.be/atXcWO54Ek0

Covered Vocal : Reol　Mixing : Giga
Illust : 望月けい　Movie : お菊",https://i.ytimg.com/vi/T2vH1LVu_7M/default.jpg,https://www.youtube.com/watch?v=T2vH1LVu_7M
DtqEHCa8Wio,エンヴィキャットウォーク / Reol(れをる) Cover,2013-02-24 17:01:49+00:00,2026-03-05T01:55:21.698030,3462282,24480,392,PT3M47S,227,False,False,False,none,"！Reproduction prohibited. 他サイトへの無断転載はご遠慮ください

Original by Toma feat.Miku Hatsune
https://www.nicovideo.jp/watch/sm15956806

Coverd Vocal : Reol　Mixing : Giga
Special Thanks : Moyashi",https://i.ytimg.com/vi/DtqEHCa8Wio/default.jpg,https://www.youtube.com/watch?v=DtqEHCa8Wio
FEmz8b2w24M,深海シティアンダーグラウンド / Reol(れをる) Cover,2013-01-25 10:17:17+00:00,2026-03-05T01:55:21.698041,3742486,24033,472,PT4M40S,280,False,False,False,none,"！Reproduction prohibited. 他サイトへの無断転載はご遠慮ください

Original by Tanaka B feat.Rin Kagamine
https://youtu.be/qh6Sy67s6zM

Covered Vocal & Illust : Reol　Mixing : むつえもん
Illust & Movie : お菊",https://i.ytimg.com/vi/FEmz8b2w24M/default.jpg,https://www.youtube.com/watch?v=FEmz8b2w24M
uLqDlcT140Y,【鏡音レン様】ギガンティックO.T.N【オリジナル】,2012-12-09 03:41:37+00:00,2026-03-05T01:55:21.698052,8793533,156322,6044,PT3M21S,201,False,False,False,none,"■niconico■ http://www.nicovideo.jp/watch/sm19532707
■同時UP■ http://www.nicovideo.jp/watch/sm19532708

2012/12/08　Reproduction prohibited.",https://i.ytimg.com/vi/uLqDlcT140Y/default.jpg,https://www.youtube.com/watch?v=uLqDlcT140Y
2auo4lkBvZ4,〔オリジナル〕ギガンティックO.T.N ver れをる,2012-12-09 03:20:47+00:00,2026-03-05T01:55:21.698073,11831154,126117,3476,PT3M21S,201,False,False,False,none,"：：：

Music&Arranged by Giga
Lyrics by Reol

：：：

REOL - ギガンティックO.T.N

存外見掛け倒しな虚勢張ってるロマンス
組み替えちゃって遺伝子　オンリーロンリーエマージェンシー
トゥケトゥケな電波に乗った感情論
僕のアッピル* 見逃さないでよ　やだやだやだやだ

人間なんてだれだって　こういうのが好きなんだって
一人善がりオーガズミネイション　溢れてドヴァドヴァ
年季入りなあざとさ　「好き」の塗りたくり
決めるぜ僕の８点ラヴヴァリガルマンダ

膨らんじゃった　やばおぴ加減最高潮なのをくれてやる！
好きって言葉で嬲って　迎え撃つから君のアイデンティティティーン
侮らないで　夢見がちボーイ　意外とありなんだって
気付いて　妄想フラストレイション　毛頭暴走止まらないギガンティック
よそみ厳禁見てててて　ね？　

321で目覚めて　恋に落ちたりなんかして
わし掴んでシークレット　あ、なんだやっぱり単純で
僕にとって僕が　揺るぎない絶対王政
だからね君だって　僕が大好きでしょ？

見せたげる聖域　僕だけの領域
息遣いドキドキ　優しくしてbaka
山盛りなあいうぉんちゅ　アガっちゃって恥らっちゃって
狂っちゃえばイージーモード　油断大敵マジモード

ワンタッチでリッチなビッチドロリッチ
とろとろに溶かして愛 need you？
誤算過ぎた僕のエラートラップ
なめないで　ここは限界突破ラブゲーム

加速しちゃって　やばおぴ加減最高超なのを見せてやれ！
駆け引き上手な僕がルール　狙い撃ち君をプラマイプラスで
引き返せない二人だけの秘密　意外とありかもなんて
気付いた？　罪作りラブポーション　一切合切とめどないギガンティック
目移りなんて許さない　ね？


おちんとはギガンティックO.T.Nの略称である
主に△○□×などで取り扱われており、男女兼用である
最近では取り外しが可能なものや携帯型など
ありとあらゆる種類のおちんが流通してきているが
取り外し型のおちんを取り外したまま紛失するケースも少なくないため
しっかりとロックをかけておくことをお勧めする
なお、いわゆる性的な象徴としてのおちんとは全くの別物であるため注意が必要
また、以上の文章はすべて適当である


膨らんじゃった　やばおぴ加減最高潮なのをくれてやる！
好きって言葉で嬲って　迎え撃つから君のアイデンティティティーン
侮らないで　夢見がちボーイ　意外とありなんだって
気付いて　妄想フラストレイション　毛頭暴走止まらないギガンティック
指きりげんまん嘘ついたら40口径ピストル乱れ撃ち",https://i.ytimg.com/vi/2auo4lkBvZ4/default.jpg,https://www.youtube.com/watch?v=2auo4lkBvZ4
aENRHKKWQwc,小夜子 / Reol(れをる) Cover,2012-11-20 15:15:31+00:00,2026-03-05T01:55:21.698084,941090,7291,120,PT4M17S,257,False,False,False,none,"！Reproduction prohibited. 他サイトへの無断転載はご遠慮ください

Original by Mikito p feat.Miku Hatsune
https://youtu.be/dHm6BjJqIsE

Coverd Vocal : Reol　Mixing : PANDA@Mixer
Illust : 望月けい　Movie : お菊",https://i.ytimg.com/vi/aENRHKKWQwc/default.jpg,https://www.youtube.com/watch?v=aENRHKKWQwc
P_-LAnuu9z0,lllトゥルティンアンテナlll / Reol(れをる) Cover,2012-11-20 15:12:14+00:00,2026-03-05T01:55:21.698095,2763418,28989,580,PT3M47S,227,False,False,False,none,"！Reproduction prohibited./無断転載はご遠慮ください

Original by Lettuce p
https://www.nicovideo.jp/watch/sm18972745

Coverd Vocal : Reol　Mixing : Giga",https://i.ytimg.com/vi/P_-LAnuu9z0/default.jpg,https://www.youtube.com/watch?v=P_-LAnuu9z0
5gjJ7Y9xGhk,WAVE / Reol(れをる) Cover,2012-11-20 15:09:54+00:00,2026-03-05T01:55:21.698106,2348800,15729,281,PT3M16S,196,False,False,False,none,"！Reproduction prohibited./無断転載はご遠慮ください

Original by niki feat.Lily
https://youtu.be/Tjoq6bhKyHg

Coverd Vocal : Reol　Mixing : Madotsuki",https://i.ytimg.com/vi/5gjJ7Y9xGhk/default.jpg,https://www.youtube.com/watch?v=5gjJ7Y9xGhk
FH6gvjOS8eY,いーあるふぁんくらぶ / Reol(れをる) Cover,2012-11-20 15:07:59+00:00,2026-03-05T01:55:21.698116,4847481,46776,981,PT3M59S,239,False,False,False,none,"！Reproduction prohibited./無断転載はご遠慮ください

Original by Mikito p feat.GUMI,Rin Kagamine
https://youtu.be/oBgADhsOoog

Coverd Vocal : Reol　Mixing : Giga",https://i.ytimg.com/vi/FH6gvjOS8eY/default.jpg,https://www.youtube.com/watch?v=FH6gvjOS8eY
xuX-9JuqQnQ,ネトゲ廃人シュプレヒコール / Reol(れをる) Cover,2012-11-20 15:03:20+00:00,2026-03-05T01:55:21.698128,4940356,40299,835,PT4M55S,295,False,False,False,none,"！Reproduction prohibited./無断転載はご遠慮ください

Original by Satsuki ga Tenomori feat.Miku Hatsune
https://youtu.be/WdAy_55dxqA

Covered Vocal : Reol　Mixing : Giga
Illust : Rojiko  Movie : Okiku",https://i.ytimg.com/vi/xuX-9JuqQnQ/default.jpg,https://www.youtube.com/watch?v=xuX-9JuqQnQ
4pXwG5koLsc,ジャバヲッキージャバヲッカ / Reol(れをる) Cover,2012-11-20 14:59:16+00:00,2026-03-05T01:55:21.698139,1066037,10178,244,PT3M8S,188,False,False,False,none,"！Reproduction prohibited./無断転載はご遠慮ください

Original by Karasuya Sabou feat.Rin Kagamine,Len Kagamine
https://www.nicovideo.jp/watch/sm15155336

Coverd Vocal : Reol　Mixing : Madotsuki
Illust : Key Mochizuki　Movie : Okiku",https://i.ytimg.com/vi/4pXwG5koLsc/default.jpg,https://www.youtube.com/watch?v=4pXwG5koLsc
40sYUYQiwpA,magician's operation / Reol(れをる) Cover,2012-11-20 14:49:34+00:00,2026-03-05T01:55:21.698150,601763,4480,93,PT3M24S,204,False,False,False,none,"！Reproduction prohibited./無断転載はご遠慮ください

Original by EZFG feat.Luka Megurine
https://www.nicovideo.jp/watch/sm17849759

Coverd Vocal : Reol
Mixing : Madotsuki",https://i.ytimg.com/vi/40sYUYQiwpA/default.jpg,https://www.youtube.com/watch?v=40sYUYQiwpA
IkyPpjhWJaQ,ゆるふわ樹海ガール / Reol(れをる) Cover,2012-11-20 14:42:28+00:00,2026-03-05T01:55:21.698161,1215182,11800,398,PT3M27S,207,False,False,False,none,"！Reproduction prohibited./無断転載はご遠慮ください

Original by Ishiburo feat Miku Hatsune
https://www.nicovideo.jp/watch/sm15880465

Coverd Vocal : Reol
Mixing : robo",https://i.ytimg.com/vi/IkyPpjhWJaQ/default.jpg,https://www.youtube.com/watch?v=IkyPpjhWJaQ
